tevelocity:, 1, #(0.30112590835332737 -2.4216627886935576e-7 0.0), #(0.3258713901611866 -2.295856946745447e-5 0.0), #(0.3240965344612524 1.6340208837752056e-5 0.0), #(0.30961667424668554 -2.997182582710568e-5 0.0), #(0.30830418093895007 3.205968195562437e-5 0.0), #(0.2850634191368841 8.496886150844134e-5 0.0), #(0.28694298052925155 -9.300008877430277e-5 0.0), #(0.2589285269700845 0.0010872071541296654 0.0), #(0.26192327206228283 -0.0010863130958699316 0.0), #(0.23107529368681265 -8.680499298051389e-4 0.0), #(0.23741500887899813 8.613145435524878e-4 0.0), #(0.20899920200819708 5.7826946475072224e-5 0.0), #(0.20736546270906323 -5.4016324238862185e-5 0.0), #(0.18380681644852723 -2.3258472550506098e-4 0.0), #(0.18168135829967316 2.3889818715323936e-4 0.0), #(0.15709265306964457 -5.8374059295679925e-5 0.0), #(0.15706275636879272 5.686202565221383e-5 0.0), #(0.12952449555209142 8.259726277929615e-4 0.0), #(0.12915440855341237 -8.384502571981136e-4 0.0), #(0.09897226543942726 0.0018432093813391713 0.0), #(0.09557291277926362 -0.0018326837246812502 0.0), #(0.07506553257246665 1.663424354036934e-5 0.0), #(-0.2593234928513234 -3.4465100953611527e-6 0.0), #(0.020879445814343027 -1.1359240313098372e-5 0.0), #(0.04972073947218119 -1.5122109406338766e-4 0.0), #(-0.030689381961508454 -8.417028696080701e-4 0.0), #(-0.16680898230843755 6.970144518526955e-4 0.0), #(-0.19123312044356577 -2.35145594700612e-4 0.0), #(-0.21487291288527566 9.553522006973593e-5 0.0), #(-0.2130152202717361 -1.1389282263509509e-5 0.0)
tevelocity:, 2, #(0.30057035315427516 -1.0712068617507859e-6 0.0), #(0.3257107480391092 -1.8852202948926516e-5 0.0), #(0.3238826154496889 1.6563205293795642e-5 0.0), #(0.30989480019558036 -2.7485290895334027e-5 0.0), #(0.3084011941279759 3.099085562195278e-5 0.0), #(0.2856326400088669 8.407411157950401e-5 0.0), #(0.28753190070362855 -8.523053491804068e-5 0.0), #(0.25975463381656055 8.395734312924978e-4 0.0), #(0.26274746856301995 -8.405134124638348e-4 0.0), #(0.2320618251253461 -8.520686627450231e-4 0.0), #(0.23821563821836544 8.501992696099608e-4 0.0), #(0.2096485440169187 5.5970506169895977e-5 0.0), #(0.2081222553001831 -5.4543157893749923e-5 0.0), #(0.18400274897070126 -2.500300824408673e-4 0.0), #(0.1818952563052661 2.506794040077667e-4 0.0), #(0.1563087455519574 -5.115610322518368e-5 0.0), #(0.1562997097710981 5.124141601454142e-5 0.0), #(0.12692905589647105 8.17875544389026e-4 0.0), #(0.12650249964739088 -8.158207116097807e-4 0.0), #(0.09318203671555009 0.0018055468658880254 0.0), #(0.08990576159184753 -0.0017772594855836996 0.0), #(0.06684474911256562 1.457907034754119e-5 0.0), #(-0.2564203688840316 1.049782014049596e-6 0.0), #(0.007888863364370413 -1.157932240218064e-5 0.0), #(0.030639553984571733 -7.242594514437924e-5 0.0), #(-0.15262749674147685 -9.725061928620994e-4 0.0), #(-0.06751966216525959 9.64726079026893e-4 0.0), #(-0.19368604248143126 -7.118566160006841e-5 0.0), #(-0.22211054468199673 4.2999369562096684e-5 0.0), #(-0.20386607382460853 -4.299400490919376e-6 0.0)
tevelocity:, 3, #(0.3000247602920146 -9.80597780252658e-7 0.0), #(0.3255266538524423 -1.8926214275393522e-5 0.0), #(0.32365188778370135 1.6280632717236426e-5 0.0), #(0.3101295172518232 -2.7029468925031426e-5 0.0), #(0.3084609103329049 3.049686603953766e-5 0.0), #(0.2861449816863864 8.106969500907714e-5 0.0), #(0.2880601322329673 -8.251225633461505e-5 0.0), #(0.2605039216480835 6.772747656863665e-4 0.0), #(0.26349247047988916 -6.782053520737677e-4 0.0), #(0.2329489551311566 -8.346428849999699e-4 0.0), #(0.23890726269257026 8.338120337165179e-4 0.0), #(0.21014858529807726 6.053854080853985e-5 0.0), #(0.20874598064631544 -6.024394747766287e-5 0.0), #(0.18399035014933726 -2.6660413451413023e-4 0.0), #(0.18189688397801237 2.6724886289134197e-4 0.0), #(0.1552093794751638 -4.6392151775522345e-5 0.0), #(0.15523294447080083 4.676207125130287e-5 0.0), #(0.12388880356730568 8.039773575292352e-4 0.0), #(0.12335816849962125 -8.009831733700927e-4 0.0), #(0.0863991170752496 0.0017576671319803059 0.0), #(0.08338872419800739 -0.0017394418253927598 0.0), #(0.05755878885769727 1.6405969745517414e-5 0.0), #(-0.25272159573221453 1.732491343428354e-6 0.0), #(-0.006936944746336158 -1.200895082495651e-5 0.0), #(-0.002072750119165743 -1.2065867632354755e-6 0.0), #(-0.12802721464406897 -4.559491400257243e-4 0.0), #(-0.09997721784677611 3.804282566499307e-4 0.0), #(-0.19463025680654233 -7.596232642593364e-5 0.0), #(-0.2248956915050004 5.1625846276850586e-5 0.0), #(-0.1941568575123768 -1.4698965364810201e-5 0.0)
tevelocity:, 4, #(0.29948577418289785 -9.220683744950027e-7 0.0), #(0.32531837657598683 -1.879983560623266e-5 0.0), #(0.3234018610346526 1.593685780665617e-5 0.0), #(0.3103191639507864 -2.6594332376551476e-5 0.0), #(0.3084822793407049 3.0167440489912853e-5 0.0), #(0.28659927144406744 7.827321351890196e-5 0.0), #(0.28852636391766867 -7.971183517078149e-5 0.0), #(0.2611758428274636 5.631800179221875e-4 0.0), #(0.2641557085391413 -5.640794771436916e-4 0.0), #(0.23373674346507856 -8.162935469490377e-4 0.0), #(0.23949950151370308 8.15518726219014e-4 0.0), #(0.2105202141215482 6.630204786193043e-5 0.0), #(0.20924181645952195 -6.635036641705153e-5 0.0), #(0.1837881111243923 -2.881095267471776e-4 0.0), #(0.1817090194832566 2.8880247719135853e-4 0.0), #(0.15379347550567593 -4.2251285432423756e-5 0.0), #(0.15384364595180336 4.2664372797076104e-5 0.0), #(0.12030017831332002 7.909601850500653e-4 0.0), #(0.11958325387894747 -7.875797705445809e-4 0.0), #(0.0784897902249799 0.0017078759386452778 0.0), #(0.0760818524404664 -0.0016898528871562215 0.0), #(0.04700636677000451 1.5347119529596186e-5 0.0), #(-0.24817584609136226 1.9900234767534286e-6 0.0), #(-0.02328477953028497 -9.512669497048733e-6 0.0), #(-0.05511731179243306 5.578216178526996e-5 0.0), #(-0.08703202057250112 -3.5403087986798405e-4 0.0), #(-0.12377728520096083 2.3836491358142676e-4 0.0), #(-0.22437382944899048 -2.1834460013947078e-5 0.0), #(-0.19454538095391116 3.058150036926359e-6 0.0), #(-0.18464763099402906 -2.0698288225053417e-5 0.0)
tevelocity:, 5, #(0.2989522965704496 -8.700067601381662e-7 0.0), #(0.32508653951926486 -1.8732669316039214e-5 0.0), #(0.32313233877703085 1.5630840960508015e-5 0.0), #(0.31046416099952545 -2.62157593050178e-5 0.0), #(0.3084660269632681 2.990948434741578e-5 0.0), #(0.28699594255522876 7.56135654198518e-5 0.0), #(0.28893102659842473 -7.705064254993558e-5 0.0), #(0.2617703724218652 4.7912344012936457e-4 0.0), #(0.2647359518305889 -4.7999436427638767e-4 0.0), #(0.2344229073535228 -7.970686268171877e-4 0.0), #(0.23998087317014577 7.963110255245619e-4 0.0), #(0.2107469008158164 7.175239621796133e-5 0.0), #(0.2095935402605586 -7.198710357357875e-5 0.0), #(0.18337061300770444 -3.1696474515238303e-4 0.0), #(0.18130881871662005 3.17670690978478e-4 0.0), #(0.15202939901531984 -3.82968795900832e-5 0.0), #(0.15209917432121034 3.87543702576303e-5 0.0), #(0.11612858695429872 7.789164067702222e-4 0.0), #(0.11511450949066966 -7.753526218276293e-4 0.0), #(0.06928031641270858 0.001654278041978744 0.0), #(0.06785849627323984 -0.001636873098690936 0.0), #(0.035108199845218624 1.450182287362196e-5 0.0), #(-0.24249134737280117 2.225895459973454e-6 0.0), #(-0.04078380420890185 -7.255960083734806e-6 0.0), #(-0.09806811855145073 3.131729490037912e-5 0.0), #(-0.05951122706475017 -1.6620143324739224e-4 0.0), #(-0.13891645552807544 1.0401015323449035e-4 0.0), #(-0.22136667709856725 -2.0242462003287786e-5 0.0), #(-0.1911704543322467 5.013450989579579e-7 0.0), #(-0.17589250975755422 -2.641963798349599e-5 0.0)
tevelocity:, 6, #(0.29842318180290517 -8.218101875855046e-7 0.0), #(0.3248317725582944 -1.8693523795034587e-5 0.0), #(0.3228431128653178 1.5350000293177768e-5 0.0), #(0.3105650332010948 -2.5882821227868722e-5 0.0), #(0.30841252308455264 2.9710106478861144e-5 0.0), #(0.28733522084741675 7.307895057021418e-5 0.0), #(0.2892742794285005 -7.450708630115396e-5 0.0), #(0.2622867316474466 4.148354324016188e-4 0.0), #(0.2652319444186822 -4.156801146719349e-4 0.0), #(0.2350042296905804 -7.770531994008724e-4 0.0), #(0.24035648797654846 7.763810455431852e-4 0.0), #(0.21081558622586694 7.730471967640512e-5 0.0), #(0.2097838829335998 -7.701874149104763e-5 0.0), #(0.18270048800481523 -3.578299105055971e-4 0.0), #(0.1806555671609941 3.5834562531101807e-4 0.0), #(0.14985993075335 -3.517504596905549e-5 0.0), #(0.14994214522670563 3.518875155937587e-5 0.0), #(0.11133137403014523 7.688083931007611e-4 0.0), #(0.10989104331690927 -7.653662464743224e-4 0.0), #(0.05861324150685346 0.0015948635316977418 0.0), #(0.05877132900975604 -0.001573486333861602 0.0), #(0.02174582209021274 1.3205694614464512e-5 0.0), #(-0.23533816632672727 2.568892675703795e-6 0.0), #(-0.059009569320227315 -3.7038481120213817e-6 0.0), #(-0.11050583167088095 -7.500501940423221e-6 0.0), #(-0.14823163706095052 2.2336446137490354e-4 0.0), #(-0.06737651397402167 -1.947582425925414e-4 0.0), #(-0.21616601594649637 -4.557205808677022e-5 0.0), #(-0.17729146585407668 4.698742412267434e-6 0.0), #(-0.17040086398873996 -3.1239102094698896e-5 0.0)
tevelocity:, 7, #(0.2978972105424393 -7.763599842581847e-7 0.0), #(0.32455445559366647 -1.867581202035763e-5 0.0), #(0.3225338487783312 1.5091352973809752e-5 0.0), #(0.31062216803891235 -2.5594077826780196e-5 0.0), #(0.30832192385682017 2.956139966624589e-5 0.0), #(0.2876170698759581 7.065902047140639e-5 0.0), #(0.28955611190647995 -7.207493783379053e-5 0.0), #(0.2627238452717883 3.641695841055336e-4 0.0), #(0.2656421923135281 -3.649895172553469e-4 0.0), #(0.23547688509626405 -7.5635955388887e-4 0.0), #(0.2406042281744801 7.555783891515009e-4 0.0), #(0.21072466061898426 8.209405466146584e-5 0.0), #(0.20981637597225347 -8.183061232988834e-5 0.0), #(0.18179262185417305 -4.1982515855327356e-4 0.0), #(0.1797714985579295 4.203314927468188e-4 0.0), #(0.14728945874233285 -3.181386105686484e-5 0.0), #(0.14736535091349973 3.1800867886713614e-5 0.0), #(0.10582559002096582 7.632976289514983e-4 0.0), #(0.10375303301398778 -7.597559474561301e-4 0.0), #(0.04621292593612224 0.0015265608309582453 0.0), #(0.04857461441249753 -0.0015054946121206435 0.0), #(0.006888480473301819 7.396891837790171e-6 0.0), #(-0.22639899606318603 2.887806368104339e-6 0.0), #(-0.07724772270338798 -1.8762034735888318e-6 0.0), #(-0.11094027459407721 -2.2254259089413007e-5 0.0), #(-0.15338582245147123 1.0547181314753243e-4 0.0), #(-0.10654228643120281 5.105079697517889e-5 0.0), #(-0.20839504411237897 -1.116987591944663e-4 0.0), #(-0.13740409880561086 -7.2428599991457794e-6 0.0), #(-0.17031016521639766 -3.7605563831292124e-5 0.0)
tevelocity:, 1, #(0.30112590835332737 -2.4216627886935576e-7 0.0), #(0.3258713901611866 -2.295856946745447e-5 0.0), #(0.3240965344612524 1.6340208837752056e-5 0.0), #(0.30961667424668554 -2.997182582710568e-5 0.0), #(0.30830418093895007 3.205968195562437e-5 0.0), #(0.2850634191368841 8.496886150844134e-5 0.0), #(0.28694298052925155 -9.300008877430277e-5 0.0), #(0.2589285269700845 0.0010872071541296654 0.0), #(0.26192327206228283 -0.0010863130958699316 0.0), #(0.23107529368681265 -8.680499298051389e-4 0.0), #(0.23741500887899813 8.613145435524878e-4 0.0), #(0.20899920200819708 5.7826946475072224e-5 0.0), #(0.20736546270906323 -5.4016324238862185e-5 0.0), #(0.18380681644852723 -2.3258472550506098e-4 0.0), #(0.18168135829967316 2.3889818715323936e-4 0.0), #(0.15709265306964457 -5.8374059295679925e-5 0.0), #(0.15706275636879272 5.686202565221383e-5 0.0), #(0.12952449555209142 8.259726277929615e-4 0.0), #(0.12915440855341237 -8.384502571981136e-4 0.0), #(0.09897226543942726 0.0018432093813391713 0.0), #(0.09557291277926362 -0.0018326837246812502 0.0), #(0.07506553257246665 1.663424354036934e-5 0.0), #(-0.2593234928513234 -3.4465100953611527e-6 0.0), #(0.020879445814343027 -1.1359240313098372e-5 0.0), #(0.04972073947218119 -1.5122109406338766e-4 0.0), #(-0.030689381961508454 -8.417028696080701e-4 0.0), #(-0.16680898230843755 6.970144518526955e-4 0.0), #(-0.19123312044356577 -2.35145594700612e-4 0.0), #(-0.21487291288527566 9.553522006973593e-5 0.0), #(-0.2130152202717361 -1.1389282263509509e-5 0.0)
tevelocity:, 2, #(0.30057035315427516 -1.0712068617507859e-6 0.0), #(0.3257107480391092 -1.8852202948926516e-5 0.0), #(0.3238826154496889 1.6563205293795642e-5 0.0), #(0.30989480019558036 -2.7485290895334027e-5 0.0), #(0.3084011941279759 3.099085562195278e-5 0.0), #(0.2856326400088669 8.407411157950401e-5 0.0), #(0.28753190070362855 -8.523053491804068e-5 0.0), #(0.25975463381656055 8.395734312924978e-4 0.0), #(0.26274746856301995 -8.405134124638348e-4 0.0), #(0.2320618251253461 -8.520686627450231e-4 0.0), #(0.23821563821836544 8.501992696099608e-4 0.0), #(0.2096485440169187 5.5970506169895977e-5 0.0), #(0.2081222553001831 -5.4543157893749923e-5 0.0), #(0.18400274897070126 -2.500300824408673e-4 0.0), #(0.1818952563052661 2.506794040077667e-4 0.0), #(0.1563087455519574 -5.115610322518368e-5 0.0), #(0.1562997097710981 5.124141601454142e-5 0.0), #(0.12692905589647105 8.17875544389026e-4 0.0), #(0.12650249964739088 -8.158207116097807e-4 0.0), #(0.09318203671555009 0.0018055468658880254 0.0), #(0.08990576159184753 -0.0017772594855836996 0.0), #(0.06684474911256562 1.457907034754119e-5 0.0), #(-0.2564203688840316 1.049782014049596e-6 0.0), #(0.007888863364370413 -1.157932240218064e-5 0.0), #(0.030639553984571733 -7.242594514437924e-5 0.0), #(-0.15262749674147685 -9.725061928620994e-4 0.0), #(-0.06751966216525959 9.64726079026893e-4 0.0), #(-0.19368604248143126 -7.118566160006841e-5 0.0), #(-0.22211054468199673 4.2999369562096684e-5 0.0), #(-0.20386607382460853 -4.299400490919376e-6 0.0)
tevelocity:, 3, #(0.3000247602920146 -9.80597780252658e-7 0.0), #(0.3255266538524423 -1.8926214275393522e-5 0.0), #(0.32365188778370135 1.6280632717236426e-5 0.0), #(0.3101295172518232 -2.7029468925031426e-5 0.0), #(0.3084609103329049 3.049686603953766e-5 0.0), #(0.2861449816863864 8.106969500907714e-5 0.0), #(0.2880601322329673 -8.251225633461505e-5 0.0), #(0.2605039216480835 6.772747656863665e-4 0.0), #(0.26349247047988916 -6.782053520737677e-4 0.0), #(0.2329489551311566 -8.346428849999699e-4 0.0), #(0.23890726269257026 8.338120337165179e-4 0.0), #(0.21014858529807726 6.053854080853985e-5 0.0), #(0.20874598064631544 -6.024394747766287e-5 0.0), #(0.18399035014933726 -2.6660413451413023e-4 0.0), #(0.18189688397801237 2.6724886289134197e-4 0.0), #(0.1552093794751638 -4.6392151775522345e-5 0.0), #(0.15523294447080083 4.676207125130287e-5 0.0), #(0.12388880356730568 8.039773575292352e-4 0.0), #(0.12335816849962125 -8.009831733700927e-4 0.0), #(0.0863991170752496 0.0017576671319803059 0.0), #(0.08338872419800739 -0.0017394418253927598 0.0), #(0.05755878885769727 1.6405969745517414e-5 0.0), #(-0.25272159573221453 1.732491343428354e-6 0.0), #(-0.006936944746336158 -1.200895082495651e-5 0.0), #(-0.002072750119165743 -1.2065867632354755e-6 0.0), #(-0.12802721464406897 -4.559491400257243e-4 0.0), #(-0.09997721784677611 3.804282566499307e-4 0.0), #(-0.19463025680654233 -7.596232642593364e-5 0.0), #(-0.2248956915050004 5.1625846276850586e-5 0.0), #(-0.1941568575123768 -1.4698965364810201e-5 0.0)
tevelocity:, 4, #(0.29948577418289785 -9.220683744950027e-7 0.0), #(0.32531837657598683 -1.879983560623266e-5 0.0), #(0.3234018610346526 1.593685780665617e-5 0.0), #(0.3103191639507864 -2.6594332376551476e-5 0.0), #(0.3084822793407049 3.0167440489912853e-5 0.0), #(0.28659927144406744 7.827321351890196e-5 0.0), #(0.28852636391766867 -7.971183517078149e-5 0.0), #(0.2611758428274636 5.631800179221875e-4 0.0), #(0.2641557085391413 -5.640794771436916e-4 0.0), #(0.23373674346507856 -8.162935469490377e-4 0.0), #(0.23949950151370308 8.15518726219014e-4 0.0), #(0.2105202141215482 6.630204786193043e-5 0.0), #(0.20924181645952195 -6.635036641705153e-5 0.0), #(0.1837881111243923 -2.881095267471776e-4 0.0), #(0.1817090194832566 2.8880247719135853e-4 0.0), #(0.15379347550567593 -4.2251285432423756e-5 0.0), #(0.15384364595180336 4.2664372797076104e-5 0.0), #(0.12030017831332002 7.909601850500653e-4 0.0), #(0.11958325387894747 -7.875797705445809e-4 0.0), #(0.0784897902249799 0.0017078759386452778 0.0), #(0.0760818524404664 -0.0016898528871562215 0.0), #(0.04700636677000451 1.5347119529596186e-5 0.0), #(-0.24817584609136226 1.9900234767534286e-6 0.0), #(-0.02328477953028497 -9.512669497048733e-6 0.0), #(-0.05511731179243306 5.578216178526996e-5 0.0), #(-0.08703202057250112 -3.5403087986798405e-4 0.0), #(-0.12377728520096083 2.3836491358142676e-4 0.0), #(-0.22437382944899048 -2.1834460013947078e-5 0.0), #(-0.19454538095391116 3.058150036926359e-6 0.0), #(-0.18464763099402906 -2.0698288225053417e-5 0.0)
tevelocity:, 5, #(0.2989522965704496 -8.700067601381662e-7 0.0), #(0.32508653951926486 -1.8732669316039214e-5 0.0), #(0.32313233877703085 1.5630840960508015e-5 0.0), #(0.31046416099952545 -2.62157593050178e-5 0.0), #(0.3084660269632681 2.990948434741578e-5 0.0), #(0.28699594255522876 7.56135654198518e-5 0.0), #(0.28893102659842473 -7.705064254993558e-5 0.0), #(0.2617703724218652 4.7912344012936457e-4 0.0), #(0.2647359518305889 -4.7999436427638767e-4 0.0), #(0.2344229073535228 -7.970686268171877e-4 0.0), #(0.23998087317014577 7.963110255245619e-4 0.0), #(0.2107469008158164 7.175239621796133e-5 0.0), #(0.2095935402605586 -7.198710357357875e-5 0.0), #(0.18337061300770444 -3.1696474515238303e-4 0.0), #(0.18130881871662005 3.17670690978478e-4 0.0), #(0.15202939901531984 -3.82968795900832e-5 0.0), #(0.15209917432121034 3.87543702576303e-5 0.0), #(0.11612858695429872 7.789164067702222e-4 0.0), #(0.11511450949066966 -7.753526218276293e-4 0.0), #(0.06928031641270858 0.001654278041978744 0.0), #(0.06785849627323984 -0.001636873098690936 0.0), #(0.035108199845218624 1.450182287362196e-5 0.0), #(-0.24249134737280117 2.225895459973454e-6 0.0), #(-0.04078380420890185 -7.255960083734806e-6 0.0), #(-0.09806811855145073 3.131729490037912e-5 0.0), #(-0.05951122706475017 -1.6620143324739224e-4 0.0), #(-0.13891645552807544 1.0401015323449035e-4 0.0), #(-0.22136667709856725 -2.0242462003287786e-5 0.0), #(-0.1911704543322467 5.013450989579579e-7 0.0), #(-0.17589250975755422 -2.641963798349599e-5 0.0)
tevelocity:, 6, #(0.29842318180290517 -8.218101875855046e-7 0.0), #(0.3248317725582944 -1.8693523795034587e-5 0.0), #(0.3228431128653178 1.5350000293177768e-5 0.0), #(0.3105650332010948 -2.5882821227868722e-5 0.0), #(0.30841252308455264 2.9710106478861144e-5 0.0), #(0.28733522084741675 7.307895057021418e-5 0.0), #(0.2892742794285005 -7.450708630115396e-5 0.0), #(0.2622867316474466 4.148354324016188e-4 0.0), #(0.2652319444186822 -4.156801146719349e-4 0.0), #(0.2350042296905804 -7.770531994008724e-4 0.0), #(0.24035648797654846 7.763810455431852e-4 0.0), #(0.21081558622586694 7.730471967640512e-5 0.0), #(0.2097838829335998 -7.701874149104763e-5 0.0), #(0.18270048800481523 -3.578299105055971e-4 0.0), #(0.1806555671609941 3.5834562531101807e-4 0.0), #(0.14985993075335 -3.517504596905549e-5 0.0), #(0.14994214522670563 3.518875155937587e-5 0.0), #(0.11133137403014523 7.688083931007611e-4 0.0), #(0.10989104331690927 -7.653662464743224e-4 0.0), #(0.05861324150685346 0.0015948635316977418 0.0), #(0.05877132900975604 -0.001573486333861602 0.0), #(0.02174582209021274 1.3205694614464512e-5 0.0), #(-0.23533816632672727 2.568892675703795e-6 0.0), #(-0.059009569320227315 -3.7038481120213817e-6 0.0), #(-0.11050583167088095 -7.500501940423221e-6 0.0), #(-0.14823163706095052 2.2336446137490354e-4 0.0), #(-0.06737651397402167 -1.947582425925414e-4 0.0), #(-0.21616601594649637 -4.557205808677022e-5 0.0), #(-0.17729146585407668 4.698742412267434e-6 0.0), #(-0.17040086398873996 -3.1239102094698896e-5 0.0)
tevelocity:, 7, #(0.2978972105424393 -7.763599842581847e-7 0.0), #(0.32455445559366647 -1.867581202035763e-5 0.0), #(0.3225338487783312 1.5091352973809752e-5 0.0), #(0.31062216803891235 -2.5594077826780196e-5 0.0), #(0.30832192385682017 2.956139966624589e-5 0.0), #(0.2876170698759581 7.065902047140639e-5 0.0), #(0.28955611190647995 -7.207493783379053e-5 0.0), #(0.2627238452717883 3.641695841055336e-4 0.0), #(0.2656421923135281 -3.649895172553469e-4 0.0), #(0.23547688509626405 -7.5635955388887e-4 0.0), #(0.2406042281744801 7.555783891515009e-4 0.0), #(0.21072466061898426 8.209405466146584e-5 0.0), #(0.20981637597225347 -8.183061232988834e-5 0.0), #(0.18179262185417305 -4.1982515855327356e-4 0.0), #(0.1797714985579295 4.203314927468188e-4 0.0), #(0.14728945874233285 -3.181386105686484e-5 0.0), #(0.14736535091349973 3.1800867886713614e-5 0.0), #(0.10582559002096582 7.632976289514983e-4 0.0), #(0.10375303301398778 -7.597559474561301e-4 0.0), #(0.04621292593612224 0.0015265608309582453 0.0), #(0.04857461441249753 -0.0015054946121206435 0.0), #(0.006888480473301819 7.396891837790171e-6 0.0), #(-0.22639899606318603 2.887806368104339e-6 0.0), #(-0.07724772270338798 -1.8762034735888318e-6 0.0), #(-0.11094027459407721 -2.2254259089413007e-5 0.0), #(-0.15338582245147123 1.0547181314753243e-4 0.0), #(-0.10654228643120281 5.105079697517889e-5 0.0), #(-0.20839504411237897 -1.116987591944663e-4 0.0), #(-0.13740409880561086 -7.2428599991457794e-6 0.0), #(-0.17031016521639766 -3.7605563831292124e-5 0.0)
tevelocity:, 8, #(0.2973656740553955 -2.5873130029195696e-6 0.0), #(0.3242471894065292 -1.6247052616289888e-5 0.0), #(0.32219859364509695 1.6069290278166546e-5 0.0), #(0.3106317756819461 -2.1972397332233967e-5 0.0), #(0.3081877150844373 2.8003795201796127e-5 0.0), #(0.28784107413201426 7.169325679131084e-5 0.0), #(0.28977398699595974 -6.349830766108626e-5 0.0), #(0.26308037770407117 3.1582645986108797e-4 0.0), #(0.2659712706683056 -3.228592960191879e-4 0.0), #(0.23583505865389412 -3.455271457579034e-5 0.0), #(0.24075407044300437 4.6766772439358054e-5 0.0), #(0.21048416309683202 8.663473684485808e-5 0.0), #(0.20972030255457724 -8.80176772019586e-5 0.0), #(0.18061669528133262 -5.282898482652121e-4 0.0), #(0.1786182136917237 5.257594142166282e-4 0.0), #(0.14421684853646038 -2.7907770580166644e-5 0.0), #(0.14430272982026707 3.056633456908937e-5 0.0), #(0.09952731096905255 7.660682575723997e-4 0.0), #(0.09665101397546548 -7.607129656530439e-4 0.0), #(0.03178683506636444 0.002044796923095237 0.0), #(0.03742340391421726 -0.002050711342089191 0.0), #(-0.009649269703400968 1.4639565155861343e-6 0.0), #(-0.21528029096711382 -1.7311221443320828e-6 0.0), #(-0.09469868551927148 -3.049001398820265e-6 0.0), #(-0.10826693616803064 -3.600520295596825e-5 0.0), #(-0.15786566752783807 3.744317747790696e-5 0.0), #(-0.15684824668063482 3.716666151964662e-4 0.0), #(-0.19642323526040356 -3.3160094543141207e-4 0.0), #(-0.08280308155356103 -9.170251069453516e-4 0.0), #(-0.1800524921536942 3.2736413881627154e-4 0.0)
tevelocity:, 9, #(0.29684749448469694 -7.43695214082023e-7 0.0), #(0.32393078631158617 -1.9070348692079502e-5 0.0), #(0.32185268132419304 1.4758903666445047e-5 0.0), #(0.31060606112230366 -2.4854247182617087e-5 0.0), #(0.3080273764286571 2.9424626349060333e-5 0.0), #(0.2880073680370986 6.607558012204934e-5 0.0), #(0.2899351925502038 -6.75192460548266e-5 0.0), #(0.26335744662254496 2.880992433572033e-4 0.0), #(0.26620188679476103 -2.9039672502471903e-4 0.0), #(0.236084234643679 -3.325135215474651e-5 0.0), #(0.24074247091565154 3.296716031741619e-5 0.0), #(0.21001684395261064 9.042975657905814e-5 0.0), #(0.20935834472272166 -9.046358496220085e-5 0.0), #(0.17911262140754913 -7.491448665851659e-4 0.0), #(0.17713917795619374 7.502993170358309e-4 0.0), #(0.14068115244649235 -2.5681647521413157e-5 0.0), #(0.14066927255610784 2.5992829230061317e-5 0.0), #(0.09247544355463494 7.817284686030388e-4 0.0), #(0.08829374536356921 -7.784550585754352e-4 0.0), #(0.01533721537735743 0.0019065654138546763 0.0), #(0.025188705987417417 -0.001880279111545026 0.0), #(-0.02748137016265937 3.879844215338533e-6 0.0), #(-0.2016385892783047 4.248934537685833e-6 0.0), #(-0.11091170629175112 2.3070782882402833e-6 0.0), #(-0.10485998545563237 3.680393791983107e-5 0.0), #(-0.1653185935383082 -6.225314945412888e-5 0.0), #(-0.17738052914206356 6.204787317245504e-4 0.0), #(-0.17843897815350312 -5.392864501381453e-4 0.0), #(-0.0577368075713203 1.1451514481982285e-4 0.0), #(-0.19295206824674355 -9.030212052128817e-5 0.0)
tevelocity:, 10, #(0.2963240379715715 -6.6266378573883e-7 0.0), #(0.32358751904124794 -1.8777980144196914e-5 0.0), #(0.32148087980028883 1.4459439291653138e-5 0.0), #(0.31053307184200263 -2.491229743889378e-5 0.0), #(0.30782616125764645 2.944714080244826e-5 0.0), #(0.2881142510657135 6.400090000442789e-5 0.0), #(0.29003073768105014 -6.532147409799072e-5 0.0), #(0.26354625687978733 2.608187010971711e-4 0.0), #(0.26634025418337404 -2.622666437879572e-4 0.0), #(0.2361977548910687 -3.205832726179116e-5 0.0), #(0.24059937084111144 3.139864951243134e-5 0.0), #(0.20939468168655717 9.380520251356419e-5 0.0), #(0.20884951757941586 -9.428052885879116e-5 0.0), #(0.17734654421313437 -0.0014909712248553518 0.0), #(0.17542184982285328 0.001491833562614611 0.0), #(0.13658797671267345 -2.3793388147994747e-5 0.0), #(0.13651770700590582 2.361903067717688e-5 0.0), #(0.08440421086280991 8.215391251306643e-4 0.0), #(0.07887859824457857 -8.177490795038664e-4 0.0), #(-0.004134777391465872 0.0016237097778009828 0.0), #(0.012120830980804433 -0.0016014581264677463 0.0), #(-0.046346578373956386 5.730729353369845e-6 0.0), #(-0.18570685468446596 4.605613269712942e-6 0.0), #(-0.1251618888393808 2.060990576920545e-6 0.0), #(-0.10270942115357994 2.461902432055369e-4 0.0), #(-0.17336872798656225 -2.318888302781578e-4 0.0), #(-0.17759341691244152 1.2323773823214433e-4 0.0), #(-0.15767054452492113 -1.0283397328439375e-4 0.0), #(-0.19993394020298458 1.465171094251847e-5 0.0), #(-0.0629262436136426 5.9256574143058335e-5 0.0)
tevelocity:, 11, #(0.29579738888381285 -6.126750087582161e-7 0.0), #(0.32322106710988424 -1.8787020688017395e-5 0.0), #(0.3210865226029686 1.4263035302596767e-5 0.0), #(0.31041645326128836 -2.4864959817064076e-5 0.0), #(0.30758590843751776 2.9465336749347317e-5 0.0), #(0.2881611916732171 6.196534722966171e-5 0.0), #(0.2900626462783785 -6.3316138734942e-5 0.0), #(0.26364886045989067 2.3723518915598238e-4 0.0), #(0.2663847089433622 -2.3826579396192055e-4 0.0), #(0.2361830312677234 -3.0897523470458826e-5 0.0), #(0.24032951564648583 3.037261889787481e-5 0.0), #(0.208524079881921 9.755092913963101e-5 0.0), #(0.20808994249295668 -9.7902354139978e-5 0.0), #(0.17325471635143846 -0.007161636560073615 0.0), #(0.1751371124589776 0.00716162543369816 0.0), #(0.1318763245008211 -2.043964228705191e-5 0.0), #(0.13162127344640642 2.1456729075134286e-5 0.0), #(0.07552411923837872 9.152171002685229e-4 0.0), #(0.0677960538164776 -9.114791100788982e-4 0.0), #(-0.026010124500217686 0.0012666816582270393 0.0), #(-0.0019243115534197126 -0.001244583554261082 0.0), #(-0.06486438508560231 3.0307356667248747e-6 0.0), #(-0.16772015635064744 4.651104271277263e-6 0.0), #(-0.13740490674741423 3.874091940347256e-6 0.0), #(-0.17559343093686083 2.2194884208126955e-5 0.0), #(-0.11877455768314636 1.044644848471126e-4 0.0), #(-0.15171098304778666 1.7997953057300994e-5 0.0), #(-0.1426357937155143 -1.236577331044833e-4 0.0), #(-0.20003059615537322 -1.1249506610736995e-5 0.0), #(-0.09949240366048501 1.1022406824917594e-4 0.0)
tevelocity:, 12, #(0.2952662625368752 -5.727324300759865e-7 0.0), #(0.3228313722654498 -1.8816387789343084e-5 0.0), #(0.32066900963438993 1.40881728448068e-5 0.0), #(0.31025594219503544 -2.481879366658309e-5 0.0), #(0.30730662425726635 2.9538434324902514e-5 0.0), #(0.28814681452932683 6.0007249970269605e-5 0.0), #(0.2900300482820219 -6.13382986825165e-5 0.0), #(0.2636622073405849 2.1686189734196362e-4 0.0), #(0.2663308225069415 -2.176598407072936e-4 0.0), #(0.23603108955047283 -2.97498085849373e-5 0.0), #(0.2399044187624824 3.0464669185510687e-5 0.0), #(0.20745176599600484 1.0207924484232843e-4 0.0), #(0.20713259087470773 -1.0194330957025221e-4 0.0), #(0.17072456621192578 -8.712867835809055e-4 0.0), #(0.17255991993087783 8.723856480967615e-4 0.0), #(0.1264517754227065 -1.9339917732616944e-5 0.0), #(0.12593333016280425 1.8661732631503674e-5 0.0), #(0.06558251941700377 0.0011555548051891172 0.0), #(0.05483267051001323 -0.001149855287814968 0.0), #(-0.0502107046435921 8.881145695852279e-4 0.0), #(-0.01675416004942759 -8.643247522614624e-4 0.0), #(-0.08187884361448218 -4.221109053823353e-7 0.0), #(-0.14883643238490013 4.730001470024638e-6 0.0), #(-0.1474002931538441 5.15784679584522e-6 0.0), #(-0.17157343350476179 -6.472319757035117e-6 0.0), #(-0.16165565322010694 7.310457806964259e-5 0.0), #(-0.09470275689776385 6.975858035548506e-4 0.0), #(-0.13704144930168452 -7.465103426871452e-4 0.0), #(-0.1886324433691268 -2.415793691156746e-5 0.0), #(-0.1501145379484131 8.441563425704953e-5 0.0)
tevelocity:, 13, #(0.29472893484761625 -5.357295620558265e-7 0.0), #(0.32241815628620124 -1.8864741682786995e-5 0.0), #(0.32022753386579933 1.3933079383630596e-5 0.0), #(0.31005105309301717 -2.4813701404145557e-5 0.0), #(0.3069876332888468 2.966624917029429e-5 0.0), #(0.28806948964146906 5.811663525532843e-5 0.0), #(0.28993150885527125 -5.9426854972361954e-5 0.0), #(0.26358272497445956 1.9914684847433336e-4 0.0), #(0.26617416591430776 -1.9980062669311077e-4 0.0), #(0.23573273684106136 -2.860867231656189e-5 0.0), #(0.23931573972322678 2.8981417779097784e-5 0.0), #(0.20612018046023237 1.0524641548914396e-4 0.0), #(0.20590908009579936 -1.0534505209256355e-4 0.0), #(0.16778014539088767 -4.1041420416500863e-4 0.0), #(0.16954899567117074 4.115026476432999e-4 0.0), #(0.120312880825726 -1.786764034381497e-5 0.0), #(0.11942842253384563 1.6986578618548108e-5 0.0), #(0.05459937194008888 0.0021428498022565538 0.0), #(0.0397490127433171 -0.0021364636836450996 0.0), #(-0.07591730467431859 5.526465279293251e-4 0.0), #(-0.03225049535642905 -5.194258172882837e-4 0.0), #(-0.09606015768367414 -8.712991389482554e-6 0.0), #(-0.1306774418562145 4.313500458555147e-6 0.0), #(-0.15523771094803168 7.0084798209919365e-6 0.0), #(-0.16385801147451168 -6.117561908039483e-6 0.0), #(-0.16505129041980043 1.9449013646962876e-5 0.0), #(-0.14394092776497486 7.343570127798299e-4 0.0), #(-0.07512813494048977 -6.990975653281008e-4 0.0), #(-0.16406058913138435 -6.487119009696434e-5 0.0), #(-0.1742035914600771 5.157226139080508e-5 0.0)
tevelocity:, 14, #(0.29418336212199087 -5.003913404941943e-7 0.0), #(0.321980893857343 -1.8924586822967552e-5 0.0), #(0.3197611098562886 1.3794816984911564e-5 0.0), #(0.30980108989084687 -2.4860766498467818e-5 0.0), #(0.3066278950560467 2.98493037003579e-5 0.0), #(0.28792723794465686 5.628846735994132e-5 0.0), #(0.2897652592599979 -5.7579856446215724e-5 0.0), #(0.26340633881061465 1.8363090382221269e-4 0.0), #(0.265909890252294 -1.8418493175622648e-4 0.0), #(0.23527806017453295 -2.747262129556549e-5 0.0), #(0.23856581947368616 2.69691195947529e-5 0.0), #(0.20454440385274003 1.076527959149445e-4 0.0), #(0.20442976781655522 -1.0799734473800078e-4 0.0), #(0.16436886926368088 -2.4208048509875916e-4 0.0), #(0.16606103461338717 2.4173478932054923e-4 0.0), #(0.11332487869533804 -1.6185765622920912e-5 0.0), #(0.11190098905860676 1.6800592409527993e-5 0.0), #(0.02191625870585572 0.004160797451250669 0.0), #(0.04255858906582391 -0.00415413277570093 0.0), #(-0.1007495114467944 2.978680305044446e-4 0.0), #(-0.04806951494302046 -2.6315788699361037e-4 0.0), #(-0.10759882665544311 -1.3528856561427285e-5 0.0), #(-0.11460939509588458 4.113264343352617e-6 0.0), #(-0.16064567837238974 7.876405285819511e-6 0.0), #(-0.1539554206059568 -1.5794181620742053e-6 0.0), #(-0.15896311186383244 -6.219118839467229e-7 0.0), #(-0.1608858163113821 2.054456681718818e-4 0.0), #(-0.06539998032107464 -2.1489074139435192e-5 0.0), #(-0.12912949178157362 -2.0369897737669766e-4 0.0), #(-0.17742604116953306 3.372596341764927e-5 0.0)
tevelocity:, 15, #(0.2936208446112405 -2.561261304919824e-6 0.0), #(0.321510860639532 -1.602158305719423e-5 0.0), #(0.31926561758128813 1.5480016343954423e-5 0.0), #(0.3095045873751364 -2.2876179321954037e-5 0.0), #(0.3062205787651981 3.0148104644028367e-5 0.0), #(0.2877185322193706 5.6332058092729725e-5 0.0), #(0.2895295565908105 -5.0080465213380644e-5 0.0), #(0.26312845412424957 1.6518198340282424e-4 0.0), #(0.26553543041592464 -1.685217481952325e-4 0.0), #(0.23464853754635373 4.7934288525139195e-4 0.0), #(0.23762837328243117 -4.631462841799834e-4 0.0), #(0.20265922264131134 1.1773598718540991e-4 0.0), #(0.20266449593051705 -1.1304736817149182e-4 0.0), #(0.16047582701784419 -1.6188240057822835e-4 0.0), #(0.16206800025691676 1.529810838811875e-4 0.0), #(0.10551555979358287 -2.670122383298098e-5 0.0), #(0.10330441135623002 1.2506935370118737e-5 0.0), #(6.645407609814901e-4 6.898548523749901e-4 0.0), #(0.02946767041066067 -7.485793472168821e-4 0.0), #(-0.12160829068521369 4.5135289652156746e-4 0.0), #(-0.06441546043693452 -4.145774940621059e-4 0.0), #(-0.11745708156236355 3.9710243657280426e-5 0.0), #(-0.10133949217759373 3.976000679428548e-5 0.0), #(-0.16412996711877575 3.370749474738076e-5 0.0), #(-0.142542423163986 -1.0717731543886158e-6 0.0), #(-0.1505944698034542 -1.9986607521276864e-5 0.0), #(-0.1725862025740445 1.0781686863564971e-4 0.0), #(-0.06480836500705996 4.2798006108059756e-4 0.0), #(-0.10001809828204752 -4.758165676990013e-4 0.0), #(-0.16477679390035743 8.671431482385577e-5 0.0)
tevelocity:, 16, #(0.29305675431438266 -5.549378766150526e-7 0.0), #(0.32103045465103536 -1.9319109060381015e-5 0.0), #(0.31874830727555686 1.3637251425474109e-5 0.0), #(0.30916202402429027 -2.4672621653826547e-5 0.0), #(0.30577819920534427 3.0332362393851158e-5 0.0), #(0.28743838655004006 5.268602141212624e-5 0.0), #(0.2892204480317076 -5.3836892233250604e-5 0.0), #(0.2627448986013441 1.5556970173448244e-4 0.0), #(0.2650385338681084 -1.5818354452066952e-4 0.0), #(0.2338625349714026 4.607580284399327e-4 0.0), #(0.23648246842046694 -4.5961968690064425e-4 0.0), #(0.2004304004284767 1.1268840737693191e-4 0.0), #(0.20051615070067555 -1.1306945031793494e-4 0.0), #(0.15596782134194934 -9.846783985530244e-5 0.0), #(0.1574116623039654 9.985626490601089e-5 0.0), #(0.09677427846466297 -1.5050337581641042e-5 0.0), #(0.09343149997075421 1.4211605469087578e-5 0.0), #(-0.024253759112901327 2.557384437104297e-4 0.0), #(0.015350256510775168 -2.3827239530935845e-4 0.0), #(-0.13597659407618437 1.570082698626229e-4 0.0), #(-0.08065365563590103 -1.2092506671670017e-4 0.0), #(-0.1266482994841707 -3.187641480052401e-5 0.0), #(-0.09168132657372742 4.545595410303627e-6 0.0), #(-0.16576845574194976 7.786967189732436e-6 0.0), #(-0.13027043253370768 1.2691252202515109e-5 0.0), #(-0.1416260032210645 -2.3840238595020293e-5 0.0), #(-0.17416826672441219 4.6922217570980115e-5 0.0), #(-0.09127134955566327 5.66384317298147e-4 0.0), #(-0.08253294680944222 -5.0809902817909e-4 0.0), #(-0.12184672684214698 -8.89937305150594e-5 0.0)
tevelocity:, 17, #(0.29247132039660784 -4.158696133311911e-7 0.0), #(0.32051672450810975 -1.9167367520297674e-5 0.0), #(0.3181999923717368 1.3482056426214711e-5 0.0), #(0.30877066350806887 -2.521057050624215e-5 0.0), #(0.3052888306755373 3.0737438015181675e-5 0.0), #(0.2870853701049185 5.109778290454263e-5 0.0), #(0.2888373360656818 -5.227694317520672e-5 0.0), #(0.2622459592628228 1.4591730028534332e-4 0.0), #(0.26441354070886136 -1.4740804332263026e-4 0.0), #(0.2328616973595622 4.4257740597019755e-4 0.0), #(0.23511386819118282 -4.4178011392400404e-4 0.0), #(0.19787330118501437 1.1390862679680274e-4 0.0), #(0.19803245059456218 -1.1431736304216447e-4 0.0), #(0.15089404170408993 -6.261567746226101e-5 0.0), #(0.1521583075704274 6.246154379638886e-5 0.0), #(0.08702819143964736 -1.393043010205398e-5 0.0), #(0.08199348691659988 1.522556404401612e-5 0.0), #(-0.053914054597543906 1.0952741431093011e-4 0.0), #(3.216282248681182e-4 -9.774312248908124e-5 0.0), #(-0.14155522886367158 5.6909862503601695e-5 0.0), #(-0.09680458228905583 -1.8863561206880665e-5 0.0), #(-0.1367484970302434 -3.1019147146055834e-5 0.0), #(-0.08475663770154629 4.730702119743914e-6 0.0), #(-0.16571595791203161 8.225416615868669e-6 0.0), #(-0.11794191010900618 2.9954750802231237e-5 0.0), #(-0.13241934820208215 -4.0783174286775244e-5 0.0), #(-0.1686548362073742 2.9466404571483298e-5 0.0), #(-0.13627235726393852 1.1901783989166871e-4 0.0), #(-0.07717121111469291 1.6504239192357298e-4 0.0), #(-0.06171528408014253 -2.9378676594603553e-4 0.0)
tevelocity:, 18, #(0.2918624752804501 -4.802572180571479e-7 0.0), #(0.3199728324520167 -1.971921195195989e-5 0.0), #(0.31762414302843434 1.3685591475297446e-5 0.0), #(0.308333372571624 -2.565056057303689e-5 0.0), #(0.30475737460319274 3.2026136561338594e-5 0.0), #(0.2866608027699369 4.954876048316503e-5 0.0), #(0.2883842050170042 -5.0674425401828025e-5 0.0), #(0.26163227101061376 1.3661069719216048e-4 0.0), #(0.2636543886464434 -1.3758887900295897e-4 0.0), #(0.23162813686234257 4.217110200098444e-4 0.0), #(0.23352991890140473 -4.197342229428593e-4 0.0), #(0.19495864974226532 1.1598500477380366e-4 0.0), #(0.19519588993929926 -1.1589307786071653e-4 0.0), #(0.14511542374565617 -3.4921483123031015e-5 0.0), #(0.14615867026743334 3.5338168432967544e-5 0.0), #(0.07621334379636159 -1.5287553552904433e-5 0.0), #(0.06847015199839027 1.5063132524878456e-5 0.0), #(-0.08700236796837411 4.810140298745299e-5 0.0), #(-0.015502892116996214 -2.7611358858778638e-5 0.0), #(-0.13906729513132354 2.045056062021736e-5 0.0), #(-0.11260561250390515 2.18377987918955e-5 0.0), #(-0.14768186746505965 -3.744762884116026e-5 0.0), #(-0.08014915438289671 3.753072926691391e-6 0.0), #(-0.16416916960382952 8.396271931737106e-6 0.0), #(-0.11003351492960316 5.830006127005275e-5 0.0), #(-0.12362265012973282 -7.112722660420307e-5 0.0), #(-0.15460799715026138 2.353442817583311e-5 0.0), #(-0.15048597229297211 -1.421380476527497e-6 0.0), #(-0.08678892681125729 2.945993723887424e-4 0.0), #(-0.03909361304559106 -2.6638114934116915e-4 0.0)
tevelocity:, 19, #(0.29123076046520807 -4.479762066880296e-7 0.0), #(0.3194021066754 -1.9821329426377858e-5 0.0), #(0.31701328142571134 1.3624730067174262e-5 0.0), #(0.30784037360463745 -2.608215723782852e-5 0.0), #(0.30416823455696995 3.256187788596217e-5 0.0), #(0.28615018955232197 4.795326051718863e-5 0.0), #(0.28784032001448007 -4.905247259276351e-5 0.0), #(0.260886216029641 1.2808488577746143e-4 0.0), #(0.26275348547487576 -1.287104595979249e-4 0.0), #(0.2301925928664308 4.0153761200409913e-4 0.0), #(0.2317508910343861 -4.01609937107485e-4 0.0), #(0.19164555386610344 1.1601342588729432e-4 0.0), #(0.19194512249942078 -1.1673112914439242e-4 0.0), #(0.13856017018533695 -1.4021582679319486e-5 0.0), #(0.13927204861391768 1.4541157789254055e-5 0.0), #(0.06431834518772932 -2.0837837649469438e-5 0.0), #(0.05212883475669394 2.033541571538253e-5 0.0), #(-0.1195421915652995 1.910692448526918e-5 0.0), #(-0.03198126745150085 6.5698952192709e-6 0.0), #(-0.13223045625269744 1.9507567220742144e-6 0.0), #(-0.127837438946015 2.820178784547587e-5 0.0), #(-0.15927945520683454 -3.6058053529168686e-5 0.0), #(-0.07723059770233463 4.377991381676788e-6 0.0), #(-0.161099003430543 8.03613650924143e-6 0.0), #(-0.12742219346464323 5.6396378748602814e-5 0.0), #(-0.11571292555470156 -4.207769361841781e-5 0.0), #(-0.11272750292862602 -6.022562338891329e-6 0.0), #(-0.14750434968448636 -2.0043299841208073e-5 0.0), #(-0.11254336994582077 2.081448973637239e-4 0.0), #(-0.051222387462840795 -9.284098393851869e-5 0.0)
tevelocity:, 20, #(0.29056848270178665 -4.2010253066872243e-7 0.0), #(0.3188013293946635 -1.993329258324568e-5 0.0), #(0.3163689748503591 1.3583298420902225e-5 0.0), #(0.307294039655017 -2.659541852446701e-5 0.0), #(0.3035264244553091 3.321674221129655e-5 0.0), #(0.28555423486822884 4.637972500450538e-5 0.0), #(0.28721052082013104 -4.745009641733367e-5 0.0), #(0.2600030918898815 1.2024220153925143e-4 0.0), #(0.2616989162571108 -1.2067515964859146e-4 0.0), #(0.22850653967398085 3.817688252421605e-4 0.0), #(0.2297042868376927 -3.820655510140277e-4 0.0), #(0.18782787317396502 1.1664149465181438e-4 0.0), #(0.18817558439856147 -1.1732774215583837e-4 0.0), #(0.13113639089657997 4.045718902275425e-6 0.0), #(0.13134202294181474 -3.6955961641475827e-6 0.0), #(0.03166686016658684 -1.2611120859426972e-5 0.0), #(0.05138017503217578 1.1979270003139994e-5 0.0), #(-0.1452740314637797 7.030629082778087e-6 0.0), #(-0.048858369542159275 2.7463443787180413e-5 0.0), #(-0.12638511514235762 -1.1357952830794254e-5 0.0), #(-0.14252520748143666 3.8305620402666286e-5 0.0), #(-0.17065035655898167 -4.726371002383558e-5 0.0), #(-0.075686578810641 4.44237334784351e-6 0.0), #(-0.15679168431439225 8.174609858386375e-6 0.0), #(-0.13774976913167297 1.727228032550963e-5 0.0), #(-0.10934697455894574 1.3980967312284405e-5 0.0), #(-0.07646934050867348 -2.1581083531389314e-5 0.0), #(-0.13896604219064915 -2.6525411174572252e-5 0.0), #(-0.13845479381989115 1.1677902174221267e-4 0.0), #(-0.08714382400151369 4.688577554414905e-5 0.0)
tevelocity:, 21, #(0.28986900258079756 -3.938515642597584e-7 0.0), #(0.3181685820347835 -2.0054540135392232e-5 0.0), #(0.31568861276617 1.3559267575254075e-5 0.0), #(0.30669143741531135 -2.722022714057881e-5 0.0), #(0.3028279691804314 3.399255980963454e-5 0.0), #(0.28486707791675386 4.4825811119005544e-5 0.0), #(0.28648926674358 -4.5873338226929326e-5 0.0), #(0.25897221202590465 1.1305639363703006e-4 0.0), #(0.26047899406135333 -1.1336875545447373e-4 0.0), #(0.22654785648658388 3.6238380372805685e-4 0.0), #(0.22732218026725767 -3.6277859991282034e-4 0.0), #(0.18349949521313802 1.168389331636387e-4 0.0), #(0.1838708093080679 -1.1750516269451131e-4 0.0), #(0.12290878134358771 2.140678575933543e-5 0.0), #(0.12232036758234921 -2.1134827991706934e-5 0.0), #(0.004703238473281787 4.943366642774858e-6 0.0), #(0.03739252879152605 -6.065569155761888e-6 0.0), #(-0.15845491808307155 2.3634696865720008e-6 0.0), #(-0.06609090025904467 3.8332755257654646e-5 0.0), #(-0.1252918822728961 -2.1445902368929333e-5 0.0), #(-0.15631964200196544 4.331544922878451e-5 0.0), #(-0.18194435911924364 -4.345667790548852e-5 0.0), #(-0.07466519826533799 4.330529476807584e-6 0.0), #(-0.1515406995637652 7.852627942454696e-6 0.0), #(-0.12971086162615136 7.494188444934187e-6 0.0), #(-0.10478323401367813 1.0712070623741284e-5 0.0), #(-0.05832838480606893 -2.378466574454426e-6 0.0), #(-0.12872685051420488 -3.422600902491201e-5 0.0), #(-0.1514889869043886 6.520703668050918e-5 0.0), #(-0.10666234092537764 6.962857740349366e-5 0.0)
tevelocity:, 22, #(0.28911938504387885 -2.070810892025343e-6 0.0), #(0.3175039667771524 -2.3145965237050613e-5 0.0), #(0.31496645484745545 1.6309549842021176e-5 0.0), #(0.3060275306542497 -2.417644520467822e-5 0.0), #(0.3020590339483785 3.3955729068520124e-5 0.0), #(0.284087487654621 4.256102977718284e-5 0.0), #(0.28566669657363725 -4.6156482393400585e-5 0.0), #(0.2577860999586369 9.191789321799456e-5 0.0), #(0.2590874485244973 -1.0598161108351463e-4 0.0), #(0.22429238905220883 5.906659174735503e-4 0.0), #(0.22459646545091583 -5.692409116279281e-4 0.0), #(0.17859703029898627 1.2529762614016453e-4 0.0), #(0.17898046595520062 -1.1639009489520366e-4 0.0), #(0.11374522398661775 4.239225113240317e-5 0.0), #(0.11190509426469392 -5.53067783481022e-5 0.0), #(-0.03290632508897636 6.892287309265938e-6 0.0), #(0.022392801536095377 -1.7047727059885683e-5 0.0), #(-0.1543450067751244 -1.2971209605369431e-5 0.0), #(-0.08353346376344456 3.988055605176752e-5 0.0), #(-0.12923923549983843 4.0136389247324855e-6 0.0), #(-0.16913707940237324 1.136487283776118e-5 0.0), #(-0.1926096245314399 -4.826662283818603e-5 0.0), #(-0.07442030319558017 3.467971425993199e-5 0.0), #(-0.14509471651751973 3.72630662892923e-6 0.0), #(-0.11766716264975409 2.7751284174052603e-6 0.0), #(-0.1017316130565096 1.4079104641011927e-5 0.0), #(-0.046517620629191396 4.291172049630279e-5 0.0), #(-0.11845053626973741 -7.915089394888978e-5 0.0), #(-0.14958247431663468 3.5285302878254315e-5 0.0), #(-0.10319913781816402 -2.994006359510811e-4 0.0)
tevelocity:, 23, #(0.2883237937521726 -4.2588986555797374e-7 0.0), #(0.31679959455339674 -2.0399944711970367e-5 0.0), #(0.3142089300781349 1.3556382408885769e-5 0.0), #(0.305305114846107 -2.853904275123459e-5 0.0), #(0.3012414689217393 3.5873210041249395e-5 0.0), #(0.2831932820750524 4.16466931750429e-5 0.0), #(0.28474745683191743 -4.277650286901866e-5 0.0), #(0.2564187078054803 9.46914397536606e-5 0.0), #(0.2574892405314053 -1.006551845073429e-4 0.0), #(0.221711770362741 5.576186155174293e-4 0.0), #(0.2215609965739326 -5.506861445239878e-4 0.0), #(0.17316890788257663 1.1785972712805323e-4 0.0), #(0.17348666645774477 -1.1839814177082732e-4 0.0), #(0.10362713827863997 8.122944315089458e-5 0.0), #(0.0996473386055956 -8.181484387789778e-5 0.0), #(-0.08380834209476455 5.19175799046889e-6 0.0), #(0.00651332139743273 -8.718312069326547e-6 0.0), #(-0.13162750987001642 2.1643069757266795e-6 0.0), #(-0.10055454911910304 4.7912644677197684e-5 0.0), #(-0.1373724410536522 -1.9053039294912798e-5 0.0), #(-0.1810674216873534 4.9831218852189495e-5 0.0), #(-0.20246549354933804 -6.283003009282464e-5 0.0), #(-0.07410680678936771 2.844020091400719e-6 0.0), #(-0.1381986027937421 7.714324129465942e-6 0.0), #(-0.10403261495977817 7.890122297317783e-7 0.0), #(-0.09941213098984909 2.1622530470493334e-6 0.0), #(-0.04598783454336321 4.449419039128317e-5 0.0), #(-0.10891406005406315 -6.0487160516548084e-5 0.0), #(-0.13230613038761593 2.6135371510564757e-5 0.0), #(-0.08610231714654337 -6.490838399858646e-5 0.0)
tevelocity:, 24, #(0.2874529983864744 -3.2496699751949075e-7 0.0), #(0.3160594223674024 -2.046976178933402e-5 0.0), #(0.3134049452094127 1.3585753457816439e-5 0.0), #(0.30451545616481873 -2.992010605775332e-5 0.0), #(0.30034690723638385 3.7233504216592924e-5 0.0), #(0.28219184266653585 4.0206417944274215e-5 0.0), #(0.28371459140797956 -4.131299916387233e-5 0.0), #(0.25486555653004445 9.221393270120172e-5 0.0), #(0.25568682823606215 -9.533146733219615e-5 0.0), #(0.21876063973515564 5.257882605389031e-4 0.0), #(0.21806369374962467 -5.220627344770868e-4 0.0), #(0.16693401676704606 1.17823726404744e-4 0.0), #(0.16711885714888947 -1.1809405741614944e-4 0.0), #(0.09236948452027437 3.3846016012933265e-4 0.0), #(0.08429278949741047 -3.3821880052665705e-4 0.0), #(-0.13702218048432524 2.8967128651406453e-6 0.0), #(-0.010141469188678353 -8.923809416713368e-6 0.0), #(-0.10116353188074889 3.953330895944485e-6 0.0), #(-0.11734145291199337 4.78019299245302e-5 0.0), #(-0.14756043451599732 -3.390632678938008e-5 0.0), #(-0.19188536506872114 8.609534916525375e-5 0.0), #(-0.21157518126223473 -9.256736039847687e-5 0.0), #(-0.07369026334330239 4.3708776837674826e-6 0.0), #(-0.1302506747514972 7.2004405533587224e-6 0.0), #(-0.0895433811457555 -1.0995485396986434e-6 0.0), #(-0.09752743103885957 7.354262694349164e-7 0.0), #(-0.0733274128500505 5.7780823550924077e-5 0.0), #(-0.09957314722376716 -5.2347529223976225e-5 0.0), #(-0.08402692592142696 8.734545635560824e-6 0.0), #(-0.06629880939329796 3.703232219123678e-5 0.0)
tevelocity:, 25, #(0.2864957939619475 -2.9663432768641814e-7 0.0), #(0.3152789376530873 -2.062648293527174e-5 0.0), #(0.31255301628406745 1.363779059745204e-5 0.0), #(0.30365552441860594 -3.1363270608943976e-5 0.0), #(0.29937339806309765 3.8814283131046804e-5 0.0), #(0.281068951352096 3.8695210853039626e-5 0.0), #(0.28256148300311906 -3.974743954423282e-5 0.0), #(0.25310621932932464 8.837485473547465e-5 0.0), #(0.2536558243314949 -9.00629899929069e-5 0.0), #(0.21541172302170394 4.946969665431693e-4 0.0), #(0.21419033823028708 -4.920850693030502e-4 0.0), #(0.16002540312629934 1.1703264613923767e-4 0.0), #(0.1599865458936485 -1.1765322021206463e-4 0.0), #(0.06316525080760511 1.2720235376000017e-4 0.0), #(0.08003827063306851 -1.2739522597745141e-4 0.0), #(-0.17215637234474182 2.0131261297893073e-6 0.0), #(-0.027278700811961553 -8.753578205874777e-6 0.0), #(-0.08202423928017478 5.2861307703150765e-6 0.0), #(-0.13353481932372416 4.801295261563508e-5 0.0), #(-0.15912182947130263 -3.8178211723891416e-5 0.0), #(-0.20163041010056024 2.4415570811395123e-4 0.0), #(-0.2197988097459387 -2.365870543954666e-4 0.0), #(-0.07272222234859904 3.683090192695643e-6 0.0), #(-0.12224262981439851 7.157540548274363e-6 0.0), #(-0.07461299006221973 -2.4581038839733857e-6 0.0), #(-0.09557428709856575 3.6651065079751735e-7 0.0), #(-0.11109009998426367 1.9313642379287485e-5 0.0), #(-0.08921005951651186 3.2968638881673284e-6 0.0), #(-0.02452403664390173 -2.7149272926938516e-6 0.0), #(-0.07206279357018944 -2.1792455834014213e-6 0.0)
tevelocity:, 26, #(0.2854294921157104 -2.7494076660272347e-7 0.0), #(0.31445529880353335 -2.07961553981406e-5 0.0), #(0.3116492485288503 1.370765135692345e-5 0.0), #(0.30272055535340914 -3.3067135098887034e-5 0.0), #(0.298313573935714 4.069497881922778e-5 0.0), #(0.27981413421001894 3.716619798969532e-5 0.0), #(0.28127842783748097 -3.816315591682406e-5 0.0), #(0.25112021232286796 8.422433719932304e-5 0.0), #(0.2513741536856888 -8.515018918573947e-5 0.0), #(0.21162135418503258 4.6426050578521403e-4 0.0), #(0.2098869933539339 -4.6346576009985397e-4 0.0), #(0.15230046586526363 1.1653807986804317e-4 0.0), #(0.1518249962773944 -1.1761428521014386e-4 0.0), #(0.02673707619143568 4.131387655280188e-5 0.0), #(0.06657594773839158 -4.424312255205956e-5 0.0), #(-0.1759426099596819 2.853222440895503e-6 0.0), #(-0.04468716671088117 -7.877729883110993e-6 0.0), #(-0.0784811502457984 7.016833868183341e-6 0.0), #(-0.1491713762776594 4.670308135695675e-5 0.0), #(-0.1713177766030855 -3.9477045769131935e-5 0.0), #(-0.22653949955367791 1.1856745263252859e-4 0.0), #(-0.21024944148790206 -1.1089081488782247e-4 0.0), #(-0.07154980724610285 3.177161765521188e-6 0.0), #(-0.11380325930336434 6.589952985890782e-6 0.0), #(-0.06007180454004615 -3.54459024619328e-6 0.0), #(-0.09332398918833679 -5.052891349863495e-8 0.0), #(-0.12129670350517946 1.7962923005842665e-6 0.0), #(-0.0758410845745854 1.954172836624141e-5 0.0), #(0.007061146059397523 5.175490481729364e-6 0.0), #(-0.17707659519357175 -6.838508687815808e-6 0.0)
tevelocity:, 27, #(0.28419175825180515 -1.2234150302564982e-7 0.0), #(0.31359661831248886 -2.1088992051904704e-5 0.0), #(0.31069813628247067 1.3642459678965733e-5 0.0), #(0.30172100669496044 -3.5383953842069724e-5 0.0), #(0.29714003496154384 4.234966662791329e-5 0.0), #(0.2784271148450602 3.586769146886028e-5 0.0), #(0.27985567194109295 -3.669900710984229e-5 0.0), #(0.2488871511035772 8.024061328082179e-5 0.0), #(0.2488328631790408 -8.063259275949331e-5 0.0), #(0.20731729925974438 4.3070853694980956e-4 0.0), #(0.20502053712459697 -4.328846617271609e-4 0.0), #(0.14378618774085347 1.1644105271129403e-4 0.0), #(0.1425502721655 -1.1908245545772954e-4 0.0), #(-0.050943582768072676 1.676269876776129e-5 0.0), #(0.05222273016110891 -2.3875498359689363e-5 0.0), #(-0.1275847943459096 5.327467703968179e-6 0.0), #(-0.06213394310038034 -8.117743497114709e-6 0.0), #(-0.08540745554219624 7.952390280734804e-6 0.0), #(-0.16444903914974596 4.30814581583162e-5 0.0), #(-0.18488574012457815 -3.8105553065397694e-5 0.0), #(-0.2311518502695155 3.418621022217682e-5 0.0), #(-0.21737633162495668 -2.34091205293208e-5 0.0), #(-0.06972805202302972 2.9725909160854104e-6 0.0), #(-0.10521435770644784 5.862858593333055e-6 0.0), #(-0.04776150048026095 -3.479833749842401e-6 0.0), #(-0.09028172495266344 -7.195131852232335e-7 0.0), #(-0.11428507195322864 1.0230175535970384e-6 0.0), #(-0.060599061807495386 1.6524566832059635e-5 0.0), #(0.017372271992671693 2.0640647309898936e-5 0.0), #(-0.17994829407554522 -2.6441221121167532e-5 0.0)
tevelocity:, 28, #(0.28279815938006236 -8.158829045367902e-8 0.0), #(0.3126769053512901 -2.1302633920762322e-5 0.0), #(0.30967528498904984 1.373169648278366e-5 0.0), #(0.3006187978540111 -3.8061131486229396e-5 0.0), #(0.29587294534192654 4.5095775463220284e-5 0.0), #(0.27687278983068153 3.43309565246642e-5 0.0), #(0.2782754598601272 -3.5129645123445016e-5 0.0), #(0.24637619967567767 7.63095290140933e-5 0.0), #(0.24597685883061932 -7.64135878949428e-5 0.0), #(0.20249308745942018 3.984348310974175e-4 0.0), #(0.1996778333321727 -3.9562317141377695e-4 0.0), #(0.13431911330127624 1.2800732422434884e-4 0.0), #(0.13094362429059034 -1.2716780120409008e-4 0.0), #(-0.15695340170369307 5.251994985498383e-6 0.0), #(0.03641640818782629 -1.1341414653613861e-5 0.0), #(-0.044834940864338 6.280234773694218e-6 0.0), #(-0.07935889969209635 -7.020329082475272e-6 0.0), #(-0.09710203865648463 4.695778711877246e-6 0.0), #(-0.17914875633030344 4.3663845244021895e-5 0.0), #(-0.20233804479981923 -3.909419222890405e-5 0.0), #(-0.23023376826841935 8.366599533741695e-6 0.0), #(-0.22300670813565382 -5.159382126810731e-6 0.0), #(-0.06743637855591195 2.8874644387967584e-6 0.0), #(-0.09656009819992445 5.145773689097791e-6 0.0), #(-0.08563534369839206 3.3207335072785636e-6 0.0), #(-0.04391178145158361 -8.197708439390889e-6 0.0), #(-0.09329894176475657 2.22285239287834e-6 0.0), #(-0.044271402265678106 1.1684714270457988e-5 0.0), #(-0.17445926103389528 -1.5911099304523816e-5 0.0), #(0.0067657712881546974 2.138948995906197e-5 0.0)
tevelocity:, 29, #(0.28118724668594947 2.520010044373409e-6 0.0), #(0.3116860537128935 -2.092608022242941e-5 0.0), #(0.3085600979453471 1.3201683430297477e-5 0.0), #(0.29939832428635155 -4.0547658958019156e-5 0.0), #(0.29448738951729125 4.840920673081016e-5 0.0), #(0.2751352379266031 3.466168179203532e-5 0.0), #(0.27651252702362694 -3.4884897830606946e-5 0.0), #(0.24355881348213151 4.8247265060335314e-5 0.0), #(0.2427968792256493 -8.011372617582471e-5 0.0), #(0.19707609218377634 0.0011005075637157058 0.0), #(0.1936590995459553 -0.0010524516728143071 0.0), #(0.12361799165980053 1.558533900985536e-4 0.0), #(0.1136045407313358 -1.590165334616187e-4 0.0), #(-0.2058185236780159 4.482795633722936e-6 0.0), #(0.019544705023077796 1.5102408800039317e-5 0.0), #(-0.011420651196122289 4.675160750089318e-6 0.0), #(-0.09590847488806664 7.079747969294688e-5 0.0), #(-0.11276901903603663 -3.074043338672217e-5 0.0), #(-0.19305689628107975 1.4809204730862312e-4 0.0), #(-0.2265963210641295 -3.9993901232750444e-5 0.0), #(-0.21993555459380984 -2.070158946671196e-4 0.0), #(-0.22716215191168992 2.6149082795753147e-5 0.0), #(-0.06453391802061034 -2.0341183824966426e-5 0.0), #(-0.08790854734985412 2.6772959799553127e-6 0.0), #(-0.07901857860251353 -1.3891906042144607e-5 0.0), #(-0.05967103157588977 1.3118929519651577e-5 0.0), #(-0.05053725143023039 -1.632910967937733e-5 0.0), #(-0.027225768468418565 -3.520364753270024e-5 0.0), #(-0.16641685509581644 -1.041267644410388e-4 0.0), #(-0.04194159259253699 -0.0010736587511267492 0.0)
tevelocity:, 30, #(0.27921858445720926 6.653349618463182e-10 0.0), #(0.3106752138241511 -2.1806647832232633e-5 0.0), #(0.3074190831955644 1.391043451872258e-5 0.0), #(0.2981251252464775 -4.633615988229829e-5 0.0), #(0.2929535918881348 5.3624150415830975e-5 0.0), #(0.2732303619682294 3.105175730642122e-5 0.0), #(0.27458571929021186 -3.329916962158745e-5 0.0), #(0.2403980024233477 5.7233680468769974e-5 0.0), #(0.2392275317601883 -7.119699440424367e-5 0.0), #(0.1909481924891446 0.0010061563153178788 0.0), #(0.18681731354328124 -9.870313968101893e-4 0.0), #(0.11184992173189076 0.0017118524156050083 0.0), #(0.05659681529192224 -0.0017204644326332564 0.0), #(-0.18130814820023503 5.132033146142782e-6 0.0), #(0.0016484643941817084 -6.261548526519869e-6 0.0), #(-0.011401566546154743 2.2315665917923286e-6 0.0), #(-0.11170989510381314 1.787732186677713e-5 0.0), #(-0.12984269547851537 3.0775238978323737e-6 0.0), #(-0.2089941703761349 3.0326455061029905e-5 0.0), #(-0.2444082319133162 -2.610088055774473e-5 0.0), #(-0.21395742537507645 -3.268313601339812e-5 0.0), #(-0.2273310740265076 1.392865812560942e-5 0.0), #(-0.06103533099159506 3.526616921098159e-6 0.0), #(-0.07938901942877095 3.95867031681348e-6 0.0), #(-0.07015087645461034 9.690077565052859e-8 0.0), #(-0.0747467287498912 -4.058230953127979e-7 0.0), #(-0.007826909090108919 -1.2366590316954468e-6 0.0), #(-0.013566175159643194 1.0508851825440219e-5 0.0), #(-0.15531693681786635 -1.2572325300163392e-5 0.0), #(-0.09144793682001183 7.338019385096607e-5 0.0)
tevelocity:, 31, #(0.27674714684519963 -6.139942142448893e-8 0.0), #(0.30955376234579185 -2.1320144647294284e-5 0.0), #(0.30613994320405463 1.4641282634384149e-5 0.0), #(0.29668369578941367 -5.250262753657683e-5 0.0), #(0.29124216225569693 6.083598447667719e-5 0.0), #(0.2711017250812802 2.944924007322156e-5 0.0), #(0.2724194069877475 -3.0263918619981276e-5 0.0), #(0.23688366701714286 6.114606786281064e-5 0.0), #(0.2352999890671464 -6.62477324141608e-5 0.0), #(0.18410578099977234 8.978569619825429e-4 0.0), #(0.1793747838322938 -8.904334719387846e-4 0.0), #(-0.184048220959475 1.0232816400058298e-5 0.0), #(0.09859441827482372 -7.549001096772983e-7 0.0), #(0.03788011970718139 -1.004542279837594e-5 0.0), #(-0.01788449742082439 -1.9621518496116236e-6 0.0), #(-0.022099259057278654 3.5841565030195506e-6 0.0), #(-0.12592744108705642 -6.714846397138039e-6 0.0), #(-0.1517975755682463 3.7096087485638508e-6 0.0), #(-0.22337156909884662 6.285245551421958e-5 0.0), #(-0.2549942235267647 -6.0092517281179845e-5 0.0), #(-0.20903571909940455 -5.60135179027864e-6 0.0), #(-0.22646391320727563 1.0640487958878937e-5 0.0), #(-0.05707755155722917 1.0118965637516201e-6 0.0), #(-0.07108240453517338 3.4979236434674367e-6 0.0), #(-0.05940966436967967 4.5255559022440853e-7 0.0), #(-0.07266709002038445 9.622983255522028e-7 0.0), #(0.01702170736243936 -6.744239670590299e-7 0.0), #(-0.14646804049358708 -1.2867330397480038e-5 0.0), #(0.0015090531137115918 2.7648215430189063e-6 0.0), #(-0.10844021771676259 1.6447538359868224e-5 0.0)
tevelocity:, 32, #(0.27388175764190864 1.3612370145547435e-7 0.0), #(0.30841190819271713 -2.1381890283701717e-5 0.0), #(0.3047959322165606 1.300533384136888e-5 0.0), #(0.2951459430257986 -6.205949919580828e-5 0.0), #(0.2893353667924345 6.955036573078306e-5 0.0), #(0.26872010255838713 2.7118911620075103e-5 0.0), #(0.2699580077474603 -2.8576296635301536e-5 0.0), #(0.23281012804281492 6.29698470732302e-5 0.0), #(0.2308180018266281 -6.23365536801983e-5 0.0), #(0.17603437646771447 7.279320740413257e-4 0.0), #(0.17092128917001995 -7.289072733169627e-4 0.0), #(-0.23806021934216795 -2.3092112648109125e-7 0.0), #(0.08389288813303908 2.7921730599284178e-5 0.0), #(0.0749213604644714 -2.9788210961996224e-5 0.0), #(-0.04002545448480332 -3.2747427466330093e-6 0.0), #(-0.03714026067906827 3.7452050942672433e-6 0.0), #(-0.138211461969825 -3.4281567262039973e-6 0.0), #(-0.22560667281717436 -1.0061965197089676e-5 0.0), #(-0.21274193904096694 3.758807584374267e-7 0.0), #(-0.23701922841697617 1.6614091628127053e-5 0.0), #(-0.22273743110673191 1.0956144007965254e-5 0.0), #(-0.20330097115993187 -7.559264152612299e-6 0.0), #(-0.052722060453011754 1.10434725560245e-6 0.0), #(-0.06290429474283929 2.5690533304544395e-6 0.0), #(-0.04709614136466418 1.934626300682716e-6 0.0), #(-0.06366187456726571 5.477347921808842e-7 0.0), #(-0.1364208248131143 -1.9647709508048982e-5 0.0), #(0.032034060755850566 9.085142570290624e-6 0.0), #(0.014538556344735084 3.6742975522596073e-6 0.0), #(-0.10602491631051321 1.1305346053966532e-5 0.0)
tevelocity:, 33, #(0.2699074672847268 9.631599751625128e-8 0.0), #(0.3071567410607479 -2.1960170741106732e-5 0.0), #(0.30330533703576723 1.3753162161120222e-5 0.0), #(0.2934435376626073 -7.694920982095018e-5 0.0), #(0.2871641076423312 8.573955988118705e-5 0.0), #(0.2661028949587563 2.5952364851218866e-5 0.0), #(0.2672993087405705 -2.6178837031031427e-5 0.0), #(0.22828531328703575 5.895027898190891e-5 0.0), #(0.2259291926913191 -5.917542797678346e-5 0.0), #(0.14855605322921261 2.0759993137183324e-4 0.0), #(0.16163548673111236 -2.2384721028506383e-4 0.0), #(-0.2269708004929765 1.6189172861888246e-5 0.0), #(0.06638509119348121 3.366452491019693e-5 0.0), #(0.06687214422316584 -3.103595159830323e-5 0.0), #(-0.06620196407525765 -8.169865554174037e-7 0.0), #(-0.05382537128321232 2.991461787397188e-6 0.0), #(-0.2678927493459367 -1.592698480948089e-5 0.0), #(-0.15546374234805344 -3.576526792980467e-6 0.0), #(-0.24009959917792173 8.167421679629357e-6 0.0), #(-0.2016269975669755 9.588381994498767e-6 0.0), #(-0.2160713602123415 3.3301588972205265e-6 0.0), #(-0.19542509239527275 9.013508559450937e-7 0.0), #(-0.047809766731088624 6.737159455529838e-7 0.0), #(-0.055158231681653395 1.983633242057362e-6 0.0), #(-0.033834974122445946 8.495227881635732e-6 0.0), #(-0.05254144012137785 -5.83649161804206e-6 0.0), #(-0.12420006068682388 -8.915563221325088e-6 0.0), #(0.034934737566220474 1.1900701530277633e-6 0.0), #(0.022308542199153788 2.5317416375515075e-5 0.0), #(-0.08741068903433977 -1.5788143476814036e-5 0.0)
tevelocity:, 34, #(0.2646214102262436 9.44041222162656e-8 0.0), #(0.30586046579725534 -2.1655121431526874e-5 0.0), #(0.30170862289320605 1.41614449674063e-5 0.0), #(0.2915958405313564 -1.0837112173024865e-4 0.0), #(0.28464632744221563 1.1765771407512886e-4 0.0), #(0.2631601769607452 2.324265624310673e-5 0.0), #(0.2640575531359199 -2.5275324572532528e-5 0.0), #(0.22266421863558022 5.4926214735497906e-5 0.0), #(0.22041713862097334 -5.525609366694646e-5 0.0), #(-0.24408808036859148 -1.6574946537891448e-6 0.0), #(0.15674139015973626 1.5250794185094778e-5 0.0), #(0.15070394150746755 -1.608530439566898e-5 0.0), #(0.04320069630532553 2.860552405626856e-5 0.0), #(0.05263633750046981 -2.5978462803864836e-5 0.0), #(-0.09935037960955147 -1.111108547867894e-6 0.0), #(-0.2723458946789439 -1.550834037072273e-5 0.0), #(-0.07235236818016344 3.6014836802393925e-6 0.0), #(-0.2539645769287713 2.4484896077623644e-6 0.0), #(-0.22150202307603317 1.1382738564223145e-5 0.0), #(-0.155134242131458 2.1429965909379926e-6 0.0), #(-0.20084781235004295 2.9696085975629268e-8 0.0), #(-0.1906843596732553 4.0081986625127595e-6 0.0), #(-0.04262747501479531 3.8911797355331976e-7 0.0), #(-0.047572996395839964 1.5104619235359229e-6 0.0), #(-0.04120430699362447 8.582408498106259e-6 0.0), #(-0.0206168007272033 -5.969273824967998e-6 0.0), #(-0.11019848148258143 -6.175984079697824e-6 0.0), #(-4.6095655242272274e-4 8.783395783536089e-8 0.0), #(-0.02907325669067018 9.379625518290583e-5 0.0), #(0.020841649571713475 -8.873744869874588e-5 0.0)
tevelocity:, 35, #(0.25721158518749954 1.9234266566595283e-7 0.0), #(0.30444989350655277 -2.2252799623569683e-5 0.0), #(0.29993259248508075 1.4843135428625757e-5 0.0), #(0.28954920077051705 -1.9307389403164997e-4 0.0), #(0.28172333172958786 2.006626341482346e-4 0.0), #(0.2598690581446891 2.2362313224615343e-5 0.0), #(0.2599275872664675 -2.3307255999466656e-5 0.0), #(0.19617979215084844 4.283485065870568e-5 0.0), #(0.21399158716870564 -3.979907768511322e-5 0.0), #(-0.21992546126073226 -4.859194380596343e-6 0.0), #(0.1472237417915423 2.017285302103348e-5 0.0), #(0.1377021866676644 -2.0155898830793085e-5 0.0), #(-1.8674655887067527e-4 1.799005243064049e-5 0.0), #(0.03347123595914241 -1.5999550881073014e-5 0.0), #(-0.27556985136887896 -1.5922989030857332e-5 0.0), #(-0.2238458759695381 7.561731353855364e-6 0.0), #(-0.15125631454497662 -3.5912668920023696e-6 0.0), #(-0.23459427486333803 1.3319840207165592e-5 0.0), #(-0.09243165703199473 1.4258630403027145e-6 0.0), #(-0.17757407015639984 4.3079637667242727e-7 0.0), #(-0.16458739223836738 -1.6515111686708597e-6 0.0), #(-0.1875761117714825 3.178798403452437e-6 0.0), #(-0.03670851608194216 -1.6246916695417274e-6 0.0), #(-0.040341440214657104 9.838095424003886e-7 0.0), #(-0.030324594877764108 2.2879336539341322e-6 0.0), #(-0.01161879438938415 -7.150676260524032e-7 0.0), #(-0.09050722304046219 -2.5410648687590196e-6 0.0), #(-0.054941733129645856 1.6094272638966353e-6 0.0), #(0.04843373696369629 1.3475073587651372e-4 0.0), #(0.0019799061629656406 -1.3799983054555307e-4 0.0)
tevelocity:, 36, #(0.24638376666754702 -1.4427333117414884e-6 0.0), #(0.30293458706372783 -2.4360471762946166e-5 0.0), #(0.29784192812672855 1.4444533623337987e-5 0.0), #(0.28706722974469784 -0.001339572412089555 0.0), #(0.27799238846525226 0.0013462610286271474 0.0), #(0.2561218128781131 1.650746735576445e-5 0.0), #(0.248526742461167 -3.467938061956459e-5 0.0), #(-0.22320085398569903 -1.2778174670759434e-5 0.0), #(0.2088098503770624 7.826048269474173e-5 0.0), #(0.20687171569032978 -5.458617804946762e-5 0.0), #(0.1344781261151644 4.446375782205253e-5 0.0), #(0.11885245369578698 -4.701919682128907e-5 0.0), #(-0.2792670685776907 -5.33584314783121e-5 0.0), #(-0.1121287355830717 6.310361107472707e-5 0.0), #(-0.23922667313625562 -1.1966764303049056e-5 0.0), #(-0.033219245447349485 2.4649302829356168e-6 0.0), #(-0.1984221020272488 4.972326107441576e-6 0.0), #(-0.07980730854431539 -4.2775935163477746e-5 0.0), #(-0.19633261007343591 -6.321575358952796e-5 0.0), #(-0.1200657114652245 1.1195501525801551e-4 0.0), #(-0.13318185506325744 -1.0317638512602657e-4 0.0), #(-0.17541213463148053 7.798578943072567e-5 0.0), #(-0.030957096901132176 2.9226229067353894e-6 0.0), #(-0.03323307422234363 -7.945858413941257e-6 0.0), #(-0.020847458743220623 -1.977611402044775e-6 0.0), #(-0.04487477123518679 1.3107314454951793e-6 0.0), #(-0.02793587598000344 5.677352908684317e-6 0.0), #(-0.06301998962477028 1.7784210720561474e-4 0.0), #(-0.03691208356189465 1.4383571948823693e-4 0.0), #(0.07867920900573058 -4.882087607305919e-4 0.0)
tevelocity:, 37, #(0.2297665167054517 3.7675757186405886e-7 0.0), #(0.3012936777709639 -2.398040470988868e-5 0.0), #(0.2952548020939932 1.697652431254489e-5 0.0), #(0.2729065486455184 -2.4764938369667243e-4 0.0), #(0.2831288456700642 2.551224235695693e-4 0.0), #(-0.19273475736025356 3.907053350697714e-6 0.0), #(0.2517542009917595 8.191976353541552e-6 0.0), #(0.2265412239765396 -1.4792709266874579e-5 0.0), #(0.20447046972252425 6.663425939418549e-5 0.0), #(0.1984030329110553 -6.076910145034514e-5 0.0), #(0.10090537369005036 4.2153307999869154e-5 0.0), #(0.05595242993636081 -3.4645133144892794e-5 0.0), #(-0.2681089625114864 -2.563023111459693e-5 0.0), #(-0.24969473179035837 7.934951175398775e-6 0.0), #(-0.15013678276673761 2.2962981299446994e-8 0.0), #(-0.24542187202852625 8.890884627416069e-6 0.0), #(-0.19910454040720707 3.601069702079238e-6 0.0), #(-0.03945361177697437 4.036142007969724e-6 0.0), #(-0.03264345051433113 -2.8228044314943607e-7 0.0), #(-0.14620527638533132 -3.5764536545637358e-6 0.0), #(-0.1350091049025057 -2.228204781595371e-6 0.0), #(-0.12470403873034534 1.6940986132317067e-6 0.0), #(-0.024894911577127952 -1.366719362962174e-6 0.0), #(-0.02645768475422551 3.997961542294817e-7 0.0), #(-0.06266471082449555 -3.556912365678444e-5 0.0), #(-0.013072855420510378 3.286648890744242e-5 0.0), #(0.01920990671264253 5.972640221581027e-6 0.0), #(-0.05507762509842181 -1.0031317138960456e-5 0.0), #(-0.07255348210724558 9.562579632705243e-6 0.0), #(0.08539834335170814 -1.3121714324992038e-4 0.0)
tevelocity:, 38, #(0.20317053524804374 6.798811602069002e-7 0.0), #(0.29929184149109717 -2.2119077904531153e-5 0.0), #(0.29185310281746796 1.5344512925099164e-5 0.0), #(-0.13040174608829957 -8.871171975286444e-6 0.0), #(0.26551617718406606 -3.881784393102961e-5 0.0), #(0.21774358870839391 5.406665434258222e-5 0.0), #(0.24625434462702314 1.4534229158719493e-5 0.0), #(0.24533608167316284 -1.3980358256995742e-5 0.0), #(0.1967406914259497 6.079804443382013e-5 0.0), #(0.18456199772747756 -6.045408192542109e-5 0.0), #(-0.2854243892702877 -1.3520716736962784e-5 0.0), #(-0.26779665533796243 7.66246574932819e-6 0.0), #(-0.16688669964450162 -1.697695050245386e-6 0.0), #(-0.21727908530441922 2.0250328574487403e-5 0.0), #(0.05022950148671049 6.652313889807356e-7 0.0), #(-0.019289925797308836 -1.935538484274588e-6 0.0), #(-0.14416932488193873 3.835213713912414e-6 0.0), #(-0.17095111837707316 -7.258943648319047e-6 0.0), #(-0.07810786537717691 8.376984652134424e-6 0.0), #(-0.04311289425180495 -5.9672373679867594e-6 0.0), #(-0.0906244682501166 2.6790451776809555e-5 0.0), #(-0.10817259278182217 -2.3645343099514733e-5 0.0), #(-0.01891094934993 -1.925643124658928e-6 0.0), #(-0.019455749091122573 -3.013350644668596e-7 0.0), #(-0.050266569523129 -6.21339246102406e-6 0.0), #(-0.007293395332322659 4.601222733991388e-6 0.0), #(0.034943533669838815 8.377803883599015e-6 0.0), #(-0.041932115370410465 -1.1166919884092863e-6 0.0), #(-0.0872395231148008 -2.1718481936808124e-6 0.0), #(0.07082926372319892 -1.3308677082169108e-5 0.0)
tevelocity:, 39, #(0.1596277507690553 6.912526310339616e-7 0.0), #(-0.15274580357586232 -3.148889441285468e-6 0.0), #(0.2964374546705045 -2.5728184765039882e-5 0.0), #(0.28499365509872887 2.1143147012602366e-5 0.0), #(0.25151588032230093 -4.961439061831762e-5 0.0), #(0.2772638759853308 5.848811114447093e-5 0.0), #(0.23844500240925628 1.0415537392675941e-5 0.0), #(0.23550087293780733 -1.1229911846031235e-5 0.0), #(-0.2862976174888359 -1.4952830925319409e-5 0.0), #(-0.2715186676332058 5.7144446729504075e-6 0.0), #(0.03555062054534301 1.6198187527463965e-5 0.0), #(0.17783613204977902 -8.442500616687373e-6 0.0), #(-0.24802735434151538 5.2310474800734244e-5 0.0), #(-0.08969207460840678 -4.3884660120998386e-5 0.0), #(-0.1862467391019387 9.588816590630418e-6 0.0), #(-0.13239065676931022 -5.926822997039436e-6 0.0), #(-0.0036823561398737084 2.7112549147857186e-5 0.0), #(0.04907579867052979 -3.173946523232521e-5 0.0), #(-0.12238066247448398 5.3162207108498705e-6 0.0), #(-0.11123413116119414 -3.433024141907707e-6 0.0), #(-0.04107909263866556 3.476723895534854e-5 0.0), #(-0.041404794456363296 -3.1784052383242776e-5 0.0), #(-0.012655317820082657 -2.2662353836866957e-6 0.0), #(-0.01295698564550519 -8.016637087868187e-7 0.0), #(-0.034330569180526196 -2.4967166450345237e-6 0.0), #(-0.003535577929126934 1.956020360611104e-6 0.0), #(0.04288274119017994 9.893226193596153e-6 0.0), #(-0.028134932096161375 -3.2723292926091636e-6 0.0), #(-0.08224733673614211 -3.6056524120927584e-6 0.0), #(0.02820094471185768 6.292145624901712e-6 0.0)
tevelocity:, 40, #(0.09123094658287105 9.954564288869538e-7 0.0), #(-0.08881434014699373 -2.8547548282150864e-6 0.0), #(0.29549523722389465 -2.6455236543125107e-5 0.0), #(0.2586672956494631 2.3942419364895033e-5 0.0), #(0.21520499448969538 -3.633458891174273e-5 0.0), #(0.2699314649885162 4.2407171566925884e-5 0.0), #(-0.28689122957734803 -1.4654106535936415e-5 0.0), #(0.21108995845711437 -2.8319428661499077e-6 0.0), #(-0.26957893594302607 7.054023046500009e-6 0.0), #(0.08584767197690447 2.4643907752848603e-6 0.0), #(-0.12283611976810328 4.7935070425263685e-5 0.0), #(-0.16551159494723797 -3.878777992295662e-5 0.0), #(-0.14896321111573457 7.94380299962572e-6 0.0), #(0.17015115640165654 2.239223537492451e-5 0.0), #(-0.204500791844571 -8.028863021753016e-6 0.0), #(0.09027510010192939 -2.134516202545533e-5 0.0), #(-0.12582674655600612 1.748020177451032e-6 0.0), #(-0.09307544100640931 8.037136046988373e-6 0.0), #(0.04528481443171514 -5.40025844170842e-6 0.0), #(0.023634841391613235 -4.2035189867215015e-6 0.0), #(-0.048673914138024396 -1.3221950925835246e-5 0.0), #(-0.04159516195330701 1.4834164826265845e-5 0.0), #(-0.0063701971160093785 -2.192716317902534e-6 0.0), #(-0.006413258517910114 -1.0546270746326987e-6 0.0), #(-0.01744258548683704 -2.33839525525457e-7 0.0), #(-0.0013123763794814437 7.941496631115395e-7 0.0), #(0.03668189143521059 9.805394168518734e-6 0.0), #(-0.014094996748710793 -4.729116386764113e-6 0.0), #(-0.05767975214884011 -2.2954322914482647e-6 0.0), #(0.0012872567538232797 5.645072222757337e-6 0.0)
tevelocity:, 41, #(5.054900650165631e-5 2.3179734154110245e-7 0.0), #(-5.335812497908731e-5 -2.4206038556903393e-6 0.0), #(0.0027698145182681795 -3.696479853033206e-5 0.0), #(0.11525778991023465 2.9047869624818477e-5 0.0), #(-0.11520900827206397 -1.041956136794551e-5 0.0), #(0.02290523883074197 -5.607967603297907e-6 0.0), #(-0.024885402023739105 -1.6970101485270683e-5 0.0), #(0.01330517386332744 3.0449363688612665e-5 0.0), #(-0.012601957551093274 2.4748003124625017e-5 0.0), #(5.68914091812143e-4 -4.6792236866123826e-6 0.0), #(0.0041448371920230695 6.608156621542685e-6 0.0), #(-0.005134310894711511 6.095169257804345e-6 0.0), #(0.004466627250374264 5.3485687821180615e-6 0.0), #(-0.005067275563550824 -1.7980078795925413e-5 0.0), #(0.004593553446731365 6.7551705869923355e-6 0.0), #(0.002658892471657969 9.364944048032873e-6 0.0), #(-0.004061637939238725 -7.513965793155884e-6 0.0), #(-0.0024966218148785033 -3.0945681556210274e-6 0.0), #(0.013310042783244998 1.3326149211259085e-6 0.0), #(-0.005268118539768392 -3.8325182478964725e-6 0.0), #(-0.013350545085533693 -1.582213940206675e-5 0.0), #(0.005431954887554979 1.3544537093801262e-5 0.0), #(-2.3286821690297093e-5 -2.7812691441589845e-6 0.0), #(5.119684382042491e-5 -1.2412553467673692e-6 0.0), #(-1.8204809989935114e-4 1.4798241172217915e-6 0.0), #(1.2371628856259177e-4 1.2894021986592892e-7 0.0), #(8.193992499241861e-4 2.1327169166406266e-6 0.0), #(-1.194562448305725e-4 1.3826585009851416e-6 0.0), #(-0.0012602463547428092 -2.82138480787018e-7 0.0), #(4.029156207022759e-4 3.9713283884071486e-7 0.0)
