tevelocity:, 1, #(0.3083273060852744 -3.899663890359096e-7 0.0), #(0.30935047525733883 -2.171680841030792e-5 0.0), #(0.3149424053837189 1.6204817595598163e-5 0.0), #(0.2994417185510142 2.589070580663165e-6 0.0), #(0.30334863219187436 -2.4432916543350015e-6 0.0), #(0.28038896603138974 -9.288449529779425e-6 0.0), #(0.28734979570383873 9.584355127766634e-6 0.0), #(0.25843817364764604 1.2983624866868724e-4 0.0), #(0.2590575817806717 -1.3454334157257796e-4 0.0), #(0.23158434484633422 -1.1057513645788372e-4 0.0), #(0.23533899585318716 1.1180766428604923e-4 0.0), #(0.20904043091163615 4.561666480083128e-5 0.0), #(0.20918732005871388 -4.3845138658317166e-5 0.0), #(0.18697456019128594 8.805616213247037e-5 0.0), #(0.1840055354543622 -8.902911450174278e-5 0.0), #(0.16117499280101108 0.005653716637508149 0.0), #(0.16295262266605753 -0.005660396584267381 0.0), #(0.13867755566765694 1.6870293987813136e-4 0.0), #(0.13585669153932106 -8.206167523401434e-5 0.0), #(0.10770465965169387 0.0011835024769644184 0.0), #(0.10468539272690408 -0.0012346271580952655 0.0), #(0.08658175203871715 5.151707882243288e-6 0.0), #(-0.26418357271663273 1.8338709084004854e-5 0.0), #(0.04621363512507978 7.3951771364093516e-6 0.0), #(0.05714134311667455 -1.7897703809067336e-4 0.0), #(-0.08183811367485587 9.949100185297888e-5 0.0), #(-0.20510998008985348 1.6832888806415819e-6 0.0), #(-0.22457724094791323 -6.107384629343396e-5 0.0), #(-0.21931853962211825 -1.0377502610127005e-4 0.0), #(-0.15312831820649134 2.9934933400018764e-5 0.0)
tevelocity:, 2, #(0.306579235328686 1.5054686917348736e-6 0.0), #(0.31016874691354557 -2.001748188902099e-5 0.0), #(0.3148341313524726 1.3778062239386756e-5 0.0), #(0.2999709329709405 4.644648302069091e-6 0.0), #(0.303402144798883 -1.7971114121121762e-6 0.0), #(0.2811695822465999 -7.761304697085018e-6 0.0), #(0.28786463684921876 8.649346297661235e-6 0.0), #(0.2593914211504905 1.3604348310681825e-4 0.0), #(0.26000720135269484 -1.384724902619671e-4 0.0), #(0.23265213907357418 -1.0322638265263639e-4 0.0), #(0.2363324474494994 1.0317908769016264e-4 0.0), #(0.2099112504309064 4.5303205628999305e-5 0.0), #(0.21016974203514427 -4.4112559276726555e-5 0.0), #(0.18741615804363995 8.856649210429804e-5 0.0), #(0.18468424238941478 -8.879037076086691e-5 0.0), #(0.16095963393658982 0.0045232057564365555 0.0), #(0.16269320715750699 -0.004523105479885491 0.0), #(0.13670645867038034 1.0052251055472364e-4 0.0), #(0.13409050012499388 -7.678965918823552e-5 0.0), #(0.1024500927904934 0.0010490807574838961 0.0), #(0.09971591503763975 -0.0010414690221981254 0.0), #(0.07889001548300976 -2.596808516552921e-6 0.0), #(-0.2622025692173485 6.326779599357986e-7 0.0), #(0.036778396656787206 -6.91396640970309e-6 0.0), #(0.039601741070059704 -1.7556299364310246e-4 0.0), #(-0.12071681160323514 6.883344751676514e-5 0.0), #(-0.2025686868638407 2.7641866466128564e-5 0.0), #(-0.2198082298617628 -2.8677057360675234e-5 0.0), #(-0.20829821442005608 -1.1013578956350752e-6 0.0), #(-0.17708564495075987 -1.6932691527468494e-5 0.0)
tevelocity:, 3, #(0.30481502029545915 1.7102986935675743e-6 0.0), #(0.31100495495585506 -2.1078846490733232e-5 0.0), #(0.31470478658310097 1.3768212104970248e-5 0.0), #(0.30045974512185813 4.5283552662395315e-6 0.0), #(0.30342876984428424 -2.282737311515027e-6 0.0), #(0.2818913754279358 -7.159710147481979e-6 0.0), #(0.288315228016206 7.437702845842997e-6 0.0), #(0.26026690929019786 1.3123606646019923e-4 0.0), #(0.2608700501220703 -1.3261612239028089e-4 0.0), #(0.2336275912182845 -9.596856694298488e-5 0.0), #(0.23726350806296 9.556806960448382e-5 0.0), #(0.2106509028836574 4.4456788211679434e-5 0.0), #(0.21102594555860046 -4.389296324632721e-5 0.0), #(0.1876319672370939 8.996220225180736e-5 0.0), #(0.18516203763817474 -8.974308003295793e-5 0.0), #(0.1604296677662136 0.0037626354052733716 0.0), #(0.1621148224607194 -0.003761617420607609 0.0), #(0.13426431644313974 8.373561549777456e-5 0.0), #(0.1318720127602694 -7.601462913504667e-5 0.0), #(0.09616495236119274 8.269147021883006e-4 0.0), #(0.09386160360194631 -8.015281406502676e-4 0.0), #(0.07002650166995156 -3.847895860728354e-6 0.0), #(-0.25954291325778606 1.4996985425760372e-7 0.0), #(0.02583172890002557 -8.275318678680037e-6 0.0), #(0.012308313498335126 -1.511804821060878e-4 0.0), #(-0.14974635434521463 6.243356087104286e-5 0.0), #(-0.19625402703080777 9.90893177492627e-6 0.0), #(-0.21355399025373598 -2.979758046827558e-5 0.0), #(-0.18819954442667772 -1.0405489074962516e-5 0.0), #(-0.20595239586195002 -1.5154147663952008e-5 0.0)
tevelocity:, 4, #(0.30309675168208977 1.7282209465534644e-6 0.0), #(0.3117880514787664 -2.0668119263841264e-5 0.0), #(0.31456520846125935 1.3068688477515125e-5 0.0), #(0.30090820399492185 4.666772710771645e-6 0.0), #(0.3034197983524266 -2.3490375707040957e-6 0.0), #(0.28255070140088445 -6.6476131773241616e-6 0.0), #(0.2886990723753886 6.855532400061443e-6 0.0), #(0.2610722730192918 1.275024039535608e-4 0.0), #(0.2616488194423103 -1.2841870696438668e-4 0.0), #(0.2345179277291634 -8.940565976563981e-5 0.0), #(0.23807722223644556 8.887075962796502e-5 0.0), #(0.21126923206114323 4.386690356252883e-5 0.0), #(0.21177090294619855 -4.364332025072405e-5 0.0), #(0.18769305856048193 9.046888559649065e-5 0.0), #(0.18550478841290627 -9.02488895701519e-5 0.0), #(0.1596247042017459 0.00321387681075918 0.0), #(0.16127685877858225 -0.003212795984233666 0.0), #(0.13119722940578132 8.510445398084715e-5 0.0), #(0.12908157434804032 -7.560017497636579e-5 0.0), #(0.08866799316437592 6.635305049647917e-4 0.0), #(0.0870608696757643 -6.446354126871867e-4 0.0), #(0.05965188710966267 -3.983120391593345e-6 0.0), #(-0.25613341747023594 9.974171542999206e-8 0.0), #(0.01336045098389993 -7.471766949420615e-6 0.0), #(-0.02753287376250222 -1.134777629215304e-4 0.0), #(-0.16814748032167098 5.877367704616055e-5 0.0), #(-0.18804918963463657 -1.2503846769862826e-5 0.0), #(-0.20587785293964445 -3.08823566604208e-5 0.0), #(-0.15750697826025056 -1.6633689924071308e-5 0.0), #(-0.21995621057006265 -1.2711177759642584e-5 0.0)
tevelocity:, 5, #(0.30145774995844227 1.6897955479988964e-6 0.0), #(0.31248962594941165 -2.0256003435564266e-5 0.0), #(0.3144119296587783 1.2439381439193472e-5 0.0), #(0.3013155861939306 4.7968854910911515e-6 0.0), #(0.30337929562565424 -2.4047413198902643e-6 0.0), #(0.2831493139510955 -6.170666969528654e-6 0.0), #(0.2890173797114365 6.322335989144838e-6 0.0), #(0.2618039999159776 1.2449444611370325e-4 0.0), #(0.26234535537254783 -1.2524987051621209e-4 0.0), #(0.2353159472122203 -8.324323899021144e-5 0.0), #(0.23878722567217697 8.265747820293883e-5 0.0), #(0.21175257865360414 4.32165044103768e-5 0.0), #(0.21238907307170357 -4.31308408827348e-5 0.0), #(0.18755039382284971 9.070418646165519e-5 0.0), #(0.18566518384062397 -9.046479127830069e-5 0.0), #(0.158483279264603 0.002795213841192482 0.0), #(0.16011554942237147 -0.0027940071133181767 0.0), #(0.12745913172575632 8.417377752509996e-5 0.0), #(0.1256807235010061 -7.48454162629245e-5 0.0), #(0.07980876754710203 5.371229843316166e-4 0.0), #(0.07913552533577044 -5.213558392629841e-4 0.0), #(0.047505743264611634 -2.1182951968270722e-6 0.0), #(-0.25156336557178405 1.1120241813734471e-7 0.0), #(-2.665219932038751e-4 -7.82722019148308e-6 0.0), #(-0.07605465313101324 -6.606626257710394e-5 0.0), #(-0.1782235287663998 5.957899764344986e-5 0.0), #(-0.1820557624988773 -3.7005613158920124e-5 0.0), #(-0.19738008318271955 -3.3121893946837816e-5 0.0), #(-0.12106956539806389 1.3798933009090076e-7 0.0), #(-0.22295059441816256 -3.9826698074712206e-5 0.0)
tevelocity:, 6, #(0.29992128336741225 1.6168292110907976e-6 0.0), #(0.3130869962115079 -1.9855438325863994e-5 0.0), #(0.3142446803113469 1.185995281628462e-5 0.0), #(0.3016812847715058 4.9214396170870115e-6 0.0), #(0.3033074732233619 -2.455245055284157e-6 0.0), #(0.2836872350998607 -5.729516580351263e-6 0.0), #(0.28926950514928307 5.825974535501346e-6 0.0), #(0.2624607691077599 1.218913306471688e-4 0.0), #(0.26295818182874814 -1.2260322014847697e-4 0.0), #(0.23601810310970775 -7.736328929481687e-5 0.0), #(0.23940234298721438 7.682030051238859e-5 0.0), #(0.21211130648236431 4.259297746876187e-5 0.0), #(0.212890122776253 -4.243136162999667e-5 0.0), #(0.18719595530128108 8.970981076374029e-5 0.0), #(0.18563942921890442 -9.0066017557095e-5 0.0), #(0.15694877453756237 0.00245946332973308 0.0), #(0.15857175105129856 -0.0024594785909202157 0.0), #(0.12292756581399213 8.319874353022862e-5 0.0), #(0.121542392508533 -7.392621822157695e-5 0.0), #(0.06941561506376566 4.287403885645966e-4 0.0), #(0.07002590170506306 -4.1479096504319803e-4 0.0), #(0.033308044867470944 -1.9356645421866406e-6 0.0), #(-0.24536301075422456 1.3537761238303704e-7 0.0), #(-0.015042170131646609 -7.218537911598021e-6 0.0), #(-0.11979435937426 -2.2148041001486025e-5 0.0), #(-0.18321293330951616 6.369421859116098e-5 0.0), #(-0.1807187499057323 -5.307790585588156e-5 0.0), #(-0.189075664621308 -3.591634593788941e-5 0.0), #(-0.2182222421737846 -2.2590661007783487e-6 0.0), #(-0.10100991403097805 -5.109890478552101e-5 0.0)
tevelocity:, 7, #(0.2984967735838434 1.524699582798167e-6 0.0), #(0.313571291735095 -1.9477972046911587e-5 0.0), #(0.31406324531105845 1.1326035443582947e-5 0.0), #(0.30200486677134725 5.0403004043684145e-6 0.0), #(0.3032045186711942 -2.501229295615018e-6 0.0), #(0.2841645132720832 -5.3204359183843725e-6 0.0), #(0.28945492698107333 5.362107256820237e-6 0.0), #(0.2630414565931751 1.1957116446394145e-4 0.0), #(0.2634857722041974 -1.2028565275535746e-4 0.0), #(0.2366210423711389 -7.173137958473339e-5 0.0), #(0.23989130718193602 7.11880504404845e-5 0.0), #(0.21230137411901026 4.175851250508909e-5 0.0), #(0.21323231280420651 -4.159730556034274e-5 0.0), #(0.18659419735593155 8.921290036551176e-5 0.0), #(0.18538657365192607 -8.957781953807138e-5 0.0), #(0.1549993630923008 0.002182070612514283 0.0), #(0.15664221472631515 -0.0021820640504733244 0.0), #(0.11751858745015657 8.17156057524015e-5 0.0), #(0.11663121538884108 -7.244970577848974e-5 0.0), #(0.057257181294025454 3.456633828564859e-4 0.0), #(0.059701200070767936 -3.338450082146049e-4 0.0), #(0.01636975462035678 -1.6126489890064971e-6 0.0), #(-0.23673568140669835 1.6348741618961154e-7 0.0), #(-0.03079683592371467 -6.788743937581915e-6 0.0), #(-0.14863468239127298 2.1764603313532555e-6 0.0), #(-0.1843824916407611 7.326493957002155e-5 0.0), #(-0.18133946751299398 -5.824019712309137e-5 0.0), #(-0.1824563699467541 -3.5359617733531765e-5 0.0), #(-0.2077208793958432 -4.214523163687816e-6 0.0), #(-0.12468416451181463 -5.179176207775379e-5 0.0)
tevelocity:, 1, #(0.3083273060852744 -3.899663890359096e-7 0.0), #(0.30935047525733883 -2.171680841030792e-5 0.0), #(0.3149424053837189 1.6204817595598163e-5 0.0), #(0.2994417185510142 2.589070580663165e-6 0.0), #(0.30334863219187436 -2.4432916543350015e-6 0.0), #(0.28038896603138974 -9.288449529779425e-6 0.0), #(0.28734979570383873 9.584355127766634e-6 0.0), #(0.25843817364764604 1.2983624866868724e-4 0.0), #(0.2590575817806717 -1.3454334157257796e-4 0.0), #(0.23158434484633422 -1.1057513645788372e-4 0.0), #(0.23533899585318716 1.1180766428604923e-4 0.0), #(0.20904043091163615 4.561666480083128e-5 0.0), #(0.20918732005871388 -4.3845138658317166e-5 0.0), #(0.18697456019128594 8.805616213247037e-5 0.0), #(0.1840055354543622 -8.902911450174278e-5 0.0), #(0.16117499280101108 0.005653716637508149 0.0), #(0.16295262266605753 -0.005660396584267381 0.0), #(0.13867755566765694 1.6870293987813136e-4 0.0), #(0.13585669153932106 -8.206167523401434e-5 0.0), #(0.10770465965169387 0.0011835024769644184 0.0), #(0.10468539272690408 -0.0012346271580952655 0.0), #(0.08658175203871715 5.151707882243288e-6 0.0), #(-0.26418357271663273 1.8338709084004854e-5 0.0), #(0.04621363512507978 7.3951771364093516e-6 0.0), #(0.05714134311667455 -1.7897703809067336e-4 0.0), #(-0.08183811367485587 9.949100185297888e-5 0.0), #(-0.20510998008985348 1.6832888806415819e-6 0.0), #(-0.22457724094791323 -6.107384629343396e-5 0.0), #(-0.21931853962211825 -1.0377502610127005e-4 0.0), #(-0.15312831820649134 2.9934933400018764e-5 0.0)
tevelocity:, 2, #(0.306579235328686 1.5054686917348736e-6 0.0), #(0.31016874691354557 -2.001748188902099e-5 0.0), #(0.3148341313524726 1.3778062239386756e-5 0.0), #(0.2999709329709405 4.644648302069091e-6 0.0), #(0.303402144798883 -1.7971114121121762e-6 0.0), #(0.2811695822465999 -7.761304697085018e-6 0.0), #(0.28786463684921876 8.649346297661235e-6 0.0), #(0.2593914211504905 1.3604348310681825e-4 0.0), #(0.26000720135269484 -1.384724902619671e-4 0.0), #(0.23265213907357418 -1.0322638265263639e-4 0.0), #(0.2363324474494994 1.0317908769016264e-4 0.0), #(0.2099112504309064 4.5303205628999305e-5 0.0), #(0.21016974203514427 -4.4112559276726555e-5 0.0), #(0.18741615804363995 8.856649210429804e-5 0.0), #(0.18468424238941478 -8.879037076086691e-5 0.0), #(0.16095963393658982 0.0045232057564365555 0.0), #(0.16269320715750699 -0.004523105479885491 0.0), #(0.13670645867038034 1.0052251055472364e-4 0.0), #(0.13409050012499388 -7.678965918823552e-5 0.0), #(0.1024500927904934 0.0010490807574838961 0.0), #(0.09971591503763975 -0.0010414690221981254 0.0), #(0.07889001548300976 -2.596808516552921e-6 0.0), #(-0.2622025692173485 6.326779599357986e-7 0.0), #(0.036778396656787206 -6.91396640970309e-6 0.0), #(0.039601741070059704 -1.7556299364310246e-4 0.0), #(-0.12071681160323514 6.883344751676514e-5 0.0), #(-0.2025686868638407 2.7641866466128564e-5 0.0), #(-0.2198082298617628 -2.8677057360675234e-5 0.0), #(-0.20829821442005608 -1.1013578956350752e-6 0.0), #(-0.17708564495075987 -1.6932691527468494e-5 0.0)
tevelocity:, 3, #(0.30481502029545915 1.7102986935675743e-6 0.0), #(0.31100495495585506 -2.1078846490733232e-5 0.0), #(0.31470478658310097 1.3768212104970248e-5 0.0), #(0.30045974512185813 4.5283552662395315e-6 0.0), #(0.30342876984428424 -2.282737311515027e-6 0.0), #(0.2818913754279358 -7.159710147481979e-6 0.0), #(0.288315228016206 7.437702845842997e-6 0.0), #(0.26026690929019786 1.3123606646019923e-4 0.0), #(0.2608700501220703 -1.3261612239028089e-4 0.0), #(0.2336275912182845 -9.596856694298488e-5 0.0), #(0.23726350806296 9.556806960448382e-5 0.0), #(0.2106509028836574 4.4456788211679434e-5 0.0), #(0.21102594555860046 -4.389296324632721e-5 0.0), #(0.1876319672370939 8.996220225180736e-5 0.0), #(0.18516203763817474 -8.974308003295793e-5 0.0), #(0.1604296677662136 0.0037626354052733716 0.0), #(0.1621148224607194 -0.003761617420607609 0.0), #(0.13426431644313974 8.373561549777456e-5 0.0), #(0.1318720127602694 -7.601462913504667e-5 0.0), #(0.09616495236119274 8.269147021883006e-4 0.0), #(0.09386160360194631 -8.015281406502676e-4 0.0), #(0.07002650166995156 -3.847895860728354e-6 0.0), #(-0.25954291325778606 1.4996985425760372e-7 0.0), #(0.02583172890002557 -8.275318678680037e-6 0.0), #(0.012308313498335126 -1.511804821060878e-4 0.0), #(-0.14974635434521463 6.243356087104286e-5 0.0), #(-0.19625402703080777 9.90893177492627e-6 0.0), #(-0.21355399025373598 -2.979758046827558e-5 0.0), #(-0.18819954442667772 -1.0405489074962516e-5 0.0), #(-0.20595239586195002 -1.5154147663952008e-5 0.0)
tevelocity:, 4, #(0.30309675168208977 1.7282209465534644e-6 0.0), #(0.3117880514787664 -2.0668119263841264e-5 0.0), #(0.31456520846125935 1.3068688477515125e-5 0.0), #(0.30090820399492185 4.666772710771645e-6 0.0), #(0.3034197983524266 -2.3490375707040957e-6 0.0), #(0.28255070140088445 -6.6476131773241616e-6 0.0), #(0.2886990723753886 6.855532400061443e-6 0.0), #(0.2610722730192918 1.275024039535608e-4 0.0), #(0.2616488194423103 -1.2841870696438668e-4 0.0), #(0.2345179277291634 -8.940565976563981e-5 0.0), #(0.23807722223644556 8.887075962796502e-5 0.0), #(0.21126923206114323 4.386690356252883e-5 0.0), #(0.21177090294619855 -4.364332025072405e-5 0.0), #(0.18769305856048193 9.046888559649065e-5 0.0), #(0.18550478841290627 -9.02488895701519e-5 0.0), #(0.1596247042017459 0.00321387681075918 0.0), #(0.16127685877858225 -0.003212795984233666 0.0), #(0.13119722940578132 8.510445398084715e-5 0.0), #(0.12908157434804032 -7.560017497636579e-5 0.0), #(0.08866799316437592 6.635305049647917e-4 0.0), #(0.0870608696757643 -6.446354126871867e-4 0.0), #(0.05965188710966267 -3.983120391593345e-6 0.0), #(-0.25613341747023594 9.974171542999206e-8 0.0), #(0.01336045098389993 -7.471766949420615e-6 0.0), #(-0.02753287376250222 -1.134777629215304e-4 0.0), #(-0.16814748032167098 5.877367704616055e-5 0.0), #(-0.18804918963463657 -1.2503846769862826e-5 0.0), #(-0.20587785293964445 -3.08823566604208e-5 0.0), #(-0.15750697826025056 -1.6633689924071308e-5 0.0), #(-0.21995621057006265 -1.2711177759642584e-5 0.0)
tevelocity:, 5, #(0.30145774995844227 1.6897955479988964e-6 0.0), #(0.31248962594941165 -2.0256003435564266e-5 0.0), #(0.3144119296587783 1.2439381439193472e-5 0.0), #(0.3013155861939306 4.7968854910911515e-6 0.0), #(0.30337929562565424 -2.4047413198902643e-6 0.0), #(0.2831493139510955 -6.170666969528654e-6 0.0), #(0.2890173797114365 6.322335989144838e-6 0.0), #(0.2618039999159776 1.2449444611370325e-4 0.0), #(0.26234535537254783 -1.2524987051621209e-4 0.0), #(0.2353159472122203 -8.324323899021144e-5 0.0), #(0.23878722567217697 8.265747820293883e-5 0.0), #(0.21175257865360414 4.32165044103768e-5 0.0), #(0.21238907307170357 -4.31308408827348e-5 0.0), #(0.18755039382284971 9.070418646165519e-5 0.0), #(0.18566518384062397 -9.046479127830069e-5 0.0), #(0.158483279264603 0.002795213841192482 0.0), #(0.16011554942237147 -0.0027940071133181767 0.0), #(0.12745913172575632 8.417377752509996e-5 0.0), #(0.1256807235010061 -7.48454162629245e-5 0.0), #(0.07980876754710203 5.371229843316166e-4 0.0), #(0.07913552533577044 -5.213558392629841e-4 0.0), #(0.047505743264611634 -2.1182951968270722e-6 0.0), #(-0.25156336557178405 1.1120241813734471e-7 0.0), #(-2.665219932038751e-4 -7.82722019148308e-6 0.0), #(-0.07605465313101324 -6.606626257710394e-5 0.0), #(-0.1782235287663998 5.957899764344986e-5 0.0), #(-0.1820557624988773 -3.7005613158920124e-5 0.0), #(-0.19738008318271955 -3.3121893946837816e-5 0.0), #(-0.12106956539806389 1.3798933009090076e-7 0.0), #(-0.22295059441816256 -3.9826698074712206e-5 0.0)
tevelocity:, 6, #(0.29992128336741225 1.6168292110907976e-6 0.0), #(0.3130869962115079 -1.9855438325863994e-5 0.0), #(0.3142446803113469 1.185995281628462e-5 0.0), #(0.3016812847715058 4.9214396170870115e-6 0.0), #(0.3033074732233619 -2.455245055284157e-6 0.0), #(0.2836872350998607 -5.729516580351263e-6 0.0), #(0.28926950514928307 5.825974535501346e-6 0.0), #(0.2624607691077599 1.218913306471688e-4 0.0), #(0.26295818182874814 -1.2260322014847697e-4 0.0), #(0.23601810310970775 -7.736328929481687e-5 0.0), #(0.23940234298721438 7.682030051238859e-5 0.0), #(0.21211130648236431 4.259297746876187e-5 0.0), #(0.212890122776253 -4.243136162999667e-5 0.0), #(0.18719595530128108 8.970981076374029e-5 0.0), #(0.18563942921890442 -9.0066017557095e-5 0.0), #(0.15694877453756237 0.00245946332973308 0.0), #(0.15857175105129856 -0.0024594785909202157 0.0), #(0.12292756581399213 8.319874353022862e-5 0.0), #(0.121542392508533 -7.392621822157695e-5 0.0), #(0.06941561506376566 4.287403885645966e-4 0.0), #(0.07002590170506306 -4.1479096504319803e-4 0.0), #(0.033308044867470944 -1.9356645421866406e-6 0.0), #(-0.24536301075422456 1.3537761238303704e-7 0.0), #(-0.015042170131646609 -7.218537911598021e-6 0.0), #(-0.11979435937426 -2.2148041001486025e-5 0.0), #(-0.18321293330951616 6.369421859116098e-5 0.0), #(-0.1807187499057323 -5.307790585588156e-5 0.0), #(-0.189075664621308 -3.591634593788941e-5 0.0), #(-0.2182222421737846 -2.2590661007783487e-6 0.0), #(-0.10100991403097805 -5.109890478552101e-5 0.0)
tevelocity:, 7, #(0.2984967735838434 1.524699582798167e-6 0.0), #(0.313571291735095 -1.9477972046911587e-5 0.0), #(0.31406324531105845 1.1326035443582947e-5 0.0), #(0.30200486677134725 5.0403004043684145e-6 0.0), #(0.3032045186711942 -2.501229295615018e-6 0.0), #(0.2841645132720832 -5.3204359183843725e-6 0.0), #(0.28945492698107333 5.362107256820237e-6 0.0), #(0.2630414565931751 1.1957116446394145e-4 0.0), #(0.2634857722041974 -1.2028565275535746e-4 0.0), #(0.2366210423711389 -7.173137958473339e-5 0.0), #(0.23989130718193602 7.11880504404845e-5 0.0), #(0.21230137411901026 4.175851250508909e-5 0.0), #(0.21323231280420651 -4.159730556034274e-5 0.0), #(0.18659419735593155 8.921290036551176e-5 0.0), #(0.18538657365192607 -8.957781953807138e-5 0.0), #(0.1549993630923008 0.002182070612514283 0.0), #(0.15664221472631515 -0.0021820640504733244 0.0), #(0.11751858745015657 8.17156057524015e-5 0.0), #(0.11663121538884108 -7.244970577848974e-5 0.0), #(0.057257181294025454 3.456633828564859e-4 0.0), #(0.059701200070767936 -3.338450082146049e-4 0.0), #(0.01636975462035678 -1.6126489890064971e-6 0.0), #(-0.23673568140669835 1.6348741618961154e-7 0.0), #(-0.03079683592371467 -6.788743937581915e-6 0.0), #(-0.14863468239127298 2.1764603313532555e-6 0.0), #(-0.1843824916407611 7.326493957002155e-5 0.0), #(-0.18133946751299398 -5.824019712309137e-5 0.0), #(-0.1824563699467541 -3.5359617733531765e-5 0.0), #(-0.2077208793958432 -4.214523163687816e-6 0.0), #(-0.12468416451181463 -5.179176207775379e-5 0.0)
tevelocity:, 8, #(0.29718887832518576 2.185388991691206e-6 0.0), #(0.31393724953292595 -1.5688054200555014e-5 0.0), #(0.31386888035028904 1.1243687421347397e-5 0.0), #(0.30228034207981064 7.128990960708809e-6 0.0), #(0.3030652477234757 -2.8035402690989493e-6 0.0), #(0.2845768266981033 -4.725272858206711e-6 0.0), #(0.2895740395578987 6.0806694134623106e-6 0.0), #(0.2635537737220545 1.0883561779791585e-4 0.0), #(0.2639090491338676 -1.1740994594589312e-4 0.0), #(0.23714174534763516 -2.4396492470018835e-4 0.0), #(0.24026907423766658 2.495705640208297e-4 0.0), #(0.2123301532471377 4.116787954232591e-5 0.0), #(0.21342439154774842 -3.669887082581811e-5 0.0), #(0.18575150497647258 8.722022611405738e-5 0.0), #(0.1849134043840581 -9.071809290183174e-5 0.0), #(0.15257651850848347 0.001934810536798022 0.0), #(0.15428494208143959 -0.0019398893912356682 0.0), #(0.11107900805780895 1.6607972645674593e-4 0.0), #(0.11072463858971861 -8.120237749939676e-5 0.0), #(0.043146291539898796 8.633407663977058e-4 0.0), #(0.04812499918574712 -9.467870125834813e-4 0.0), #(-0.003943913353546867 8.264285572913237e-7 0.0), #(-0.22479138946635172 2.2306114002685824e-5 0.0), #(-0.046833311965697226 1.3376899411511595e-5 0.0), #(-0.16406452013598938 -7.468245658605185e-6 0.0), #(-0.18280740577873053 1.0424777356285404e-4 0.0), #(-0.1794137524591738 -4.896638564907062e-5 0.0), #(-0.17916478460279794 -1.536486711880673e-4 0.0), #(-0.1911752154946087 3.519932779250323e-4 0.0), #(-0.1741857511572811 -2.742539055916994e-4 0.0)
tevelocity:, 9, #(0.295982626149525 9.427246463637999e-7 0.0), #(0.3142009323042394 -1.7204640058227634e-5 0.0), #(0.3136624871547967 9.502457033287971e-6 0.0), #(0.30252503370637646 5.553674919805113e-6 0.0), #(0.3029018132940758 -2.239496198079684e-6 0.0), #(0.28493524321652136 -4.5851005953304e-6 0.0), #(0.28961990165031015 5.3468297125204556e-6 0.0), #(0.26397329818207904 1.2026343294675577e-4 0.0), #(0.2642707720592388 -1.258372820560489e-4 0.0), #(0.23752668963579315 -2.3180877276299215e-4 0.0), #(0.240499759524908 2.334075042447774e-4 0.0), #(0.21217780685804613 4.132116710258005e-5 0.0), #(0.21344019881597218 -3.851433270463023e-5 0.0), #(0.18457733023857578 8.689123810112027e-5 0.0), #(0.18413996901661359 -8.739846374008647e-5 0.0), #(0.1495788500309733 0.0017339848457519527 0.0), #(0.15136463584045526 -0.001733836638530904 0.0), #(0.10345291247170688 7.475907601654192e-5 0.0), #(0.10390682942671207 -6.75358495733853e-5 0.0), #(0.02710732709195576 6.33502542763535e-4 0.0), #(0.03532101773033188 -6.178573426428673e-4 0.0), #(-0.029142509710674027 -3.822035974252672e-6 0.0), #(-0.2075897071497441 -1.8271839531166645e-7 0.0), #(-0.06307596600546038 -5.203495328141046e-6 0.0), #(-0.1788815410267159 -1.6018214034451144e-5 0.0), #(-0.1715284721322485 1.170281889782497e-4 0.0), #(-0.17391794394511298 -5.792610248796342e-5 0.0), #(-0.17964328557566453 -8.13062556318247e-6 0.0), #(-0.16949737782969337 -3.605092431408082e-5 0.0), #(-0.20182609001745672 -3.370221558286812e-5 0.0)
tevelocity:, 10, #(0.29485431468537876 1.2193867963558153e-6 0.0), #(0.31438756220129244 -1.852364627226255e-5 0.0), #(0.3134309510946096 9.96978427927792e-6 0.0), #(0.30271963922030914 5.361087429440547e-6 0.0), #(0.30270821775280043 -2.610510202342588e-6 0.0), #(0.2852304876760549 -4.243954480424211e-6 0.0), #(0.2896020840821571 4.164842630819025e-6 0.0), #(0.26431129160641736 1.1701238152369893e-4 0.0), #(0.2645344555758601 -1.1999303194946274e-4 0.0), #(0.23779395437878814 -2.1685219429236807e-4 0.0), #(0.2406221892588823 2.1703031068370774e-4 0.0), #(0.211844695677262 3.8956475719929464e-5 0.0), #(0.21328887782722405 -3.7672194033897776e-5 0.0), #(0.18310390898065723 8.519623270656012e-5 0.0), #(0.18308621787642615 -8.560729711983925e-5 0.0), #(0.1459453930788368 0.0015433230970584555 0.0), #(0.14787921582884622 -0.001543105665390534 0.0), #(0.0944493446239193 7.443584064810564e-5 0.0), #(0.09578757136135303 -6.481292270266852e-5 0.0), #(0.008944677225366038 4.590550525242992e-4 0.0), #(0.021428465191104442 -4.5022152173951704e-4 0.0), #(-0.059610822155387905 -3.22291265438723e-6 0.0), #(-0.18444065755035854 3.399624149241415e-7 0.0), #(-0.07850616114713181 -4.043521760166614e-6 0.0), #(-0.1742175177376298 5.780382709809525e-5 0.0), #(-0.17418893476199776 4.4459534164953e-5 0.0), #(-0.16519586309017445 -5.453574098832961e-5 0.0), #(-0.18200803395080992 -4.590420235979438e-6 0.0), #(-0.14499449570430475 -1.6577561453276677e-5 0.0), #(-0.21059862292115689 -2.1434436664330676e-5 0.0)
tevelocity:, 11, #(0.2938141289933633 1.1534516028236523e-6 0.0), #(0.31448050486133755 -1.8295223632830838e-5 0.0), #(0.31318906878249964 9.56126783143543e-6 0.0), #(0.30287136928440295 5.4611284817010294e-6 0.0), #(0.30247868314068455 -2.642455836645742e-6 0.0), #(0.28546127078919215 -3.944190064708994e-6 0.0), #(0.2895086300013625 3.7779229389807793e-6 0.0), #(0.26456758048980356 1.1423507168761962e-4 0.0), #(0.264697131678736 -1.1605245053545097e-4 0.0), #(0.23795244598852308 -2.029986079629547e-4 0.0), #(0.2405936942600143 2.026676889885662e-4 0.0), #(0.2113034141126991 3.726061614105274e-5 0.0), #(0.2129375395111135 -3.660207706042818e-5 0.0), #(0.18127771428328823 8.299828699165929e-5 0.0), #(0.18170161855628156 -8.33807637798603e-5 0.0), #(0.14157597266675623 0.0013665805419695789 0.0), #(0.14373496852139475 -0.0013662041796758224 0.0), #(0.08387057664395815 7.061510566211339e-5 0.0), #(0.08627355323290438 -6.083250925622015e-5 0.0), #(-0.01113249987177368 3.2713120850029644e-4 0.0), #(0.006617297276721424 -3.215765636738756e-4 0.0), #(-0.09444781688895706 -2.538286191195249e-6 0.0), #(-0.15584185590941765 2.5308385817735626e-7 0.0), #(-0.0932545533034065 -2.8826847593411186e-6 0.0), #(-0.16869715535458676 7.353716044323855e-5 0.0), #(-0.17425068513707742 2.5019787192024827e-5 0.0), #(-0.1548697164962658 -4.5668354860165514e-5 0.0), #(-0.18256908907314018 5.096409774042456e-6 0.0), #(-0.1228547376767576 -2.3260432223572174e-5 0.0), #(-0.20923060038957764 -1.682978108038736e-5 0.0)
tevelocity:, 12, #(0.2928423027420717 1.0861788471427775e-6 0.0), #(0.3145019550670451 -1.8105249933452705e-5 0.0), #(0.312931158298929 9.202995504038391e-6 0.0), #(0.3029797646854462 5.548781275108424e-6 0.0), #(0.3022164240061335 -2.6726258653206796e-6 0.0), #(0.2856288734894364 -3.6535175743042354e-6 0.0), #(0.28934157908171715 3.427725006286902e-6 0.0), #(0.264736483810824 1.1246005289287722e-4 0.0), #(0.2647596691067233 -1.1378759988572371e-4 0.0), #(0.23798524570212454 -1.9000462800189242e-4 0.0), #(0.24041538181641198 1.8946544762666408e-4 0.0), #(0.21053872892295153 3.5684480420386564e-5 0.0), #(0.2123721222026721 -3.528113791757872e-5 0.0), #(0.1790576372353492 8.033837239047759e-5 0.0), #(0.17994107601228632 -8.070258187592718e-5 0.0), #(0.13634266193513306 0.0011997447932742796 0.0), #(0.13883293102673525 -0.001199180291481862 0.0), #(0.07149632621368265 6.619710410362961e-5 0.0), #(0.07516324472292372 -5.603934341123495e-5 0.0), #(-0.03283488920115776 2.2731795276687561e-4 0.0), #(-0.008806777089814978 -2.2391208853110386e-4 0.0), #(-0.12946682799593937 -1.6627623197484163e-6 0.0), #(-0.1255241981166051 4.6916865492850576e-7 0.0), #(-0.1069974284368609 -2.3953042746612547e-6 0.0), #(-0.1721963760157626 3.71680242395129e-5 0.0), #(-0.16338174424705817 5.3474708726644066e-5 0.0), #(-0.14529599594302586 -8.638810177119592e-6 0.0), #(-0.17887685874154263 -1.0885979266438374e-5 0.0), #(-0.1086198404694032 -4.723571091250452e-5 0.0), #(-0.20053269775831967 3.198763864342231e-6 0.0)
tevelocity:, 13, #(0.29192734521632974 1.0281176221490443e-6 0.0), #(0.31446099581225084 -1.7940124930983386e-5 0.0), #(0.3126563265200571 8.867305720876703e-6 0.0), #(0.30304431421423733 5.631841978093228e-6 0.0), #(0.3019200889957422 -2.698566341393642e-6 0.0), #(0.2857315042458001 -3.379423031828267e-6 0.0), #(0.2890975110973583 3.09834150988179e-6 0.0), #(0.2648131868249933 1.1141345531823116e-4 0.0), #(0.26471708606570493 -1.1254013162068767e-4 0.0), #(0.23788344671758002 -1.777261067350907e-4 0.0), #(0.24008652248007475 1.7702000760851384e-4 0.0), #(0.2095535707753586 3.3848395079993445e-5 0.0), #(0.21158833060621118 -3.3687520375111895e-5 0.0), #(0.17640821610404983 7.81862961218255e-5 0.0), #(0.1777543477561829 -7.777859696218785e-5 0.0), #(0.13007561015020325 0.0010412830128900161 0.0), #(0.13302636645811058 -0.0010390750800015622 0.0), #(0.05713793381318011 6.105922722146254e-5 0.0), #(0.06219696615489895 -5.0232881157333144e-5 0.0), #(-0.05566735618128839 1.495653893331725e-4 0.0), #(-0.024291806426712588 -1.4879740545074038e-4 0.0), #(-0.15902364053727122 -1.1401583435116967e-6 0.0), #(-0.09911302291015978 7.747419349985427e-7 0.0), #(-0.11933920331270992 -1.5057123380805993e-6 0.0), #(-0.16821133136100808 2.4292954438067944e-5 0.0), #(-0.15909021476863888 5.414418273763841e-5 0.0), #(-0.17037349451138084 1.1963842334566172e-4 0.0), #(-0.13920407166636034 -1.1335224081920658e-4 0.0), #(-0.1850897080265783 -5.261522549549515e-5 0.0), #(-0.10599942146856382 1.4413551184085167e-6 0.0)
tevelocity:, 14, #(0.2910591912261434 9.793271354964159e-7 0.0), #(0.31436550963498444 -1.7800339735608622e-5 0.0), #(0.31236384566381803 8.552996053770122e-6 0.0), #(0.30306471500844195 5.709669270240635e-6 0.0), #(0.3015884289831919 -2.720739811970217e-6 0.0), #(0.2857674410529433 -3.1203029097933754e-6 0.0), #(0.2887730692364232 2.7858118120866626e-6 0.0), #(0.26479272544641413 1.1092157325295951e-4 0.0), #(0.2645638538441782 -1.1197436930720703e-4 0.0), #(0.23763722117668343 -1.6609820941780042e-4 0.0), #(0.2395800785052059 1.6550129838909894e-4 0.0), #(0.20830237074343738 3.235396289678746e-5 0.0), #(0.21054515587334532 -3.220885023796048e-5 0.0), #(0.17326594763849365 7.372113861416497e-5 0.0), #(0.17508042206017949 -7.411939848765466e-5 0.0), #(0.12263037768771225 8.870948216920171e-4 0.0), #(0.1262113250647948 -8.860914913863226e-4 0.0), #(0.04059341708021292 5.501503820499535e-5 0.0), #(0.047105387907896555 -4.3030123988017254e-5 0.0), #(-0.07895016373571125 8.739090340051359e-5 0.0), #(-0.03927590592010561 -9.184274136577257e-5 0.0), #(-0.17960339461446992 -1.255427385151564e-6 0.0), #(-0.07987228720815123 1.1561219042407285e-6 0.0), #(-0.13030488417214972 -7.28675034829139e-7 0.0), #(-0.16245859149012273 1.8190677435332298e-5 0.0), #(-0.15629998135707918 4.480151587633432e-5 0.0), #(-0.15780936242233157 8.680996154264957e-5 0.0), #(-0.13893034385240374 -4.939319252548063e-5 0.0), #(-0.1621372109741195 -5.031425024708468e-5 0.0), #(-0.11787742644211414 -9.399346124067627e-6 0.0)
tevelocity:, 15, #(0.2902330303652347 -2.240242443485855e-6 0.0), #(0.31421291285944297 -1.8797008185626886e-5 0.0), #(0.3120562370850878 7.927199927140678e-6 0.0), #(0.30303982967174725 6.698148456155801e-6 0.0), #(0.301214953047639 -2.045955658840234e-6 0.0), #(0.2857339707376613 -4.4322336957097175e-6 0.0), #(0.2883628813932089 2.813527909403146e-6 0.0), #(0.2646765162065864 1.1586102794821504e-4 0.0), #(0.2642738513442855 -1.1364467269826245e-4 0.0), #(0.23725859523181686 3.6046956792109723e-4 0.0), #(0.2388898012052493 -3.6639549661981335e-4 0.0), #(0.2067184596269865 3.235199819622425e-5 0.0), #(0.20917749027554483 -2.6168446032170756e-5 0.0), #(0.16958638672685006 7.182216361356048e-5 0.0), #(0.17183468470840838 -6.692808034840552e-5 0.0), #(0.11378951374489395 7.528468608671944e-4 0.0), #(0.11838497685750743 -7.448987669954316e-4 0.0), #(0.021746163641309546 2.5982745764623866e-5 0.0), #(0.02977277970753086 6.776942985839594e-5 0.0), #(-0.10207292571437993 2.875867486247929e-4 0.0), #(-0.05324340127518705 -2.849684387559664e-4 0.0), #(-0.19101367746352607 -9.96092096247901e-5 0.0), #(-0.06785001945942884 1.67588777293502e-5 0.0), #(-0.13965986947072917 -1.0779736543031392e-5 0.0), #(-0.15531803328677185 2.023371896791745e-5 0.0), #(-0.1546242611746657 4.5180499205904056e-5 0.0), #(-0.14308786550608452 8.058246217206494e-5 0.0), #(-0.14470280836506186 -1.0195721412095075e-5 0.0), #(-0.1324647814548386 1.6342779708210218e-4 0.0), #(-0.13726076923858707 4.7768335081969706e-5 0.0)
tevelocity:, 16, #(0.2894326358526626 8.734969456347399e-7 0.0), #(0.31403198189605325 -1.7267947258592108e-5 0.0), #(0.31172258057699653 7.79606532803665e-6 0.0), #(0.30297032564056675 5.9465125228124495e-6 0.0), #(0.3008111255920606 -2.662079628498161e-6 0.0), #(0.28562950382174845 -2.699830201583449e-6 0.0), #(0.2878666039398346 2.4474190065223375e-6 0.0), #(0.26444035749586686 1.1087658320709895e-4 0.0), #(0.2638898750984726 -1.1000223950751477e-4 0.0), #(0.23667789786505777 3.449718288611833e-4 0.0), #(0.23798621498938613 -3.486596595014127e-4 0.0), #(0.20482113401948024 2.7477655716773645e-5 0.0), #(0.2074971367707265 -2.5345984821730417e-5 0.0), #(0.1652080110425946 6.554551998484258e-5 0.0), #(0.16788828339692016 -6.554612912960866e-5 0.0), #(0.10321551880377389 6.006194339344067e-4 0.0), #(0.10928050237719193 -5.983724992984533e-4 0.0), #(4.3333177059107816e-4 4.1156778217685406e-5 0.0), #(0.009607885818711605 -3.112797611717311e-5 0.0), #(-0.12340367711978469 2.9505526044053582e-5 0.0), #(-0.06503153464626282 5.1478914162627586e-5 0.0), #(-0.1957334136520545 -8.838813779164416e-5 0.0), #(-0.060949670318811607 2.034223828533341e-6 0.0), #(-0.1477295799522221 1.316368590133436e-7 0.0), #(-0.14729785900552653 9.612507773330734e-6 0.0), #(-0.15281375277246195 2.1513688851257288e-5 0.0), #(-0.12896047719706463 8.183989416488768e-5 0.0), #(-0.15212364950242607 1.0690743016518245e-5 0.0), #(-0.10364472818445448 -4.694284262234194e-5 0.0), #(-0.15150316510801273 -2.8498643739219615e-5 0.0)
tevelocity:, 17, #(0.28865136034100713 8.575588651800704e-7 0.0), #(0.3138081253919915 -1.735290584106478e-5 0.0), #(0.3113717447276528 7.64850210827862e-6 0.0), #(0.30285596783364893 5.947608416275406e-6 0.0), #(0.30036382389460126 -2.7227669658590984e-6 0.0), #(0.28545146927477544 -2.4144856114150376e-6 0.0), #(0.2872739974653111 2.0132845554192206e-6 0.0), #(0.2640870003797879 1.1141279013909307e-4 0.0), #(0.2633655396943474 -1.1147248991852359e-4 0.0), #(0.23591700280915298 3.282851560294299e-4 0.0), #(0.2368576397510006 -3.2959150017070966e-4 0.0), #(0.20255551230546462 2.5490686286069872e-5 0.0), #(0.20544343374682536 -2.4649363560075105e-5 0.0), #(0.1601671143087923 6.096481556427791e-5 0.0), #(0.16317032130209186 -6.110541315173273e-5 0.0), #(0.0905116587313807 4.705112507249209e-4 0.0), #(0.09869069628195865 -4.6771926802126687e-4 0.0), #(-0.023366011713379264 3.4135787647865846e-5 0.0), #(-0.012769933210364445 -1.6034754656270098e-5 0.0), #(-0.1418198431566375 7.776559292129928e-7 0.0), #(-0.1961088152675044 1.0906079606195827e-5 0.0), #(-0.07479002853538334 -2.9802937326057422e-5 0.0), #(-0.0572974201697171 1.6929797017769565e-6 0.0), #(-0.15398376296283367 3.881685007206618e-7 0.0), #(-0.1390808542884245 6.7919592715488194e-6 0.0), #(-0.14950981536704855 1.1884398813181684e-5 0.0), #(-0.11881597117196342 -4.2032567118291076e-5 0.0), #(-0.15531236947946522 1.432951613569534e-4 0.0), #(-0.08226426162719 3.295716641473832e-5 0.0), #(-0.15269218001680876 -8.069455087638953e-5 0.0)
tevelocity:, 18, #(0.2878857614134366 8.555404033553286e-7 0.0), #(0.31354752593936824 -1.7380571869577147e-5 0.0), #(0.31099931218874977 7.442996358864035e-6 0.0), #(0.30269486194399 5.981522030959146e-6 0.0), #(0.29987277638001664 -2.7609722967215596e-6 0.0), #(0.2851951926537221 -2.197871952677208e-6 0.0), #(0.2865801918239349 1.6951460647848742e-6 0.0), #(0.26360708828350093 1.1354341203989649e-4 0.0), #(0.26269374694035436 -1.1409994646122064e-4 0.0), #(0.23495710767582548 3.113292222331507e-4 0.0), #(0.2354237355271027 -3.1200264698069696e-4 0.0), #(0.19989025420405176 2.4887967484589104e-5 0.0), #(0.2029805641342635 -2.4083135454703453e-5 0.0), #(0.15447398562869913 5.723374155518584e-5 0.0), #(0.15769175205233055 -5.715006333845149e-5 0.0), #(0.07524860016502044 3.5286405755946245e-4 0.0), #(0.08640963453204949 -3.492758684913273e-4 0.0), #(-0.04894657222640852 2.5911891232296462e-5 0.0), #(-0.03720093594581893 -5.875982697995169e-6 0.0), #(-0.15635244930183298 -8.712867693863902e-6 0.0), #(-0.19413622568355532 7.658828324680372e-6 0.0), #(-0.08219396527371234 -2.2396791887309266e-5 0.0), #(-0.05554941179845457 1.448999006267607e-6 0.0), #(-0.15895852748713243 4.873145744726087e-7 0.0), #(-0.13164150446235448 8.570229388788659e-6 0.0), #(-0.14409627914657347 8.453326868745256e-7 0.0), #(-0.15171402817260968 -7.117949373962421e-6 0.0), #(-0.11429962614497158 1.0587808021873288e-4 0.0), #(-0.14321972399630592 2.065514998032481e-4 0.0), #(-0.07528958740504825 -2.2571580224788057e-4 0.0)
tevelocity:, 19, #(0.2871282623892729 8.500108119829564e-7 0.0), #(0.3132526706090986 -1.737700513865822e-5 0.0), #(0.31060394371000793 7.227900268949404e-6 0.0), #(0.3024860203367059 6.020531967211254e-6 0.0), #(0.2993351153663657 -2.7828526356803643e-6 0.0), #(0.28485656525133385 -1.9942090236901295e-6 0.0), #(0.2857774694052866 1.4172252498803135e-6 0.0), #(0.26298912889107445 1.1650270747424118e-4 0.0), #(0.26186414319879403 -1.1732918595629138e-4 0.0), #(0.23377691874682113 2.946900568594504e-4 0.0), #(0.23379615188827335 -2.9461028911360957e-4 0.0), #(0.19679882971283977 2.324171485510292e-5 0.0), #(0.2000536909860978 -2.2857883149772535e-5 0.0), #(0.14773277640511567 5.2635556945043835e-5 0.0), #(0.15091790896400967 -5.2407385202741505e-5 0.0), #(0.05627969541029835 2.5035050634637963e-4 0.0), #(0.07233153566725618 -2.467100963206207e-4 0.0), #(-0.07449987945763469 1.9000527877072763e-5 0.0), #(-0.0631005311964255 5.413375715237487e-6 0.0), #(-0.16692362573475739 -1.7549514159476246e-5 0.0), #(-0.1905276869512489 6.726548626894829e-6 0.0), #(-0.08700805637459257 -1.7333782079548168e-5 0.0), #(-0.05476735283867283 9.769920778014398e-7 0.0), #(-0.1625247958282616 4.320877506691099e-7 0.0), #(-0.1369562797526936 4.347594163860428e-6 0.0), #(-0.12616857383166227 -1.2311424258223826e-6 0.0), #(-0.14106854315078857 1.0496580637785146e-5 0.0), #(-0.11577273624435533 7.643845866911942e-5 0.0), #(-0.1253797078833511 7.716779351716998e-5 0.0), #(-0.08818221678327165 -5.762299613993273e-5 0.0)
tevelocity:, 20, #(0.28637102118586094 8.445390996140958e-7 0.0), #(0.3129253556130915 -1.7364765988879508e-5 0.0), #(0.31018419358502625 7.015338773494876e-6 0.0), #(0.3022282402415464 6.0583549592409445e-6 0.0), #(0.29874752426972684 -2.79674656074683e-6 0.0), #(0.2844306836381974 -1.7967510703770007e-6 0.0), #(0.28485673369219083 1.1561785025039564e-6 0.0), #(0.262219638194829 1.2040940809144881e-4 0.0), #(0.2608631322728252 -1.2139123495211858e-4 0.0), #(0.2323515914901104 2.786253817657635e-4 0.0), #(0.2318372085352602 -2.7831534847903654e-4 0.0), #(0.19316608213077163 2.1574982470628724e-5 0.0), #(0.19654959003083208 -2.132502190257094e-5 0.0), #(0.14004248554915985 4.828246315813258e-5 0.0), #(0.1427834511358272 -4.793344445895211e-5 0.0), #(0.03297586470751162 1.6676793105834645e-4 0.0), #(0.05645613575002982 -1.622608175820087e-4 0.0), #(-0.097559462014952 1.291470920863213e-5 0.0), #(-0.08986211141449787 1.538966065372234e-5 0.0), #(-0.17499219093511895 -2.5421611408746866e-5 0.0), #(-0.1857612712892661 6.201101472494645e-6 0.0), #(-0.08964793488766476 -1.5325856600962556e-5 0.0), #(-0.05477802041888143 2.546747717950728e-6 0.0), #(-0.16435978605610232 -4.799790714062409e-7 0.0), #(-0.1287213827010035 1.3334563017460565e-6 0.0), #(-0.12326696382355055 -2.262791833314227e-6 0.0), #(-0.12491826757337574 1.6905683781981837e-5 0.0), #(-0.12081568550317996 5.431566176336045e-5 0.0), #(-0.10393368606068047 5.7454395943436054e-5 0.0), #(-0.1135443909700476 -3.397114346125436e-6 0.0)
tevelocity:, 21, #(0.28560584588977994 8.412928277393739e-7 0.0), #(0.31256665879937834 -1.7356138347554348e-5 0.0), #(0.3097384255843076 6.810319541885222e-6 0.0), #(0.3019199666836961 6.0916844259822205e-6 0.0), #(0.29810605602403933 -2.8071404290465053e-6 0.0), #(0.28391167331028977 -1.604397788381309e-6 0.0), #(0.2838072066771403 9.028452167404623e-7 0.0), #(0.26128281227981004 1.2563297927042764e-4 0.0), #(0.25967414195239574 -1.2671147581935085e-4 0.0), #(0.23065247587887597 2.6322978533026005e-4 0.0), #(0.22949736262336606 -2.6270733691686506e-4 0.0), #(0.1889582461537189 1.9937671915385292e-5 0.0), #(0.19241513514072053 -1.909631549496813e-5 0.0), #(0.13125583158516596 4.356610355765998e-5 0.0), #(0.13279992539917512 -4.356468408740593e-5 0.0), #(0.004579836107237 1.0384526981483239e-4 0.0), #(0.0387069706972977 -9.73818990262694e-5 0.0), #(-0.11522670932762524 7.545082622219944e-6 0.0), #(-0.1161403958099061 2.1737912068588578e-5 0.0), #(-0.18432858642592037 -3.21058732147973e-5 0.0), #(-0.17779779486110614 4.53113925625631e-6 0.0), #(-0.0910495526744784 -1.0037335426382003e-5 0.0), #(-0.054879773381654416 3.518264813831712e-6 0.0), #(-0.16463355204957766 -1.118789430992656e-6 0.0), #(-0.12012781707371206 -3.71781582826836e-7 0.0), #(-0.12204642491203173 -2.7201803029742193e-6 0.0), #(-0.10638394576003726 1.915029448875449e-5 0.0), #(-0.12523522995123265 3.5950527471393494e-5 0.0), #(-0.08504194922417072 3.279681715993371e-5 0.0), #(-0.13334203150930848 4.182446382190267e-5 0.0)
tevelocity:, 22, #(0.2848254691465649 -5.702183069034596e-7 0.0), #(0.3121679873117225 -1.6334140434260046e-5 0.0), #(0.3092688708828124 9.669505517623628e-6 0.0), #(0.30155993718814333 7.644042440700948e-6 0.0), #(0.2974045742089888 -5.366538157191452e-6 0.0), #(0.283291408142803 -3.8023113086631886e-7 0.0), #(0.28261621984472335 2.9366757999761273e-6 0.0), #(0.2601799204527104 1.3648991806846636e-4 0.0), #(0.25826201725996534 -1.3453712562009167e-4 0.0), #(0.22866432403770798 -3.6141876756948254e-4 0.0), #(0.2268520443216275 3.5562063856162124e-4 0.0), #(0.18409095566410497 3.6810443325339724e-5 0.0), #(0.1874671409089901 -1.893676635125022e-5 0.0), #(0.12130278336505919 4.882552543042008e-5 0.0), #(0.12062839456421055 -2.972208202355387e-5 0.0), #(-0.03048811265591703 4.7168199174799015e-5 0.0), #(0.01909678772547894 -7.899690677764706e-5 0.0), #(-0.12444972162375798 4.7198126198143675e-5 0.0), #(-0.14045481292359763 1.6854304620226557e-4 0.0), #(-0.1964818636168525 -4.9960665750978796e-5 0.0), #(-0.16567696128403236 -1.1269282225453074e-4 0.0), #(-0.09218622320894251 -1.5192758384394507e-5 0.0), #(-0.05554448726696691 -3.80734169529347e-5 0.0), #(-0.16338546172420434 -2.401863647652898e-5 0.0), #(-0.11191907586076258 -4.685552470817457e-7 0.0), #(-0.12032809705452645 -1.2400298349129363e-5 0.0), #(-0.08988564467509581 4.333339979182846e-6 0.0), #(-0.12556633177716198 3.2703764322329486e-6 0.0), #(-0.13510888432153442 -0.0024288912173800895 0.0), #(-0.07630725434666706 0.002746537773403276 0.0)
tevelocity:, 23, #(0.2840172520746635 7.600680010645934e-7 0.0), #(0.3117540688434075 -1.7092678181973516e-5 0.0), #(0.3087614717058908 6.286205724960728e-6 0.0), #(0.3011428953288359 6.183704114877572e-6 0.0), #(0.29664081965978345 -2.7504680383133053e-6 0.0), #(0.2825639137391618 -1.2064590816024138e-6 0.0), #(0.2812689690263826 6.711112362248265e-7 0.0), #(0.2588349300661886 1.418960944461236e-4 0.0), #(0.2566426523096417 -1.4051670239477893e-4 0.0), #(0.22630899856550976 -3.3804347550379655e-4 0.0), #(0.223743515105526 3.3746559092265094e-4 0.0), #(0.17850312419309958 1.5625585804685305e-5 0.0), #(0.1816869133754458 -1.774230642307881e-5 0.0), #(0.10988937411442457 3.6112706096570145e-5 0.0), #(0.10496964652297122 -3.614065548847597e-5 0.0), #(-0.0690998959678113 3.157544120365478e-5 0.0), #(-0.002085263752803545 -2.2270462820145705e-5 0.0), #(-0.12624904772078444 2.4415479957722382e-6 0.0), #(-0.1627530521930935 1.5209083976296716e-5 0.0), #(-0.20975106911628522 -3.069156267932664e-5 0.0), #(-0.15210429084725802 1.2038329136540367e-5 0.0), #(-0.09296121173590993 -9.306822607109822e-6 0.0), #(-0.05620073728558472 1.9448765514096492e-6 0.0), #(-0.16064664581457044 -1.0602482447714688e-6 0.0), #(-0.10487144616132274 -5.406378085565101e-6 0.0), #(-0.11632823367528844 3.717893833504435e-6 0.0), #(-0.07996735910013014 3.9320508217302995e-5 0.0), #(-0.12069547567986816 -1.1782243702881141e-5 0.0), #(-0.1305137204666957 -1.2548644141298949e-5 0.0), #(-0.06862510955674633 8.996561230722867e-5 0.0)
tevelocity:, 24, #(0.2831669619699279 8.125913568234513e-7 0.0), #(0.3113036708700011 -1.7276269288931532e-5 0.0), #(0.30822554286693915 6.194580877220661e-6 0.0), #(0.300670190662809 6.181079915981385e-6 0.0), #(0.29580712259713915 -2.794181828989135e-6 0.0), #(0.28171892670780735 -1.032521423004058e-6 0.0), #(0.27974558751678974 1.8875190781885603e-7 0.0), #(0.25726642855756743 1.5508803460883192e-4 0.0), #(0.2547594707067376 -1.5491482630705232e-4 0.0), #(0.22355610707974005 -3.1703365233440485e-4 0.0), #(0.2201045284833401 3.15697364770942e-4 0.0), #(0.172032708015413 1.5967291674817743e-5 0.0), #(0.17477069343619403 -1.6389254487196336e-5 0.0), #(0.09721851342376954 3.5818518946893726e-5 0.0), #(0.08460811730744047 -3.492213795628746e-5 0.0), #(-0.10607550235514226 1.5242763779385118e-5 0.0), #(-0.024754590243540434 -6.6660092049052835e-6 0.0), #(-0.12583299503447434 -5.369408436900201e-8 0.0), #(-0.18177827918883943 2.767856741768558e-5 0.0), #(-0.22254429376050838 -3.17571661806329e-5 0.0), #(-0.13657526368707987 -2.56525327028705e-7 0.0), #(-0.09457225655561073 -5.858594406984835e-6 0.0), #(-0.057013370167771735 -1.2622543624262327e-6 0.0), #(-0.15659094041946486 4.4401566289173036e-7 0.0), #(-0.10967265357854099 -2.439355669412866e-6 0.0), #(-0.09942381912114547 2.4881830010440027e-6 0.0), #(-0.11104487444798089 1.1602027364987714e-5 0.0), #(-0.07901951665759406 3.4749182451470216e-6 0.0), #(-0.11012488414503106 1.1399265228115328e-5 0.0), #(-0.07440051386996678 6.279058933659192e-5 0.0)
tevelocity:, 25, #(0.2822624201364185 8.442347725828145e-7 0.0), #(0.3108206792026627 -1.740586484362253e-5 0.0), #(0.30765493398102267 6.076785186259619e-6 0.0), #(0.3001363867170768 6.162530902540064e-6 0.0), #(0.29489548378366226 -2.836934044512916e-6 0.0), #(0.280743773325899 -8.567806980454414e-7 0.0), #(0.278025490991374 -1.1772587950470337e-7 0.0), #(0.25543308009549553 1.765973751382876e-4 0.0), #(0.25258120328206823 -1.770539946468272e-4 0.0), #(0.22035823694250342 -2.9665392903287555e-4 0.0), #(0.2158314092680017 2.95509228731279e-4 0.0), #(0.16469011780335802 1.439850781795285e-5 0.0), #(0.1666403858307162 -1.4491320027549956e-5 0.0), #(0.08311978870233826 3.6076589768939575e-5 0.0), #(0.05550457661195531 -3.5343508700218786e-5 0.0), #(-0.13087744182655767 7.849473785732859e-6 0.0), #(-0.04840633408413505 1.588126770831055e-6 0.0), #(-0.1298349197885716 -3.464658655142523e-7 0.0), #(-0.19802081651279854 2.31805463017285e-5 0.0), #(-0.2334218048172772 -3.0376644967795522e-5 0.0), #(-0.12036708843104113 2.4460424611292284e-7 0.0), #(-0.09660734527453119 -4.218427783663417e-6 0.0), #(-0.057947054575780414 -1.5991188961278046e-6 0.0), #(-0.15099168738878121 5.229262172457038e-7 0.0), #(-0.1010282155741539 7.009015136782161e-7 0.0), #(-0.09555999375548313 1.2879833839204819e-6 0.0), #(-0.09800968605199618 4.55626847065942e-6 0.0), #(-0.0858008408950546 6.173252581652215e-7 0.0), #(-0.08239615089555677 2.1424145025634067e-5 0.0), #(-0.08591113818947105 4.415534912290889e-5 0.0)
tevelocity:, 26, #(0.28129500757050774 3.28447950632778e-7 0.0), #(0.31028908705765446 -1.6073113642191947e-5 0.0), #(0.3070491114952271 6.0465314593951344e-6 0.0), #(0.2995372868413029 6.43792757633522e-6 0.0), #(0.2938957311210616 -2.3355373168894246e-6 0.0), #(0.2796269942742938 -3.475407822196666e-7 0.0), #(0.2760857222834292 4.156880067773358e-7 0.0), #(0.25330986683617074 2.1204879534556857e-4 0.0), #(0.25006334732252183 -2.1281160418326926e-4 0.0), #(0.21662923919342303 -2.736226502679109e-4 0.0), #(0.210958798901501 2.730823399287586e-4 0.0), #(0.15638116768908136 1.2674820029300781e-5 0.0), #(0.15703567002760077 -1.2607173488473053e-5 0.0), #(0.06742534326800584 4.529151458422727e-5 0.0), #(0.009383075000394677 -4.450308058479465e-5 0.0), #(-0.13211239367528146 4.026923863644883e-6 0.0), #(-0.07232959815546039 3.919461498164542e-6 0.0), #(-0.1408211566179159 1.7912645932973273e-7 0.0), #(-0.2118355822374538 2.235457274304758e-5 0.0), #(-0.24254100564824974 -2.960442191114769e-5 0.0), #(-0.10342206222503267 1.0462022633798385e-6 0.0), #(-0.09894755524960147 -3.4220835591642448e-6 0.0), #(-0.05896407465617609 1.4237691430719233e-6 0.0), #(-0.14396578233185656 -6.472175396952502e-7 0.0), #(-0.0914326521603116 2.5138508886497627e-6 0.0), #(-0.09251653380139382 1.3199755849519395e-6 0.0), #(-0.08357895990204015 2.6217945039262216e-7 0.0), #(-0.09437924323516635 -1.9571385937230836e-6 0.0), #(-0.05529090717183291 2.574275788676949e-5 0.0), #(-0.0971509248642645 3.0094729483713507e-5 0.0)
tevelocity:, 27, #(0.2802181186275891 3.3272437653908927e-7 0.0), #(0.3097357146337518 -1.6079132560185688e-5 0.0), #(0.3063989358947971 5.875277407585869e-6 0.0), #(0.29886731402694533 6.44469674023379e-6 0.0), #(0.2927987174090552 -2.3446584366424823e-6 0.0), #(0.27834554834714503 -1.6348515006409024e-7 0.0), #(0.27388364802456117 1.6749155469662838e-7 0.0), #(0.25082250505835446 2.7722923223540304e-4 0.0), #(0.2471629416162156 -2.781594387818091e-4 0.0), #(0.21232451042491043 -2.524038768924541e-4 0.0), #(0.2053853673185026 2.5187256441981155e-4 0.0), #(0.14684435136602328 1.1141322486247945e-5 0.0), #(0.14513086866257308 -1.0989642172861144e-5 0.0), #(-0.06161543289245381 1.5802957732714157e-4 0.0), #(0.05021786310419237 -1.5593436674646194e-4 0.0), #(-0.10217361997612709 6.416717024475556e-7 0.0), #(-0.09558297398064594 3.981808868773685e-6 0.0), #(-0.1569295830620182 1.181043816849783e-6 0.0), #(-0.2235183850877726 2.1892577863477287e-5 0.0), #(-0.2502145577434709 -2.9736808961428753e-5 0.0), #(-0.08611688108461811 1.9992487937092475e-6 0.0), #(-0.10175051111383902 -1.9983183744634227e-6 0.0), #(-0.059815508201869254 -5.527438614597946e-7 0.0), #(-0.13573523440588173 4.823011864048466e-7 0.0), #(-0.08218125920192032 3.7953888252875377e-6 0.0), #(-0.08924130731926048 1.4420136382867165e-6 0.0), #(-0.07015047415498318 -3.0098909685507633e-6 0.0), #(-0.09817387041369678 -2.2176329638309435e-6 0.0), #(-0.036776201847263296 2.7167990676414773e-5 0.0), #(-0.1031500621136612 1.7500184159707776e-5 0.0)
tevelocity:, 28, #(0.2789854048374251 9.419290515552412e-7 0.0), #(0.3091535907657757 -1.6366624401114423e-5 0.0), #(0.30570842301118967 4.471977337838968e-6 0.0), #(0.2981256245869755 6.544821364365527e-6 0.0), #(0.29159751341026263 -2.75965315379571e-6 0.0), #(0.2768887849927697 -3.9833081223990316e-7 0.0), #(0.2713766053110595 -5.550472215314536e-7 0.0), #(0.24792156682882777 4.3852453725789234e-4 0.0), #(0.24381667948328264 -4.3948938490183674e-4 0.0), #(0.20732408406973873 -2.310346772390824e-4 0.0), #(0.19889159726596092 2.3061948299297813e-4 0.0), #(0.1359766259353924 1.0540513102340492e-5 0.0), #(0.1296316376652255 -1.0232270893619508e-5 0.0), #(-0.13569665952409068 6.780593027813349e-6 0.0), #(0.031663516018618346 -3.719050955611001e-6 0.0), #(-0.06361507070718604 -1.2833330491887937e-6 0.0), #(-0.11767194848007569 2.39747293517454e-6 0.0), #(-0.174883031348091 2.01103237724259e-6 0.0), #(-0.23337948847290843 2.7638349604293393e-5 0.0), #(-0.25640657138025774 -3.61142118735413e-5 0.0), #(-0.06933225561859985 2.5393881233813846e-6 0.0), #(-0.1047595284837804 -7.972698287363676e-7 0.0), #(-0.060467067744564215 -6.883087714931705e-7 0.0), #(-0.1265585980032622 6.171904296025281e-7 0.0), #(-0.07439744559051924 4.968657633369934e-6 0.0), #(-0.08474432896874114 7.647216719462601e-7 0.0), #(-0.060019696804610494 -1.4850186304376054e-5 0.0), #(-0.09437815189546762 9.429732046046283e-6 0.0), #(-0.10138582004868675 2.187791712528852e-5 0.0), #(-0.0314758657717084 9.50084105618055e-6 0.0)
tevelocity:, 29, #(0.2776155401865263 1.8823202594561265e-6 0.0), #(0.3085184498005069 -1.6468682890410956e-5 0.0), #(0.3049588944734653 4.570302150269852e-6 0.0), #(0.29729303493514825 6.22950116207223e-6 0.0), #(0.2902504802648939 -2.1386625903340893e-6 0.0), #(0.2751962483910534 5.191361681910832e-7 0.0), #(0.26852435257503987 -6.379623193151824e-7 0.0), #(0.24455158531045637 0.0014481083533350399 0.0), #(0.23989659710704325 -0.0014552619717593267 0.0), #(0.20154122488989404 -6.354950174779331e-4 0.0), #(0.1911787032994186 6.529710841326784e-4 0.0), #(0.1236407734028869 3.3226628271718515e-5 0.0), #(0.10604554821637885 -1.786217125779032e-5 0.0), #(-0.17536424222332878 -2.2652159100531702e-5 0.0), #(0.011980716437668956 -6.907809543820917e-5 0.0), #(-0.05091656075479543 -4.31839914485047e-6 0.0), #(-0.13820061624660146 -2.169678093408981e-5 0.0), #(-0.19560767611807786 -9.25687225206846e-6 0.0), #(-0.2580805536765011 -1.9422433438342016e-5 0.0), #(-0.24150342253156765 2.2114239722064216e-5 0.0), #(-0.053326018944381236 5.088466719980859e-5 0.0), #(-0.10795550736069488 2.6009164610121972e-5 0.0), #(-0.06071415066053621 -9.57044525896499e-6 0.0), #(-0.11655744758265274 2.8136052558918348e-5 0.0), #(-0.07868889834962338 5.777736037141954e-5 0.0), #(-0.06887102794879559 -1.421606645143946e-5 0.0), #(-0.08375006704521316 2.2106615964342788e-7 0.0), #(-0.05494508832456193 -8.386161286850421e-6 0.0), #(-0.09032934933383666 -2.1902679787862766e-4 0.0), #(-0.041496867700409334 -3.86491635325099e-4 0.0)
tevelocity:, 30, #(0.27595060419538453 1.0463190710216886e-6 0.0), #(0.307854918086948 -1.6374309057205063e-5 0.0), #(0.30416650904356335 3.889532144082557e-6 0.0), #(0.2963747349358318 6.614008414819143e-6 0.0), #(0.2887805061170771 -2.7658134772919074e-6 0.0), #(0.2732878928837867 -9.569705665985742e-9 0.0), #(0.2652392231694756 -1.4131864085131329e-6 0.0), #(0.23538135465813526 7.207060209178686e-4 0.0), #(0.2406015509671029 -7.23131452451319e-4 0.0), #(0.19475516945603807 -5.936944393629499e-4 0.0), #(0.1820988384700321 5.984958537212588e-4 0.0), #(0.10982336241251128 1.1027719634301097e-5 0.0), #(0.051699342490692 -1.1637694875156595e-5 0.0), #(-0.16154671108263208 -3.748901989760681e-6 0.0), #(-0.008665015212666573 5.389984905966249e-6 0.0), #(-0.06091576202024769 -4.113346453806343e-6 0.0), #(-0.16001289618042364 4.357334362481788e-6 0.0), #(-0.26428425265415234 -3.098964697640392e-5 0.0), #(-0.24538829556777328 -1.9523699474666606e-5 0.0), #(-0.2080715113305126 3.9150300933410525e-5 0.0), #(-0.03920936118566117 2.975999547750372e-6 0.0), #(-0.1104535952115284 6.809001964001244e-7 0.0), #(-0.060766315964482946 -1.8087340869647332e-6 0.0), #(-0.10599274082464613 1.4475374457463842e-6 0.0), #(-0.07109079800121088 2.5698479769453327e-6 0.0), #(-0.06545732832019081 2.1620705400912097e-6 0.0), #(-0.0685829157473528 1.5826483902607865e-6 0.0), #(-0.05533581319781435 -2.2054003637562706e-6 0.0), #(-0.07210836926707782 6.4741508717983565e-6 0.0), #(-0.05720914132583731 1.3328163901770704e-5 0.0)
tevelocity:, 31, #(0.27399752440351116 2.505596542804514e-8 0.0), #(0.3071227453273583 -1.684320147294892e-5 0.0), #(0.3032771713576607 6.1133954066895215e-6 0.0), #(0.2953206470008336 6.166867157834116e-6 0.0), #(0.2870962686641154 -2.397022199089986e-6 0.0), #(0.2710294741964411 1.139654815963846e-6 0.0), #(0.2614370445047484 -1.0982680820430134e-6 0.0), #(0.22997600201601107 2.527430173670248e-4 0.0), #(0.2360039952120512 -2.5405929826971546e-4 0.0), #(0.1868911083175281 -5.419293279155975e-4 0.0), #(0.1706665752479304 5.425637118719827e-4 0.0), #(-0.10633299406449391 5.037167449710453e-6 0.0), #(0.09428261170890595 -2.5989327954800194e-6 0.0), #(-0.0329677495735985 -3.3135372351306584e-6 0.0), #(-0.030077122724635013 5.920428227957168e-6 0.0), #(-0.08353665730161469 -3.4272590995289943e-6 0.0), #(-0.2689585426278923 -2.2945824907698408e-5 0.0), #(-0.2516288373791464 3.5565092094829693e-6 0.0), #(-0.17578388345731716 2.5697711967093352e-5 0.0), #(-0.21623732767350773 -1.0213139824606168e-5 0.0), #(-0.026375596414587053 3.930911547812368e-6 0.0), #(-0.11233725938563112 -2.0528698631141945e-7 0.0), #(-0.060190766541335844 2.347908717380624e-6 0.0), #(-0.09490031743310126 4.3142159081640506e-7 0.0), #(-0.06256728947536934 1.5185028495834105e-6 0.0), #(-0.06296581121022482 1.4191935871526256e-6 0.0), #(-0.052452957815059126 4.3008038441973565e-6 0.0), #(-0.05958745009525284 -6.489250483653994e-7 0.0), #(-0.04912171806249372 -2.373558743115377e-6 0.0), #(-0.07164985373337018 -1.6600414394059724e-7 0.0)
tevelocity:, 32, #(0.2715506920159551 -1.2754178034315704e-7 0.0), #(0.30636974318442717 -1.693983075203183e-5 0.0), #(0.30235768607850955 5.888066120541393e-6 0.0), #(0.29416881943293455 6.0975375031445655e-6 0.0), #(0.28521600960357973 -2.38614576619842e-6 0.0), #(0.26837512799795965 1.816825987304961e-6 0.0), #(0.2569552729535427 -1.1867773332131527e-6 0.0), #(0.223254480135032 1.3820927915903742e-4 0.0), #(0.23055848120260658 -1.388442147255243e-4 0.0), #(0.1776886139707462 -4.8790958011239635e-4 0.0), #(0.15407943212659278 4.853830195203287e-4 0.0), #(-0.1980719283933573 2.3629632570337374e-6 0.0), #(0.07694228251067246 5.2113151229158256e-6 0.0), #(0.03738322011399917 -5.358565822756249e-6 0.0), #(-0.054915180448085736 2.6621332135935045e-6 0.0), #(-0.2703332374217229 -1.733393398323243e-5 0.0), #(-0.2565804333673806 -6.267385557893995e-5 0.0), #(-0.12236428834803323 6.139189663226687e-5 0.0), #(-0.21132386135384384 7.6981158837656e-6 0.0), #(-0.18618826792154147 1.623189500159331e-7 0.0), #(-0.01538214541648231 4.151287366802686e-6 0.0), #(-0.11307063823080059 1.1885726070632354e-6 0.0), #(-0.05889468255027223 3.5734112273942714e-7 0.0), #(-0.08370454006476245 1.1461303478885562e-6 0.0), #(-0.0537489007685851 1.066243869737725e-6 0.0), #(-0.05965907916167707 4.0980296736967016e-7 0.0), #(-0.038907091773800064 5.747235124367768e-6 0.0), #(-0.06378224268572634 1.23307579048827e-6 0.0), #(-0.02668083480980523 -4.084743428874687e-6 0.0), #(-0.07684840616639513 -1.5429920386265882e-6 0.0)
tevelocity:, 33, #(0.26842064853901926 1.5812209065020425e-7 0.0), #(0.30554977221578156 -1.6307780239626958e-5 0.0), #(0.301367970967951 4.954174523767673e-6 0.0), #(0.29288360383742407 6.341360967035828e-6 0.0), #(0.2830869384278225 -2.3535287112990938e-6 0.0), #(0.2652114495687847 1.6933978266343179e-6 0.0), #(0.2516587514621518 -1.4013905911936916e-6 0.0), #(0.21443328618188454 8.24374063239797e-5 0.0), #(0.22410170884183786 -8.322256595029066e-5 0.0), #(0.16670626841818992 -4.3937865775707535e-4 0.0), #(0.10781181042560883 4.1846388313226545e-4 0.0), #(-0.1852485308116621 2.058485469455996e-5 0.0), #(0.05740972149963171 6.04143512247755e-6 0.0), #(0.032598557832959174 -5.969690851741816e-6 0.0), #(-0.27728718185884993 -2.254256714171733e-5 0.0), #(-0.256584567138993 -1.7780173357279554e-6 0.0), #(-0.0839904100094435 2.8876190355332235e-5 0.0), #(-0.2196385642549438 -8.360821625376589e-6 0.0), #(-0.13764646654563062 -3.279379060809634e-6 0.0), #(-0.1933048075419589 -4.621172605042275e-7 0.0), #(-0.006382059581122288 4.031560081909012e-6 0.0), #(-0.11216150584458322 1.568368403040188e-6 0.0), #(-0.056730878651867246 6.788108660861707e-7 0.0), #(-0.07269020911704564 1.305208481669737e-6 0.0), #(-0.04543910382057401 5.220640736454943e-7 0.0), #(-0.05443456140410192 -2.660169337756387e-7 0.0), #(-0.03038776737253452 3.658316555513741e-6 0.0), #(-0.06391379010317226 4.750849589704762e-6 0.0), #(-0.010391374428350838 8.797056927458862e-6 0.0), #(-0.07166228413617798 -1.4581081233285482e-5 0.0)
tevelocity:, 34, #(0.2642002102111164 7.236133728038236e-7 0.0), #(0.30465514612842653 -1.568844971339928e-5 0.0), #(0.3002573055009213 4.317280698270704e-6 0.0), #(0.29138806588297067 6.617310015497963e-6 0.0), #(0.28057534578836824 -2.394360624205636e-6 0.0), #(0.2611813980012422 1.8687300757551315e-6 0.0), #(0.24518598440160963 -2.0423813893557024e-6 0.0), #(0.20072424618025203 4.87368285606184e-5 0.0), #(0.21640786193076503 -4.963183306263589e-5 0.0), #(0.1536255939321899 -4.080873656840312e-4 0.0), #(-0.1434908139227948 1.6604217516401573e-4 0.0), #(0.05058678093163664 2.411933639867651e-4 0.0), #(0.03224680490369013 5.025764873972754e-6 0.0), #(-0.18745828482474705 -8.834970249791867e-6 0.0), #(-0.0878940120086237 -2.0728209184198343e-5 0.0), #(-0.26501565379306646 8.499819787837684e-6 0.0), #(-0.2304481718840984 1.2937505793750194e-5 0.0), #(-0.1679499845713234 2.6056629371549228e-6 0.0), #(-0.12874362886911403 3.4765777464972425e-6 0.0), #(-0.14149200734501227 -4.955832458088191e-6 0.0), #(5.502224204353365e-4 4.230903172149596e-6 0.0), #(-0.10897061670941517 1.8658665537486576e-6 0.0), #(-0.05353896933454908 7.40225660612398e-7 0.0), #(-0.06190035108206785 1.455704251235293e-6 0.0), #(-0.0473398641502744 -8.830629440922211e-7 0.0), #(-0.03855535645421419 2.6392373036611747e-7 0.0), #(-0.0580214273863589 1.504777617275818e-6 0.0), #(-0.027708507787453006 6.529826863897283e-6 0.0), #(-0.05795845162265256 5.794866272883108e-6 0.0), #(-0.004948793194230145 -9.06370733753046e-6 0.0)
tevelocity:, 35, #(0.25813136493413147 8.770657476251718e-6 0.0), #(0.30368182825274315 -1.571400715068409e-5 0.0), #(0.2990034326447167 2.994935018308781e-6 0.0), #(0.2895889298666493 7.78158869036545e-6 0.0), #(0.2774909668671394 -3.1357734350839596e-6 0.0), #(0.2555215227361223 -3.4342685069652887e-6 0.0), #(0.23688661561958205 -2.0702470997439553e-6 0.0), #(0.1624921054213869 2.2220973122668666e-5 0.0), #(0.20718632462756084 -2.2717031685192914e-5 0.0), #(-0.18546243851912012 -3.197866252066988e-5 0.0), #(0.1378580861244739 4.262064108793008e-5 0.0), #(0.10308328735368763 -5.7803511925335885e-5 0.0), #(-0.2825678570467291 -2.3302563435433165e-5 0.0), #(-0.25930062301540485 -1.1170196189371457e-5 0.0), #(-0.007382055957078029 -1.5715638264525e-5 0.0), #(-0.19431562763746502 -2.1088855321264405e-5 0.0), #(-0.06361802625784226 -1.4716202153617199e-6 0.0), #(-0.20503738423523263 4.535381017635831e-6 0.0), #(-0.1496517814703618 1.95853113450513e-6 0.0), #(-0.10696427854459171 -2.9980408535168708e-5 0.0), #(0.005833007378493635 1.2490899841651127e-4 0.0), #(-0.10256070356600176 -1.8568442488648132e-6 0.0), #(-0.04929963275427315 3.1334072424046896e-6 0.0), #(-0.05182997092518597 3.4319708079128135e-6 0.0), #(-0.039005347753748046 -1.2924661455845237e-6 0.0), #(-0.03355949798447875 1.5006941365288584e-6 0.0), #(-0.04621637528370919 4.276628821718184e-6 0.0), #(-0.029555998031045257 2.5372543867539777e-6 0.0), #(-0.038677595268181084 5.736659601773727e-6 0.0), #(-0.012756028649078896 -5.2362377112522465e-6 0.0)
tevelocity:, 36, #(0.24935188828417912 -5.146535174127082e-7 0.0), #(0.3026648058444086 -1.6989493150704957e-5 0.0), #(0.29765695719297364 5.2319528484268395e-6 0.0), #(0.2873823903361069 6.439411115272454e-6 0.0), #(0.27367015915407955 -7.2992847155297135e-6 0.0), #(0.24509829806074093 1.9988785333141438e-6 0.0), #(0.22603906112510622 -1.2302353813851321e-6 0.0), #(-0.07102720400771594 1.860836933784086e-5 0.0), #(0.19556966763462727 5.808137515423016e-6 0.0), #(0.03612362571875326 -3.2840429948483294e-5 0.0), #(0.036133658889956115 3.042278183259208e-5 0.0), #(0.11420524464785278 -2.4195645621894672e-5 0.0), #(-0.2400396260302097 -2.0574151117283102e-5 0.0), #(-0.270586457509971 3.50002463921249e-7 0.0), #(-0.2379042214168291 1.5134085380062667e-5 0.0), #(-0.15141031295695484 -1.4035684492030966e-5 0.0), #(-0.080440558034419 3.749034909200352e-5 0.0), #(-0.07283172683681291 7.183480760362205e-6 0.0), #(-0.12152379933740377 1.6504105253778756e-5 0.0), #(-0.113910058205302 3.9372918744660985e-5 0.0), #(0.008509966238360677 -3.218447868099012e-5 0.0), #(-0.09361024363386874 -2.7150036590842436e-5 0.0), #(-0.043690295275305664 -1.3327347627884069e-5 0.0), #(-0.04211630349037877 4.791748274457962e-5 0.0), #(-0.030432952890381428 -9.768570171462565e-6 0.0), #(-0.0304036002984101 -2.3928831411888448e-5 0.0), #(-0.030514297274597917 1.602492841562795e-5 0.0), #(-0.03272852574203464 1.560268560793474e-6 0.0), #(-0.017389796087572833 -2.1534419254114407e-4 0.0), #(-0.030903717701129638 -1.2886506962855014e-4 0.0)
tevelocity:, 37, #(0.2355083753473443 -4.2046866169535065e-7 0.0), #(0.30151326223324676 -1.6182820964660892e-5 0.0), #(0.2960986959882331 3.9792981469613705e-6 0.0), #(0.2840556548965604 6.5290810083522366e-6 0.0), #(0.26839344385188085 -2.7114288644605374e-6 0.0), #(0.20069711809763396 1.8242308824241761e-6 0.0), #(0.2102968771330345 -3.6842538208966104e-6 0.0), #(-0.1520413278278849 -1.9668996933025477e-7 0.0), #(0.14232289400632608 5.9834246054022836e-5 0.0), #(0.17961616117388718 -5.993080665829345e-5 0.0), #(-0.28578074045601465 -2.2207515415066786e-5 0.0), #(-0.27444720303964076 6.354092736682303e-7 0.0), #(-0.1311456732991678 2.170279859028087e-5 0.0), #(0.08087712771441886 4.80337134336295e-6 0.0), #(-0.0563475462666627 -8.113743326736713e-6 0.0), #(-0.20937835619606276 -1.192085759203499e-6 0.0), #(-0.14895593279285974 4.298182439843422e-6 0.0), #(-0.04729469078168719 -2.6417456603557954e-6 0.0), #(-0.05964354747321756 -4.046685309692235e-7 0.0), #(-0.10602560476737581 1.0513698862290396e-6 0.0), #(-0.08082100161211112 1.2523714308234538e-7 0.0), #(0.009572194896506002 2.548845878318373e-6 0.0), #(-0.03701264671218636 5.2090863383555506e-6 0.0), #(-0.032874743404798804 2.9161440478304583e-6 0.0), #(-0.02225985794473146 -7.14915487772508e-7 0.0), #(-0.027665967221425117 -4.643202254312364e-7 0.0), #(-0.014124831641611558 2.30298369680185e-6 0.0), #(-0.03371010483415869 1.3144295686431237e-6 0.0), #(-0.0021960402069823135 3.7761839348802713e-6 0.0), #(-0.0454416010864965 6.692566486196193e-6 0.0)
tevelocity:, 38, #(0.21231957095517065 -1.1676030089616368e-8 0.0), #(0.3001201316105606 -1.8831381125525094e-5 0.0), #(0.2941436419901091 6.7481069920933496e-6 0.0), #(0.27556511228774205 6.357953253517368e-6 0.0), #(0.25981506849372055 -2.4485701883442003e-6 0.0), #(-0.10018932161155061 9.007914655280149e-7 0.0), #(0.1499045412905001 6.632538449369869e-6 0.0), #(0.18395848172345364 -6.740685592598653e-6 0.0), #(-0.2612397527285917 -1.7230537592172272e-5 0.0), #(-0.04298034618273873 1.818779092936826e-4 0.0), #(0.0725872564636263 -2.299475274422883e-4 0.0), #(-0.0725272955376359 5.084968195193848e-5 0.0), #(-0.21884511018382471 1.1490668671435205e-5 0.0), #(-0.2122478437476536 -2.574937672335696e-6 0.0), #(-0.01113290847669885 9.27607505121276e-6 0.0), #(0.04989018393456446 -1.2767033655589966e-5 0.0), #(-0.11517038654448898 1.595789780609979e-6 0.0), #(-0.09261817973580169 5.649128066867118e-6 0.0), #(-0.06506570519576266 1.9334183796365434e-6 0.0), #(-0.05666877093588847 -4.237442346521646e-6 0.0), #(-0.06473076369238435 6.843770472764433e-7 0.0), #(0.008891766677170088 3.849734729861049e-6 0.0), #(-0.028957873261994203 1.9392176972308408e-6 0.0), #(-0.02404942147348576 1.9949939368835303e-6 0.0), #(-0.015026912931465868 -7.742654122730577e-7 0.0), #(-0.023663069410713455 -1.0993000141125914e-7 0.0), #(-8.348512934265238e-4 1.4318862458659641e-6 0.0), #(-0.030553168074799405 2.2545722654381241e-7 0.0), #(0.00835090416379148 -2.0290700833716375e-5 0.0), #(-0.05192815350238544 2.8361044416270648e-5 0.0)
tevelocity:, 39, #(0.1716261833513697 7.938896900291644e-7 0.0), #(0.2978283212234113 -1.545990240933764e-5 0.0), #(0.2915035236783928 3.0649255132671036e-6 0.0), #(0.14181377229331374 4.7147391647771215e-6 0.0), #(-0.011492386303497219 3.892500375973137e-6 0.0), #(0.24080921001460545 -5.992566719229814e-6 0.0), #(0.19230211006654946 1.2434245543814952e-5 0.0), #(0.10344297538352305 -9.225096219251871e-6 0.0), #(-0.2785988885550049 -2.211284491643729e-5 0.0), #(-0.23213402394747018 -1.6121480282085956e-5 0.0), #(-0.2062761936629388 2.926134783437552e-5 0.0), #(0.03310510094117101 2.013159576144164e-5 0.0), #(0.03751920545185387 -1.5803393081566636e-5 0.0), #(-0.11137789023279077 -2.533499155455699e-6 0.0), #(-0.11443330365794611 9.152088993794463e-7 0.0), #(-0.0184207244593417 2.6435735259258527e-6 0.0), #(-0.006816596374458704 -3.1965535453237415e-6 0.0), #(-0.0705967481420954 1.7242719592667118e-6 0.0), #(-0.03695231368918793 1.862016816957645e-6 0.0), #(-0.05444177399965004 -2.2298279079498237e-6 0.0), #(-0.04539997921147154 2.791288179903963e-7 0.0), #(0.006942978585059798 3.7627592240385795e-6 0.0), #(-0.019994268318023967 1.981622644544258e-6 0.0), #(-0.015784838765601487 2.0728242585625772e-6 0.0), #(-0.01752263373541225 -7.672644381088881e-7 0.0), #(-0.009042010707462229 2.560827699629315e-7 0.0), #(-0.023151680849949906 -4.604541885884062e-7 0.0), #(0.006235942383207714 5.506168353346528e-7 0.0), #(-0.045442182979824164 -1.473856842745263e-6 0.0), #(0.011926931200017934 9.731764773120561e-6 0.0)
tevelocity:, 40, #(0.10124718042318832 9.052365201506538e-7 0.0), #(0.17108050867011823 -4.8717518331503345e-6 0.0), #(0.04418224426425293 -1.542631203978705e-5 0.0), #(0.2859887454635908 4.752417419797943e-6 0.0), #(0.2614740079635329 1.1655276765895154e-5 0.0), #(0.13104968072439474 -2.8076690715294565e-5 0.0), #(-0.29229008270787654 1.8913434341973854e-6 0.0), #(-0.19398012789736285 8.037764704891623e-7 0.0), #(-0.135049399656813 -9.021813103115117e-6 0.0), #(0.047935239674927535 4.613557311012713e-5 0.0), #(0.061633777209791435 -2.4716488382846007e-5 0.0), #(-0.1544039768733358 -5.329826460123603e-6 0.0), #(-0.0544272895891487 -2.4917546160286825e-7 0.0), #(0.11132803997976 8.202384693511911e-6 0.0), #(-0.0449595289722093 -3.761988763914956e-6 0.0), #(-0.09952699684442376 6.0247248773292735e-6 0.0), #(0.004497854416629877 1.7160480238694175e-6 0.0), #(-0.01023114648626357 -8.373345056112734e-6 0.0), #(-0.03502058003520424 4.4457866855910396e-7 0.0), #(-0.015532998545803537 1.450781411206699e-6 0.0), #(-0.023469682091829275 -2.876969724256207e-7 0.0), #(0.003801388265650936 4.054276089853731e-6 0.0), #(-0.010235190954884291 1.6995956196459745e-6 0.0), #(-0.007737907354352816 2.2186088244650394e-6 0.0), #(-0.009350636810309612 -3.035400543221881e-7 0.0), #(-0.00417783755905677 1.825102494338073e-7 0.0), #(-0.012460208364475447 -1.1838180989494915e-6 0.0), #(0.0058665569761729725 -2.1590447421214176e-7 0.0), #(-0.026966453391070566 2.2404929173266583e-6 0.0), #(0.00859008508751762 6.349303293154481e-6 0.0)
tevelocity:, 41, #(-3.560631416211797e-4 1.3720064528981176e-6 0.0), #(4.613447103577289e-4 -3.594274404971209e-8 0.0), #(0.08834444531873482 -3.60347760972937e-5 0.0), #(-0.08832160110456345 -1.6696170943338976e-5 0.0), #(0.00430453627686969 2.2906383406283363e-5 0.0), #(-0.004090078064125367 2.0998853100434755e-6 0.0), #(0.004131977101913994 7.5905265799448224e-6 0.0), #(-0.004532224752798194 6.82399511225425e-6 0.0), #(-1.6484727134189118e-4 1.0861001401157997e-6 0.0), #(2.9141437743834575e-4 9.471790115237067e-8 0.0), #(0.0010532107096625008 -1.1529936953412674e-5 0.0), #(-8.388839188305798e-4 1.1345057896927245e-5 0.0), #(-6.882480798166584e-4 -1.4387938972045996e-6 0.0), #(-2.8281865916975407e-5 2.8506217558264616e-6 0.0), #(0.0010066570038359739 3.3244108529872286e-6 0.0), #(-6.342423759424269e-4 -1.5687374903440228e-6 0.0), #(2.5122075373433638e-5 1.8032705576415902e-8 0.0), #(5.450732079279518e-5 -1.4918721778580544e-6 0.0), #(1.3021963773286764e-5 -1.5852976067243024e-7 0.0), #(1.4134187187123923e-4 2.8650986061509437e-7 0.0), #(5.83468712318105e-5 -5.948367867192012e-7 0.0), #(1.3948577449672794e-4 2.0814525246406225e-6 0.0), #(-1.7500591916564629e-6 5.687691514269149e-6 0.0), #(1.0184153979974649e-4 1.8743624543049007e-6 0.0), #(-3.564524019814452e-5 1.6152608491170256e-8 0.0), #(-2.2209000261155928e-5 2.319088215510793e-7 0.0), #(-3.285363493711881e-5 -1.8158748438840108e-6 0.0), #(8.318180758446714e-5 -9.10830969497674e-7 0.0), #(-8.060703758559798e-4 4.222284927734207e-6 0.0), #(7.867499888973667e-4 5.793427794151018e-6 0.0)
