tevelocity:, 1, #(0.30143838319986843 5.815899211191814e-7 0.0), #(0.3167888406248147 -1.3772164639520914e-5 0.0), #(0.34441773047170987 1.6592994875102717e-5 0.0), #(0.3279741109757869 -8.058884727268468e-4 0.0), #(0.3199592591131999 8.055330540583926e-4 0.0), #(0.29530016564770956 3.2338119205294596e-5 0.0), #(0.3002663297785043 -3.273484672493892e-5 0.0), #(0.267571476511193 4.14816175781766e-4 0.0), #(0.27047418464489836 -4.134719732064388e-4 0.0), #(0.24071189963268036 7.441010342761741e-5 0.0), #(0.23766728445679386 -7.115869854153466e-5 0.0), #(0.21119869644543382 2.671471232580999e-5 0.0), #(0.20788611109094324 -3.129273979193938e-5 0.0), #(0.1814381014166002 2.076992105618937e-5 0.0), #(0.1788473052162833 -1.8783044840565353e-5 0.0), #(0.15129923547561375 1.0259529799441825e-4 0.0), #(0.14915818223910485 -9.267524953255963e-5 0.0), #(0.11877666428277557 2.785075220512372e-4 0.0), #(0.11771639899417513 -2.5481501789099574e-4 0.0), #(0.08683041695226934 1.6277316942110595e-4 0.0), #(0.08211625001372473 -7.771853420525964e-5 0.0), #(0.06330357392305061 -3.2452847402973686e-5 0.0), #(-0.2523589246213995 -1.071241647928896e-5 0.0), #(0.016357854999401917 -1.6812411138668515e-5 0.0), #(-0.18728151199171902 -4.890423238595958e-6 0.0), #(-0.23564923001315355 -9.856029828502344e-6 0.0), #(0.04109375563590557 2.4430386778055345e-5 0.0), #(-0.22357149501148846 2.017843037937218e-5 0.0), #(-0.1837767581634876 -1.209906413870239e-4 0.0), #(0.06597326773496383 5.350617582454705e-6 0.0)
tevelocity:, 2, #(0.30107002821117845 8.518383754998752e-7 0.0), #(0.3159604289803971 -1.0876778662161639e-5 0.0), #(0.3437536631443026 1.6082312631053914e-5 0.0), #(0.32821157350179897 -0.0011327751374876273 0.0), #(0.3196831792209727 0.001130901242464156 0.0), #(0.29579570004982764 2.991326183547766e-5 0.0), #(0.30068542836987466 -3.0810264903884274e-5 0.0), #(0.2683165273696003 3.518028188474451e-4 0.0), #(0.2710263703584413 -3.5255073073616676e-4 0.0), #(0.24125142543585165 6.998069390746516e-5 0.0), #(0.2382902719609416 -6.97572225802543e-5 0.0), #(0.2114008207463253 2.8253968403255066e-5 0.0), #(0.20818503300571148 -2.8233480554365116e-5 0.0), #(0.1809829461657037 2.0348358863920943e-5 0.0), #(0.1784519563121542 -2.0504218540109975e-5 0.0), #(0.14963411680387279 9.733651275782034e-5 0.0), #(0.14759231360942818 -9.70483858010598e-5 0.0), #(0.11527898830061127 2.5079284521424935e-4 0.0), #(0.11395593520467258 -2.45727098186365e-4 0.0), #(0.07997335428181095 1.6341438162152436e-4 0.0), #(0.07631841098343746 -8.474594294009825e-5 0.0), #(0.05599733385215809 -3.001813613045217e-5 0.0), #(-0.24822515803048464 2.534535748322452e-6 0.0), #(-3.779526505106208e-4 4.903624545264247e-7 0.0), #(-0.16926269711186817 -1.5060797552052043e-5 0.0), #(-0.23310287703514604 -1.0540122528811925e-5 0.0), #(0.03205837538293143 1.5944745889506306e-5 0.0), #(-0.22696969082054647 1.0966181303284966e-5 0.0), #(-0.17432572895870957 -6.649156391086355e-5 0.0), #(0.0650393133270514 1.7089884028364836e-4 0.0)
tevelocity:, 3, #(0.3006976586175501 8.82104009368236e-7 0.0), #(0.31515010541622096 -9.445374117213063e-6 0.0), #(0.3430379776716319 1.5179725592903906e-5 0.0), #(0.32837463347676366 -0.0019335491072256328 0.0), #(0.3193656307966952 0.0019312684706178642 0.0), #(0.2962367750690323 2.7806959374630124e-5 0.0), #(0.301020436531015 -2.8663135211928666e-5 0.0), #(0.268949816962055 3.0633193895220556e-4 0.0), #(0.27147579672618477 -3.073589935769263e-4 0.0), #(0.24166027278126126 6.970481698100529e-5 0.0), #(0.2388187237501072 -6.959985899258706e-5 0.0), #(0.21144830745236007 2.961992559507203e-5 0.0), #(0.20832220084577946 -2.963410378174207e-5 0.0), #(0.18027883390047797 2.195502166147575e-5 0.0), #(0.17782331678603647 -2.1527353227979177e-5 0.0), #(0.14762129893561163 9.654272184912167e-5 0.0), #(0.14567824753765593 -9.54251215979606e-5 0.0), #(0.11132103368941274 2.4291889669602338e-4 0.0), #(0.10956414436152577 -2.397091186809775e-4 0.0), #(0.0720754356849171 1.77917019700727e-4 0.0), #(0.06989234752559281 -1.0528512181445936e-4 0.0), #(0.0477968279933811 -3.060081848091495e-5 0.0), #(-0.24317152453230056 2.316353783346175e-6 0.0), #(-0.01985336180743235 2.408077329033253e-6 0.0), #(-0.1483649301029234 -1.6831892460234104e-5 0.0), #(-0.22968902734465482 -1.0066243733523112e-5 0.0), #(0.01967136037831861 1.3814196915308317e-5 0.0), #(-0.22883993555138818 1.0000243699521147e-5 0.0), #(-0.16122525239363775 -4.537235658763057e-5 0.0), #(0.05634688108759144 1.5576935933202406e-4 0.0)
tevelocity:, 4, #(0.30031973556080704 8.570560762254923e-7 0.0), #(0.31435179976425137 -8.168460826916134e-6 0.0), #(0.342269279234561 1.4475692687575316e-5 0.0), #(0.3284524028498077 -0.0069653834128289484 0.0), #(0.31902160724257383 0.006962505403592762 0.0), #(0.2966239237166915 2.594898180864846e-5 0.0), #(0.30127411892534806 -2.6841227905625845e-5 0.0), #(0.2694918444972345 2.7144732116673553e-4 0.0), #(0.2718257592310752 -2.7248078231429106e-4 0.0), #(0.24194234232245243 6.975555602927309e-5 0.0), #(0.23921234018952475 -6.969423149406746e-5 0.0), #(0.2113276190722461 3.138559759964801e-5 0.0), #(0.208292654282812 -3.1446495097656005e-5 0.0), #(0.17934126230572728 2.3179855680944428e-5 0.0), #(0.17696753747808044 -2.2659142751394253e-5 0.0), #(0.14525243526925638 9.515894018110842e-5 0.0), #(0.14340916554452557 -9.391301535858896e-5 0.0), #(0.10685431566998004 2.3620639210005247e-4 0.0), #(0.10442356532608231 -2.3341763155331732e-4 0.0), #(0.06301007799971431 1.875955713253826e-4 0.0), #(0.0629674805094141 -1.117416326377908e-4 0.0), #(0.039111004758324026 -3.335299754695036e-5 0.0), #(-0.23712789631819334 2.4333838547454995e-6 0.0), #(-0.04199827011427705 3.5145586294072386e-6 0.0), #(-0.1250021185528923 -1.881513524673967e-5 0.0), #(-0.22554059986567562 -9.553756647425179e-6 0.0), #(-0.2294075558251379 8.601773563781542e-6 0.0), #(0.0040758716769920015 1.4539000427735878e-5 0.0), #(-0.1450983606837597 -2.853765253257438e-5 0.0), #(0.03058375213276057 1.2168805657888271e-4 0.0)
tevelocity:, 5, #(0.29993490600496864 8.340420615604832e-7 0.0), #(0.31356399399554946 -7.022703765970559e-6 0.0), #(0.34144229131836756 1.400506960850029e-5 0.0), #(0.31861896781182786 -0.0042181745729448486 0.0), #(0.328481805574246 0.0042146076216369255 0.0), #(0.2969555345277286 2.4270473173915407e-5 0.0), #(0.30144601847181685 -2.5180463544892117e-5 0.0), #(0.2699387067244902 2.4379948347336063e-4 0.0), #(0.2720741103824814 -2.44835419759205e-4 0.0), #(0.24209311568624142 6.993991773645275e-5 0.0), #(0.23947505932927168 -6.993617664573706e-5 0.0), #(0.21102404944859712 3.383063030421311e-5 0.0), #(0.20808365549605903 -3.34686724583462e-5 0.0), #(0.1781370482624965 2.3726926560446118e-5 0.0), #(0.1758523838059094 -2.4032224959605444e-5 0.0), #(0.1424936967303577 9.289514530143179e-5 0.0), #(0.14073931958760766 -9.25338851096289e-5 0.0), #(0.10186166504736177 2.3056933292339702e-4 0.0), #(0.098455041450877 -2.2788831960262956e-4 0.0), #(0.05261639261336168 1.944943855646463e-4 0.0), #(0.05520650654707156 -1.2229752323934389e-4 0.0), #(0.02976045687951873 -3.41332748722432e-5 0.0), #(-0.2297876813063105 2.5875620236789973e-6 0.0), #(-0.06554258639983937 5.7703219033209094e-6 0.0), #(-0.1004092571335339 -2.113389917079983e-5 0.0), #(-0.22077669703801428 -8.994155237255256e-6 0.0), #(-0.2288027257062052 1.0383630298074762e-5 0.0), #(-0.014611916385837302 1.1075384574396698e-5 0.0), #(-0.12607140269748535 -1.6643386859413095e-5 0.0), #(-0.03547354475446628 3.291597297802837e-5 0.0)
tevelocity:, 6, #(0.29954695043207924 9.142149938364592e-8 0.0), #(0.31279565488008604 -6.2025598917005894e-6 0.0), #(0.34054690778640717 1.3456229742605843e-5 0.0), #(0.31819217869153915 -0.0016168264836450043 0.0), #(0.3284338967312951 0.0016107690278531787 0.0), #(0.29722927624853734 2.2725589714471276e-5 0.0), #(0.30153571752865715 -2.3073603926619872e-5 0.0), #(0.2702814070340095 2.2128425785182329e-4 0.0), #(0.2722211329635683 -2.2262111365056462e-4 0.0), #(0.2421155533090887 7.044440336195753e-5 0.0), #(0.2396165844722349 -7.041117117697246e-5 0.0), #(0.21053825817337493 3.582378373194865e-5 0.0), #(0.20769600748640127 -3.545798271812768e-5 0.0), #(0.1766631385100681 2.4682515249380653e-5 0.0), #(0.174478936367154 -2.5086380060143943e-5 0.0), #(0.13931700384534196 9.084713115159858e-5 0.0), #(0.13764239123620134 -9.057155413327475e-5 0.0), #(0.09629071709982123 2.2768939886382085e-4 0.0), #(0.0914590590065987 -2.2508378221095595e-4 0.0), #(0.04076686048684768 1.951804949410748e-4 0.0), #(0.04703472869822458 -1.1467205726597505e-4 0.0), #(0.019590242406939826 -2.951798733792035e-5 0.0), #(-0.22103393050617617 2.6452439073539584e-6 0.0), #(-0.08904046878412908 7.594254605140881e-6 0.0), #(-0.07597284677272237 -2.265895710097051e-5 0.0), #(-0.21530601197859242 -8.548991335038303e-6 0.0), #(-0.2272772529412221 1.0174855357984746e-5 0.0), #(-0.03595760135364512 9.514968342125388e-6 0.0), #(-0.10518878876904257 -7.031679212146494e-6 0.0), #(-0.1313511866081077 -7.708940318305134e-5 0.0)
tevelocity:, 7, #(0.2991404771224863 7.629848208247884e-7 0.0), #(0.31201552134189964 -5.070601215132163e-6 0.0), #(0.339588351380313 1.3717847081900411e-5 0.0), #(0.31774901670691746 -9.985114468146583e-4 0.0), #(0.32831371320828634 9.932136396021266e-4 0.0), #(0.29745354730830253 2.1378926167591497e-5 0.0), #(0.30154311638774517 -2.229927786258394e-5 0.0), #(0.2705395525036074 2.0276732480796592e-4 0.0), #(0.2722596019486864 -2.0379746734223772e-4 0.0), #(0.24198240461490483 7.066671125901935e-5 0.0), #(0.23960958749345976 -7.067394798562947e-5 0.0), #(0.20985370063063982 3.757179553529207e-5 0.0), #(0.20711993776139354 -3.727937111239672e-5 0.0), #(0.17488872519230825 2.6155941990695177e-5 0.0), #(0.17282052908386497 -2.569765744535311e-5 0.0), #(0.13567290064417176 8.923875849229148e-5 0.0), #(0.1340782496760873 -8.852373935019376e-5 0.0), #(0.09010581811329732 2.3043771663762744e-4 0.0), #(0.08331068584500816 -2.2720006772516244e-4 0.0), #(0.0273269153191444 1.8997789572756723e-4 0.0), #(0.0381652562597157 -1.1546464517586539e-4 0.0), #(0.008850608341734834 -3.3822222719174594e-5 0.0), #(-0.21060052218444528 2.812302658989065e-6 0.0), #(-0.1110684433983416 9.03919062838376e-6 0.0), #(-0.05323771331171573 -2.5263086194476292e-5 0.0), #(-0.20917794751063487 -7.207503457359896e-6 0.0), #(-0.22489013025362656 1.0129381021049847e-5 0.0), #(-0.05876690133239391 8.447693966967462e-6 0.0), #(-0.08348916327543354 -1.7299198951159372e-7 0.0), #(-0.1701174791999145 -5.194637683482361e-5 0.0)
tevelocity:, 1, #(0.30143838319986843 5.815899211191814e-7 0.0), #(0.3167888406248147 -1.3772164639520914e-5 0.0), #(0.34441773047170987 1.6592994875102717e-5 0.0), #(0.3279741109757869 -8.058884727268468e-4 0.0), #(0.3199592591131999 8.055330540583926e-4 0.0), #(0.29530016564770956 3.2338119205294596e-5 0.0), #(0.3002663297785043 -3.273484672493892e-5 0.0), #(0.267571476511193 4.14816175781766e-4 0.0), #(0.27047418464489836 -4.134719732064388e-4 0.0), #(0.24071189963268036 7.441010342761741e-5 0.0), #(0.23766728445679386 -7.115869854153466e-5 0.0), #(0.21119869644543382 2.671471232580999e-5 0.0), #(0.20788611109094324 -3.129273979193938e-5 0.0), #(0.1814381014166002 2.076992105618937e-5 0.0), #(0.1788473052162833 -1.8783044840565353e-5 0.0), #(0.15129923547561375 1.0259529799441825e-4 0.0), #(0.14915818223910485 -9.267524953255963e-5 0.0), #(0.11877666428277557 2.785075220512372e-4 0.0), #(0.11771639899417513 -2.5481501789099574e-4 0.0), #(0.08683041695226934 1.6277316942110595e-4 0.0), #(0.08211625001372473 -7.771853420525964e-5 0.0), #(0.06330357392305061 -3.2452847402973686e-5 0.0), #(-0.2523589246213995 -1.071241647928896e-5 0.0), #(0.016357854999401917 -1.6812411138668515e-5 0.0), #(-0.18728151199171902 -4.890423238595958e-6 0.0), #(-0.23564923001315355 -9.856029828502344e-6 0.0), #(0.04109375563590557 2.4430386778055345e-5 0.0), #(-0.22357149501148846 2.017843037937218e-5 0.0), #(-0.1837767581634876 -1.209906413870239e-4 0.0), #(0.06597326773496383 5.350617582454705e-6 0.0)
tevelocity:, 2, #(0.30107002821117845 8.518383754998752e-7 0.0), #(0.3159604289803971 -1.0876778662161639e-5 0.0), #(0.3437536631443026 1.6082312631053914e-5 0.0), #(0.32821157350179897 -0.0011327751374876273 0.0), #(0.3196831792209727 0.001130901242464156 0.0), #(0.29579570004982764 2.991326183547766e-5 0.0), #(0.30068542836987466 -3.0810264903884274e-5 0.0), #(0.2683165273696003 3.518028188474451e-4 0.0), #(0.2710263703584413 -3.5255073073616676e-4 0.0), #(0.24125142543585165 6.998069390746516e-5 0.0), #(0.2382902719609416 -6.97572225802543e-5 0.0), #(0.2114008207463253 2.8253968403255066e-5 0.0), #(0.20818503300571148 -2.8233480554365116e-5 0.0), #(0.1809829461657037 2.0348358863920943e-5 0.0), #(0.1784519563121542 -2.0504218540109975e-5 0.0), #(0.14963411680387279 9.733651275782034e-5 0.0), #(0.14759231360942818 -9.70483858010598e-5 0.0), #(0.11527898830061127 2.5079284521424935e-4 0.0), #(0.11395593520467258 -2.45727098186365e-4 0.0), #(0.07997335428181095 1.6341438162152436e-4 0.0), #(0.07631841098343746 -8.474594294009825e-5 0.0), #(0.05599733385215809 -3.001813613045217e-5 0.0), #(-0.24822515803048464 2.534535748322452e-6 0.0), #(-3.779526505106208e-4 4.903624545264247e-7 0.0), #(-0.16926269711186817 -1.5060797552052043e-5 0.0), #(-0.23310287703514604 -1.0540122528811925e-5 0.0), #(0.03205837538293143 1.5944745889506306e-5 0.0), #(-0.22696969082054647 1.0966181303284966e-5 0.0), #(-0.17432572895870957 -6.649156391086355e-5 0.0), #(0.0650393133270514 1.7089884028364836e-4 0.0)
tevelocity:, 3, #(0.3006976586175501 8.82104009368236e-7 0.0), #(0.31515010541622096 -9.445374117213063e-6 0.0), #(0.3430379776716319 1.5179725592903906e-5 0.0), #(0.32837463347676366 -0.0019335491072256328 0.0), #(0.3193656307966952 0.0019312684706178642 0.0), #(0.2962367750690323 2.7806959374630124e-5 0.0), #(0.301020436531015 -2.8663135211928666e-5 0.0), #(0.268949816962055 3.0633193895220556e-4 0.0), #(0.27147579672618477 -3.073589935769263e-4 0.0), #(0.24166027278126126 6.970481698100529e-5 0.0), #(0.2388187237501072 -6.959985899258706e-5 0.0), #(0.21144830745236007 2.961992559507203e-5 0.0), #(0.20832220084577946 -2.963410378174207e-5 0.0), #(0.18027883390047797 2.195502166147575e-5 0.0), #(0.17782331678603647 -2.1527353227979177e-5 0.0), #(0.14762129893561163 9.654272184912167e-5 0.0), #(0.14567824753765593 -9.54251215979606e-5 0.0), #(0.11132103368941274 2.4291889669602338e-4 0.0), #(0.10956414436152577 -2.397091186809775e-4 0.0), #(0.0720754356849171 1.77917019700727e-4 0.0), #(0.06989234752559281 -1.0528512181445936e-4 0.0), #(0.0477968279933811 -3.060081848091495e-5 0.0), #(-0.24317152453230056 2.316353783346175e-6 0.0), #(-0.01985336180743235 2.408077329033253e-6 0.0), #(-0.1483649301029234 -1.6831892460234104e-5 0.0), #(-0.22968902734465482 -1.0066243733523112e-5 0.0), #(0.01967136037831861 1.3814196915308317e-5 0.0), #(-0.22883993555138818 1.0000243699521147e-5 0.0), #(-0.16122525239363775 -4.537235658763057e-5 0.0), #(0.05634688108759144 1.5576935933202406e-4 0.0)
tevelocity:, 4, #(0.30031973556080704 8.570560762254923e-7 0.0), #(0.31435179976425137 -8.168460826916134e-6 0.0), #(0.342269279234561 1.4475692687575316e-5 0.0), #(0.3284524028498077 -0.0069653834128289484 0.0), #(0.31902160724257383 0.006962505403592762 0.0), #(0.2966239237166915 2.594898180864846e-5 0.0), #(0.30127411892534806 -2.6841227905625845e-5 0.0), #(0.2694918444972345 2.7144732116673553e-4 0.0), #(0.2718257592310752 -2.7248078231429106e-4 0.0), #(0.24194234232245243 6.975555602927309e-5 0.0), #(0.23921234018952475 -6.969423149406746e-5 0.0), #(0.2113276190722461 3.138559759964801e-5 0.0), #(0.208292654282812 -3.1446495097656005e-5 0.0), #(0.17934126230572728 2.3179855680944428e-5 0.0), #(0.17696753747808044 -2.2659142751394253e-5 0.0), #(0.14525243526925638 9.515894018110842e-5 0.0), #(0.14340916554452557 -9.391301535858896e-5 0.0), #(0.10685431566998004 2.3620639210005247e-4 0.0), #(0.10442356532608231 -2.3341763155331732e-4 0.0), #(0.06301007799971431 1.875955713253826e-4 0.0), #(0.0629674805094141 -1.117416326377908e-4 0.0), #(0.039111004758324026 -3.335299754695036e-5 0.0), #(-0.23712789631819334 2.4333838547454995e-6 0.0), #(-0.04199827011427705 3.5145586294072386e-6 0.0), #(-0.1250021185528923 -1.881513524673967e-5 0.0), #(-0.22554059986567562 -9.553756647425179e-6 0.0), #(-0.2294075558251379 8.601773563781542e-6 0.0), #(0.0040758716769920015 1.4539000427735878e-5 0.0), #(-0.1450983606837597 -2.853765253257438e-5 0.0), #(0.03058375213276057 1.2168805657888271e-4 0.0)
tevelocity:, 5, #(0.29993490600496864 8.340420615604832e-7 0.0), #(0.31356399399554946 -7.022703765970559e-6 0.0), #(0.34144229131836756 1.400506960850029e-5 0.0), #(0.31861896781182786 -0.0042181745729448486 0.0), #(0.328481805574246 0.0042146076216369255 0.0), #(0.2969555345277286 2.4270473173915407e-5 0.0), #(0.30144601847181685 -2.5180463544892117e-5 0.0), #(0.2699387067244902 2.4379948347336063e-4 0.0), #(0.2720741103824814 -2.44835419759205e-4 0.0), #(0.24209311568624142 6.993991773645275e-5 0.0), #(0.23947505932927168 -6.993617664573706e-5 0.0), #(0.21102404944859712 3.383063030421311e-5 0.0), #(0.20808365549605903 -3.34686724583462e-5 0.0), #(0.1781370482624965 2.3726926560446118e-5 0.0), #(0.1758523838059094 -2.4032224959605444e-5 0.0), #(0.1424936967303577 9.289514530143179e-5 0.0), #(0.14073931958760766 -9.25338851096289e-5 0.0), #(0.10186166504736177 2.3056933292339702e-4 0.0), #(0.098455041450877 -2.2788831960262956e-4 0.0), #(0.05261639261336168 1.944943855646463e-4 0.0), #(0.05520650654707156 -1.2229752323934389e-4 0.0), #(0.02976045687951873 -3.41332748722432e-5 0.0), #(-0.2297876813063105 2.5875620236789973e-6 0.0), #(-0.06554258639983937 5.7703219033209094e-6 0.0), #(-0.1004092571335339 -2.113389917079983e-5 0.0), #(-0.22077669703801428 -8.994155237255256e-6 0.0), #(-0.2288027257062052 1.0383630298074762e-5 0.0), #(-0.014611916385837302 1.1075384574396698e-5 0.0), #(-0.12607140269748535 -1.6643386859413095e-5 0.0), #(-0.03547354475446628 3.291597297802837e-5 0.0)
tevelocity:, 6, #(0.29954695043207924 9.142149938364592e-8 0.0), #(0.31279565488008604 -6.2025598917005894e-6 0.0), #(0.34054690778640717 1.3456229742605843e-5 0.0), #(0.31819217869153915 -0.0016168264836450043 0.0), #(0.3284338967312951 0.0016107690278531787 0.0), #(0.29722927624853734 2.2725589714471276e-5 0.0), #(0.30153571752865715 -2.3073603926619872e-5 0.0), #(0.2702814070340095 2.2128425785182329e-4 0.0), #(0.2722211329635683 -2.2262111365056462e-4 0.0), #(0.2421155533090887 7.044440336195753e-5 0.0), #(0.2396165844722349 -7.041117117697246e-5 0.0), #(0.21053825817337493 3.582378373194865e-5 0.0), #(0.20769600748640127 -3.545798271812768e-5 0.0), #(0.1766631385100681 2.4682515249380653e-5 0.0), #(0.174478936367154 -2.5086380060143943e-5 0.0), #(0.13931700384534196 9.084713115159858e-5 0.0), #(0.13764239123620134 -9.057155413327475e-5 0.0), #(0.09629071709982123 2.2768939886382085e-4 0.0), #(0.0914590590065987 -2.2508378221095595e-4 0.0), #(0.04076686048684768 1.951804949410748e-4 0.0), #(0.04703472869822458 -1.1467205726597505e-4 0.0), #(0.019590242406939826 -2.951798733792035e-5 0.0), #(-0.22103393050617617 2.6452439073539584e-6 0.0), #(-0.08904046878412908 7.594254605140881e-6 0.0), #(-0.07597284677272237 -2.265895710097051e-5 0.0), #(-0.21530601197859242 -8.548991335038303e-6 0.0), #(-0.2272772529412221 1.0174855357984746e-5 0.0), #(-0.03595760135364512 9.514968342125388e-6 0.0), #(-0.10518878876904257 -7.031679212146494e-6 0.0), #(-0.1313511866081077 -7.708940318305134e-5 0.0)
tevelocity:, 7, #(0.2991404771224863 7.629848208247884e-7 0.0), #(0.31201552134189964 -5.070601215132163e-6 0.0), #(0.339588351380313 1.3717847081900411e-5 0.0), #(0.31774901670691746 -9.985114468146583e-4 0.0), #(0.32831371320828634 9.932136396021266e-4 0.0), #(0.29745354730830253 2.1378926167591497e-5 0.0), #(0.30154311638774517 -2.229927786258394e-5 0.0), #(0.2705395525036074 2.0276732480796592e-4 0.0), #(0.2722596019486864 -2.0379746734223772e-4 0.0), #(0.24198240461490483 7.066671125901935e-5 0.0), #(0.23960958749345976 -7.067394798562947e-5 0.0), #(0.20985370063063982 3.757179553529207e-5 0.0), #(0.20711993776139354 -3.727937111239672e-5 0.0), #(0.17488872519230825 2.6155941990695177e-5 0.0), #(0.17282052908386497 -2.569765744535311e-5 0.0), #(0.13567290064417176 8.923875849229148e-5 0.0), #(0.1340782496760873 -8.852373935019376e-5 0.0), #(0.09010581811329732 2.3043771663762744e-4 0.0), #(0.08331068584500816 -2.2720006772516244e-4 0.0), #(0.0273269153191444 1.8997789572756723e-4 0.0), #(0.0381652562597157 -1.1546464517586539e-4 0.0), #(0.008850608341734834 -3.3822222719174594e-5 0.0), #(-0.21060052218444528 2.812302658989065e-6 0.0), #(-0.1110684433983416 9.03919062838376e-6 0.0), #(-0.05323771331171573 -2.5263086194476292e-5 0.0), #(-0.20917794751063487 -7.207503457359896e-6 0.0), #(-0.22489013025362656 1.0129381021049847e-5 0.0), #(-0.05876690133239391 8.447693966967462e-6 0.0), #(-0.08348916327543354 -1.7299198951159372e-7 0.0), #(-0.1701174791999145 -5.194637683482361e-5 0.0)
tevelocity:, 8, #(0.2987275536564451 -2.7269939396990383e-7 0.0), #(0.3112547853296775 -3.494614010896608e-6 0.0), #(0.3385420776748915 1.2500595300565767e-5 0.0), #(0.31729343077347777 -7.253570856611684e-4 0.0), #(0.3281201668403081 7.189745040875288e-4 0.0), #(0.2976173584773503 1.8773109826676556e-5 0.0), #(0.30146519945156447 -1.7579731986231023e-5 0.0), #(0.27066867236887227 1.8788936885152843e-4 0.0), #(0.27219035043123674 -1.883522376276172e-4 0.0), #(0.24171388079362957 4.2845896615289515e-5 0.0), #(0.23947948591353488 -3.529768632761647e-5 0.0), #(0.20897946329550052 3.8972148829802756e-5 0.0), #(0.2063475390676971 -4.469540775764395e-5 0.0), #(0.17281696582788061 2.8257005322347354e-5 0.0), #(0.1708768457879891 -2.7986547544400448e-5 0.0), #(0.13154808540532525 9.064229764947588e-5 0.0), #(0.1299924445984594 -8.553177811945927e-5 0.0), #(0.08327301913008481 2.628068808434745e-4 0.0), #(0.07380858237027227 -2.3465523727156943e-4 0.0), #(0.012167794072648754 6.401710261069813e-5 0.0), #(0.028746825705906174 3.0089826192590588e-5 0.0), #(-0.002253378957788802 -5.8547740477426134e-5 0.0), #(-0.19860073037328002 2.590243072881685e-6 0.0), #(-0.13021173763980542 -2.602174267436756e-6 0.0), #(-0.20230852109955264 -1.6624054313637516e-5 0.0), #(-0.033739080961919424 -2.54901969355882e-5 0.0), #(-0.22148375326876601 2.542969560517496e-5 0.0), #(-0.08117616012095702 -1.0913116647938706e-4 0.0), #(-0.06246837951350741 -2.822385527847457e-5 0.0), #(-0.17669080870481269 -2.2596562201783197e-4 0.0)
tevelocity:, 9, #(0.298297158544582 -3.377855155459279e-7 0.0), #(0.3104967480632971 -3.7181052089846337e-6 0.0), #(0.3374150818294257 1.303273429218067e-5 0.0), #(0.31683792160572893 -5.749110199391917e-4 0.0), #(0.3278713908711683 5.643877988746448e-4 0.0), #(0.2977341181262879 1.8787635928547558e-5 0.0), #(0.30130886194029327 -1.903889369079516e-5 0.0), #(0.2707502472222767 1.7562652218319782e-4 0.0), #(0.27200516696506727 -1.7652845187190124e-4 0.0), #(0.24126686898336946 3.856398278815472e-5 0.0), #(0.23913646998288984 -3.687339901184518e-5 0.0), #(0.2078500076642627 3.9769049402107295e-5 0.0), #(0.20535439746747516 -4.1614244958295325e-5 0.0), #(0.17038247764778294 2.7490063843897365e-5 0.0), #(0.16858569028215176 -2.749348440367427e-5 0.0), #(0.12689979956514774 8.411862828478144e-5 0.0), #(0.12531743358639766 -8.244431508560295e-5 0.0), #(0.07576869266142913 2.6961475607981025e-4 0.0), #(0.062344069231394725 -2.67441060394249e-4 0.0), #(-0.003913565946377333 8.578082303596215e-5 0.0), #(0.018691288981756277 8.65021124043212e-7 0.0), #(-0.013903064626916366 -4.426469162078323e-5 0.0), #(-0.18473126953116312 2.958430111434444e-6 0.0), #(-0.14584823550313214 1.049827904299512e-5 0.0), #(-0.1947789224358371 -7.194987916617956e-6 0.0), #(-0.018317923137440795 -2.559104286099459e-5 0.0), #(-0.2169523268777584 1.099444074740925e-5 0.0), #(-0.1015947008288091 2.5172055777442794e-6 0.0), #(-0.04541384176259055 8.107148667342318e-6 0.0), #(-0.17490471758368906 -8.752170982772395e-5 0.0)
tevelocity:, 10, #(0.2978707615597661 -9.031485489577457e-8 0.0), #(0.3097436097251333 -3.0387084269135023e-6 0.0), #(0.3361634870195372 1.4817338951457355e-5 0.0), #(0.31637836895165533 -4.7608775004401283e-4 0.0), #(0.32752287653724593 4.652282142224655e-4 0.0), #(0.29776349671272523 1.78653210211141e-5 0.0), #(0.3010559390603033 -1.8241294657211818e-5 0.0), #(0.2706585887287353 1.624953277712423e-4 0.0), #(0.2717221033368667 -1.637866318619815e-4 0.0), #(0.24070673025944148 3.85985658542135e-5 0.0), #(0.238739036961557 -3.8215244598224093e-5 0.0), #(0.20652271551970597 4.2966154136653414e-5 0.0), #(0.20414871787641825 -4.352907835414239e-5 0.0), #(0.16759322399476834 2.8334480406008035e-5 0.0), #(0.16596463444500004 -2.7603133711200745e-5 0.0), #(0.12165939999620441 8.126013982732283e-5 0.0), #(0.12004850934696058 -7.934687940257429e-5 0.0), #(0.06756019335942973 3.612052142582995e-4 0.0), #(0.04893742857794036 -3.5870100276549465e-4 0.0), #(-0.021114194836766794 1.0502491456163942e-4 0.0), #(0.008071165055140262 -1.4055606472496526e-5 0.0), #(-0.02529588096687289 -5.904004403697137e-5 0.0), #(-0.16974052368547832 2.9516811440321947e-6 0.0), #(-0.15768288376921505 1.0437711983150837e-5 0.0), #(-0.18640827645015925 -6.310176910946792e-6 0.0), #(-0.007619405112697685 -2.5663202636460157e-5 0.0), #(-0.21102864968579163 9.856857134107961e-6 0.0), #(-0.11886502019419962 4.492409231980318e-6 0.0), #(-0.03260500626208047 1.4170433584713932e-5 0.0), #(-0.17050090776637583 -4.087278326873335e-5 0.0)
tevelocity:, 11, #(0.2974176401756839 -1.0816116108880247e-7 0.0), #(0.3089846005403634 -2.41768228637871e-6 0.0), #(0.3348053592337786 1.565286845449753e-5 0.0), #(0.3159500222604264 -4.091160357064709e-4 0.0), #(0.327119880613259 3.968239813725128e-4 0.0), #(0.29775014398665267 1.6898105254993404e-5 0.0), #(0.3007189585774547 -1.7295700833674287e-5 0.0), #(0.2704783196401388 1.525753546578307e-4 0.0), #(0.27131086788242015 -1.539450212399362e-4 0.0), #(0.2399485953281922 4.0336740341111646e-5 0.0), #(0.2381211289487226 -4.004238095687925e-5 0.0), #(0.2049153784019192 4.499047005315114e-5 0.0), #(0.20267574201449656 -4.539423714472343e-5 0.0), #(0.1643852089819029 2.8722048469559716e-5 0.0), #(0.162932795549044 -2.7981119387485536e-5 0.0), #(0.11581252915685736 7.824316880010812e-5 0.0), #(0.11396230938887945 -7.625066113137764e-5 0.0), #(0.058653525152454054 0.001012691775163892 0.0), #(0.03259986902677607 -0.0010102536515343647 0.0), #(-0.03755783917389703 1.0204987911913404e-4 0.0), #(-0.003109311478320513 4.418759773903454e-6 0.0), #(-0.036511390884651565 -6.774876774269397e-5 0.0), #(-0.1540832064178417 3.0817333686240625e-6 0.0), #(-0.16597612940669665 1.0586736226252146e-5 0.0), #(-0.17731092534631232 -5.460347484170327e-6 0.0), #(-0.0019887820948220137 -2.519478615499641e-5 0.0), #(-0.20310136492230374 9.252048905801172e-6 0.0), #(-0.13252467612713406 3.5826588162842928e-6 0.0), #(-0.025461975625167436 1.5662527891119042e-5 0.0), #(-0.16466316683607563 -2.3147550391758737e-5 0.0)
tevelocity:, 12, #(0.2969351616555004 -4.3527172008589713e-7 0.0), #(0.3082169924662521 -1.8686157413238345e-6 0.0), #(0.3333245091324641 1.5646423851443966e-5 0.0), #(0.3155657015904265 -3.6241638035489966e-4 0.0), #(0.3266643783347695 3.4717646432623554e-4 0.0), #(0.2976874196605653 1.5841511772071955e-5 0.0), #(0.300296594704293 -1.620434931979847e-5 0.0), #(0.2702160449538554 1.4386727157803385e-4 0.0), #(0.2707665473290573 -1.4538188421586793e-4 0.0), #(0.23899179184176575 4.103516241295489e-5 0.0), #(0.2372580770199106 -4.109853535960375e-5 0.0), #(0.20300952620565826 4.824669053054768e-5 0.0), #(0.2009216650375929 -4.7584541001631796e-5 0.0), #(0.16073411802952375 2.829099230977127e-5 0.0), #(0.15947231436913567 -2.8684428868339904e-5 0.0), #(0.10930259938242733 7.5209310601151e-5 0.0), #(0.10699835704591049 -7.455864362109922e-5 0.0), #(0.012980715772865895 4.3233067545952596e-4 0.0), #(0.04904094360055246 -4.296744492721878e-4 0.0), #(-0.051958578152976796 9.018582884768384e-5 0.0), #(-0.014793502126365949 2.178645212261843e-5 0.0), #(-0.047306782390633365 -7.979655491298588e-5 0.0), #(-0.13888792639443598 3.002737529667644e-6 0.0), #(-0.17103867646729798 1.0286718335573424e-5 0.0), #(-0.1673444022857012 -4.56097216303814e-6 0.0), #(-0.002066537034279344 -2.4326527064363576e-5 0.0), #(-0.19218705277900622 8.26444962538795e-6 0.0), #(-0.14270937912596152 3.291074622813061e-6 0.0), #(-0.02347897596179702 1.4467001626277426e-5 0.0), #(-0.15828879030823764 -1.5114806800201903e-5 0.0)
tevelocity:, 13, #(0.296459171109463 -2.220790902782986e-7 0.0), #(0.3074571588015416 -1.3722098868382992e-6 0.0), #(0.3316623551673661 1.782775382934691e-5 0.0), #(0.3152214503462786 -3.249274598774443e-4 0.0), #(0.3261035963820837 3.0921823358423035e-4 0.0), #(0.2975229911478244 1.518225749882789e-5 0.0), #(0.2997718585644436 -1.556616320938794e-5 0.0), #(0.26977008225188204 1.3640573875098522e-4 0.0), #(0.2701160585270229 -1.3781272071102438e-4 0.0), #(0.23789350070633014 4.271132995169212e-5 0.0), #(0.23635819546756837 -4.2428890422253773e-5 0.0), #(0.2008631436173985 4.868828013047108e-5 0.0), #(0.19892581212583887 -4.903337211537706e-5 0.0), #(0.15661990607462656 2.882251920284213e-5 0.0), #(0.1555734925570183 -2.805294804106373e-5 0.0), #(0.10208011924673341 7.201511758261904e-5 0.0), #(0.09894970607034463 -6.988630863534315e-5 0.0), #(-0.01061169665276027 1.1994095115743825e-4 0.0), #(0.038681304093536394 -1.1760440318260241e-4 0.0), #(-0.06232121539361741 7.349610913616959e-5 0.0), #(-0.026833572999910425 4.4063013820038695e-5 0.0), #(-0.057802888808279065 -8.858300635074491e-5 0.0), #(-0.12500184971088624 2.899671940344513e-6 0.0), #(-0.1734172769994441 1.0011120058221663e-5 0.0), #(-0.15682442021249596 -3.5809553803346577e-6 0.0), #(-0.00915431236065952 -2.245442667469426e-5 0.0), #(-0.17646784199658191 6.559295955791678e-6 0.0), #(-0.14978327599730568 3.1356753904610716e-6 0.0), #(-0.025865319482057385 1.1142811587495204e-5 0.0), #(-0.15158228934067736 -9.660213479954452e-6 0.0)
tevelocity:, 14, #(0.29593360920988543 -4.882349011185827e-7 0.0), #(0.30667254449358256 -8.904420221642144e-7 0.0), #(0.32985370005070724 1.8103736979516323e-5 0.0), #(0.31496446958395624 -2.986006011344412e-4 0.0), #(0.3255067330690895 2.798963576067857e-4 0.0), #(0.29732501072214973 1.4252396056606324e-5 0.0), #(0.29915874806006826 -1.4664014685766899e-5 0.0), #(0.26925749584185044 1.296618573721605e-4 0.0), #(0.2693088260773921 -1.311785252439654e-4 0.0), #(0.23654978413644 4.3259240525074196e-5 0.0), #(0.2351243365156072 -4.2906249858208226e-5 0.0), #(0.198355250653591 5.02267643143148e-5 0.0), #(0.19659419979837559 -5.0570597531591134e-5 0.0), #(0.15197618368045918 2.8523705350388958e-5 0.0), #(0.15115893236148864 -2.7719711315799133e-5 0.0), #(0.0940899600038276 6.905883377709324e-5 0.0), #(0.08955292148339995 -6.695374798466008e-5 0.0), #(-0.03767094185698667 5.185776331278094e-5 0.0), #(0.02763969197503318 -4.9621383845301096e-5 0.0), #(-0.06767103472456014 5.976600850681643e-5 0.0), #(-0.03919304545676754 5.6760584271678347e-5 0.0), #(-0.06805354141643294 -7.968510407173854e-5 0.0), #(-0.11340242704541946 2.6883507495826514e-6 0.0), #(-0.17341891871747153 9.940153773237658e-6 0.0), #(-0.14554215307136403 -2.3970903858661793e-6 0.0), #(-0.02520536652360226 -1.9325544847280813e-5 0.0), #(-0.15362254622519234 3.817828046756167e-6 0.0), #(-0.15426634417354265 2.950613544143665e-6 0.0), #(-0.03104795840140355 6.108038414030442e-6 0.0), #(-0.144857066930473 -4.416324157840915e-6 0.0)
tevelocity:, 15, #(0.295408050246912 -8.825465680897475e-8 0.0), #(0.305888157118315 -8.45257671750042e-7 0.0), #(0.32782895308633636 2.038612734601708e-5 0.0), #(0.314785883215044 -2.750022670613371e-4 0.0), #(0.3248043412078672 2.5781493025630323e-4 0.0), #(0.29701994151607264 1.4771186000183605e-5 0.0), #(0.29843524159550633 -1.2274251759624913e-5 0.0), #(0.2685288750259548 1.2775878698793685e-4 0.0), #(0.2683831295997758 -1.2239797467118287e-4 0.0), #(0.2350462278646508 4.335397825407114e-5 0.0), #(0.23379923134093644 -3.6637505399263796e-5 0.0), #(0.19552870788197166 5.2663723687258625e-5 0.0), #(0.1939177189307674 -6.00164653017091e-5 0.0), #(0.14674045152538623 3.851112465006313e-5 0.0), #(0.14616671402897155 -2.386411822437121e-5 0.0), #(0.08525664448276134 7.329272530833763e-5 0.0), #(0.07833009221054435 -7.55050441948715e-5 0.0), #(-0.0664130554127777 2.510678514809016e-5 0.0), #(0.015930346967491463 9.382904837580089e-6 0.0), #(-0.06827922233908156 -1.7085745675740738e-5 0.0), #(-0.051709090006113116 1.2839741767564847e-4 0.0), #(-0.07823343212579906 -8.855187524870659e-5 0.0), #(-0.10458276465314632 -6.208625530222598e-5 0.0), #(-0.17133441830808332 2.5264428337009356e-5 0.0), #(-0.13368979357283278 7.625855348473502e-6 0.0), #(-0.05157685559114947 -2.1556102020990097e-5 0.0), #(-0.12191332203653403 -1.7917127540893033e-5 0.0), #(-0.1566943252251337 1.6626438941817358e-5 0.0), #(-0.037117837571502194 -1.837705552086241e-4 0.0), #(-0.13879804529616796 -1.446346412124958e-4 0.0)
tevelocity:, 16, #(0.29483187838649316 -5.062652027832251e-7 0.0), #(0.3050800938329218 -6.758667911689382e-8 0.0), #(0.3256124313498328 2.04876097993856e-5 0.0), #(0.31471335258836525 -2.588307007450646e-4 0.0), #(0.3240581495617993 2.3735134002536654e-4 0.0), #(0.29666483883768413 1.2854577802121632e-5 0.0), #(0.2976195252741139 -1.3334254444338596e-5 0.0), #(0.2677530362852179 1.24652693953643e-4 0.0), #(0.26728821647623974 -1.2343596499018937e-4 0.0), #(0.23325860665866816 3.6271844411733636e-5 0.0), #(0.23213441281383218 -3.38091776209194e-5 0.0), #(0.192301392299492 4.821084322482793e-5 0.0), #(0.190912131645926 -5.209036992101102e-5 0.0), #(0.14093323554607082 2.6762452686766777e-5 0.0), #(0.14054915127761727 -2.6646475123483348e-5 0.0), #(0.07562109889526226 6.486454030697842e-5 0.0), #(0.06445707293115614 -6.345982454828077e-5 0.0), #(-0.09397760982465513 1.5774133842619637e-5 0.0), #(0.003721029553086217 -1.3267635237803145e-5 0.0), #(-0.06601478010103247 1.1366525305717195e-5 0.0), #(-0.06434662784754376 1.0864764305029759e-4 0.0), #(-0.08893269714508319 -9.273248629765908e-5 0.0), #(-0.09787411288329453 2.4682447712932816e-6 0.0), #(-0.16772354554933025 9.112154811004851e-6 0.0), #(-0.12156503922729955 4.268777199737109e-7 0.0), #(-0.08494200330613921 -7.982629099481146e-6 0.0), #(-0.08445999054617677 -8.118484838148214e-6 0.0), #(-0.15740603190511063 1.5786296592365957e-6 0.0), #(-0.13218154172833343 1.6468398383472006e-6 0.0), #(-0.04462477361914987 -4.0918863650277566e-6 0.0)
tevelocity:, 17, #(0.2942484628665013 -4.0821885366746636e-7 0.0), #(0.30426935012126055 2.1443062523602998e-7 0.0), #(0.32315463302204384 2.207187310567609e-5 0.0), #(0.3147351949972174 -2.4313961442070205e-4 0.0), #(0.32320612690826134 2.2133479221535937e-4 0.0), #(0.2961910804444481 1.2456041750387656e-5 0.0), #(0.2966886787370034 -1.2821259437851659e-5 0.0), #(0.26676336766507575 1.1462781312600854e-4 0.0), #(0.26605814853354137 -1.1552325842399969e-4 0.0), #(0.23125705682627826 3.396053317938365e-5 0.0), #(0.23035077850520352 -3.3682038516613497e-5 0.0), #(0.1887164544333632 5.297770715802099e-5 0.0), #(0.1875295784702088 -5.361204206089696e-5 0.0), #(0.13441640669322602 2.545929053701917e-5 0.0), #(0.13425336181246186 -2.512776793214008e-5 0.0), #(0.06505598702887468 6.59297866760651e-5 0.0), #(0.04674091105497439 -6.41903716275796e-5 0.0), #(-0.11565467515156083 8.06718078624712e-6 0.0), #(-0.008948742575853602 -6.935772858183614e-6 0.0), #(-0.0641762724059564 2.3080165521093904e-5 0.0), #(-0.07694863237885115 1.0282926201829091e-4 0.0), #(-0.09987592497890478 -9.751620790354263e-5 0.0), #(-0.09351560235290964 2.1946617775413414e-6 0.0), #(-0.16264070114463072 8.079229211815538e-6 0.0), #(-0.10912527198794982 1.6046653719709688e-6 0.0), #(-0.11610537156995945 -1.4286222293380168e-6 0.0), #(-0.05016561748836887 -1.233916930062182e-5 0.0), #(-0.15667196617432108 3.220884856364954e-6 0.0), #(-0.12574719355032138 7.122601845483608e-6 0.0), #(-0.05434086069728041 5.85957846270259e-6 0.0)
tevelocity:, 18, #(0.29359438188206355 -6.021169740053427e-7 0.0), #(0.3034105199098983 6.01051033923062e-7 0.0), #(0.32051146016210497 2.181821097705701e-5 0.0), #(0.3148672359843251 -2.3235974204275324e-4 0.0), #(0.3223119871103467 2.0835779431352177e-4 0.0), #(0.29566608967443014 1.1702413424080095e-5 0.0), #(0.2956451002651418 -1.2189674842363328e-5 0.0), #(0.26566788481898335 1.1080639600961637e-4 0.0), #(0.26463530353646136 -1.1200383593078922e-4 0.0), #(0.22898008072518114 3.4237483315150086e-5 0.0), #(0.22817118760558716 -3.406572816018444e-5 0.0), #(0.18463494507641037 5.29057301784259e-5 0.0), #(0.1836838358402316 -5.2845435341180646e-5 0.0), #(0.12711655301244756 2.411188354083251e-5 0.0), #(0.12711373024446834 -2.330061180443476e-5 0.0), #(0.05354732753569359 7.32112617633446e-5 0.0), #(0.022570177297840884 -7.202233273598546e-5 0.0), #(-0.12693737212817355 4.11932491441829e-6 0.0), #(-0.021857712350626654 -3.819358963269352e-6 0.0), #(-0.06458801933752892 2.7748707731343713e-5 0.0), #(-0.08940695182393792 9.769400102366413e-5 0.0), #(-0.11114204349230403 -9.704598976711458e-5 0.0), #(-0.0908478800190812 1.8615204494423967e-6 0.0), #(-0.1563647293207133 7.4602711810877136e-6 0.0), #(-0.09657741066395713 3.207316693324041e-6 0.0), #(-0.13782442002366754 3.711501692653768e-6 0.0), #(-0.026042736490480625 -1.6522611596651092e-5 0.0), #(-0.15482804724415805 3.206270068411864e-6 0.0), #(-0.11892701627341432 1.0399593278875297e-5 0.0), #(-0.06856342663515327 1.1828837987147654e-5 0.0)
tevelocity:, 19, #(0.2929209721849102 5.3805212981682584e-8 0.0), #(0.3025331450753002 1.0340543417370053e-6 0.0), #(0.3176397819402285 2.1711574772066424e-5 0.0), #(0.31505740769780444 -2.1775775702648431e-4 0.0), #(0.32130451545061 1.9665049044476603e-4 0.0), #(0.29500742567779686 1.14832736672801e-5 0.0), #(0.29447805964091067 -1.2208895016778197e-5 0.0), #(0.264334627070281 1.0681888581285272e-4 0.0), #(0.26306413095562825 -1.0796404393732968e-4 0.0), #(0.22644195255689845 3.5897642378358886e-5 0.0), #(0.22587065019032046 -3.5905073378550384e-5 0.0), #(0.18013506116912525 5.255816895329026e-5 0.0), #(0.17941797959619163 -5.226450193196622e-5 0.0), #(0.1189890995392207 2.2220418466401163e-5 0.0), #(0.11901723462181646 -2.1272853597951507e-5 0.0), #(0.041160817159535526 1.1070949014253194e-4 0.0), #(-0.011816582987401842 -1.093539962850389e-4 0.0), #(-0.12358863178267475 2.3190766013506383e-6 0.0), #(-0.03484936501232454 -3.3140447684560672e-6 0.0), #(-0.06813410147610714 3.01421805244634e-5 0.0), #(-0.10158839335291632 9.352622661642936e-5 0.0), #(-0.12256479598235002 -9.552468901470319e-5 0.0), #(-0.08929190408637686 1.5822419487864618e-6 0.0), #(-0.14923647679507543 6.768025165661662e-6 0.0), #(-0.08421071547295172 4.940251157229569e-6 0.0), #(-0.14981030802451673 7.317139304575206e-6 0.0), #(-0.012215696810419029 -1.905540790191656e-5 0.0), #(-0.1520513315151421 3.3645707644665794e-6 0.0), #(-0.11123340237616955 1.2218950326097123e-5 0.0), #(-0.08370617745192749 1.3296181241105944e-5 0.0)
tevelocity:, 20, #(0.29217892193297046 -6.62274593390225e-7 0.0), #(0.3016305179357192 1.1668875755151349e-6 0.0), #(0.3146277702742956 2.1226006972570263e-5 0.0), #(0.3152994552799544 -2.1188449562696077e-4 0.0), #(0.32024237337535566 1.8798718398764294e-4 0.0), #(0.2942837959241683 1.0657532555270192e-5 0.0), #(0.29318351173070906 -1.1166553137043142e-5 0.0), #(0.2628953559224152 1.0383808075476685e-4 0.0), #(0.2612695188335107 -1.0528075412556008e-4 0.0), #(0.223575044068384 3.6216405410439845e-5 0.0), #(0.22313953335986114 -3.593413731234253e-5 0.0), #(0.17505942066297153 5.080579574356963e-5 0.0), #(0.17466179879158195 -5.075741970528234e-5 0.0), #(0.10993622016399605 1.9683417520353764e-5 0.0), #(0.10968086387896181 -1.9202167523341116e-5 0.0), #(-0.05876164715441061 2.6300611535298675e-4 0.0), #(0.027949909276486627 -2.608480506389582e-4 0.0), #(-0.1034102854375008 2.020943747017978e-6 0.0), #(-0.04771559277602042 -4.438215561066904e-6 0.0), #(-0.07464593342433376 3.1335857860609024e-5 0.0), #(-0.1133745910763416 8.866001922498312e-5 0.0), #(-0.13399550215700384 -9.318163782766723e-5 0.0), #(-0.08834599737257551 1.2241076850359132e-6 0.0), #(-0.14151254635082086 6.026289374353242e-6 0.0), #(-0.07217292126123812 6.764145090260953e-6 0.0), #(-0.1547943715432347 9.785102616843829e-6 0.0), #(-0.005697570908893415 -2.0376727728255944e-5 0.0), #(-0.14846223260473035 3.519339044668443e-6 0.0), #(-0.10256575342733075 1.2790343660007203e-5 0.0), #(-0.09161693365912336 1.0077556944287723e-5 0.0)
tevelocity:, 21, #(0.2913917622507458 4.834699625485549e-8 0.0), #(0.30068283995503203 1.582862132641607e-6 0.0), #(0.31145823720006094 1.98683454776481e-5 0.0), #(0.31550616801963904 -1.9908439533182056e-4 0.0), #(0.3190657855915793 1.7927687915089203e-4 0.0), #(0.2934126537167059 1.0541233001459518e-5 0.0), #(0.2917526136558909 -1.1292900560527681e-5 0.0), #(0.26118776703442514 1.0158807764975543e-4 0.0), #(0.2593033837303205 -1.0270923210758492e-4 0.0), #(0.22038052667488317 3.781373203061867e-5 0.0), #(0.22022257287553423 -3.793481555936517e-5 0.0), #(0.16944793082970733 4.919711835091033e-5 0.0), #(0.16935754990673874 -4.840289004871459e-5 0.0), #(0.09980060141098394 1.6772481052388592e-5 0.0), #(0.0985114309776346 -1.6474576989093394e-5 0.0), #(-0.11086585324409584 2.5431560074556453e-5 0.0), #(0.013984310700453586 -2.44451269217211e-5 0.0), #(-0.07389621122497728 4.493750029458684e-8 0.0), #(-0.06016225206967887 -4.980478075107556e-6 0.0), #(-0.08346894581621007 3.473469540293692e-5 0.0), #(-0.12477463983192645 8.25321591927717e-5 0.0), #(-0.1453269784821046 -9.110114817684024e-5 0.0), #(-0.08762344980270514 6.035310285208994e-7 0.0), #(-0.13323570927757453 5.409788249374695e-6 0.0), #(-0.06057297440729367 8.919633752038025e-6 0.0), #(-0.15536236151272154 1.1507744694517064e-5 0.0), #(-0.00385184920267938 -2.1279688578514127e-5 0.0), #(-0.14411447588104126 3.6425697957913955e-6 0.0), #(-0.09331156321176534 1.2379568328761847e-5 0.0), #(-0.09109992753191153 7.192808603238027e-6 0.0)
tevelocity:, 22, #(0.2905318614339632 -5.238044205063245e-7 0.0), #(0.2997031460636609 2.1946561956201085e-6 0.0), #(0.30822871976959265 2.000766567967064e-5 0.0), #(0.3156602567012056 -1.9305475352069887e-4 0.0), #(0.31780673885387195 1.729667600910228e-4 0.0), #(0.2924392689062122 1.0384116114414261e-5 0.0), #(0.29016866140207925 -1.328077955804469e-5 0.0), #(0.2592682991841014 9.640453667851811e-5 0.0), #(0.2570882422976075 -8.385760119213299e-5 0.0), #(0.21682511329602427 1.3847495874412475e-5 0.0), #(0.21686072317071325 -1.7329990521705796e-6 0.0), #(0.16309982228800607 4.104763969928103e-5 0.0), #(0.16335997213685663 -5.455858617695615e-5 0.0), #(0.08830404966130148 1.896581141634681e-5 0.0), #(0.08412214288775388 -7.725989707920774e-6 0.0), #(-0.15207307983704568 1.3003317184317022e-5 0.0), #(-5.666911316861377e-4 1.3269132807358152e-6 0.0), #(-0.05053543649683065 1.4907483116544974e-5 0.0), #(-0.072010358278562 -1.436254777398517e-5 0.0), #(-0.09375941588218814 3.8474172091358116e-5 0.0), #(-0.13543423404593502 6.952872178134619e-5 0.0), #(-0.15630481755205491 -5.904747818208353e-5 0.0), #(-0.08682382446678498 -2.906147786432658e-5 0.0), #(-0.12455844855439271 -9.13408399809283e-6 0.0), #(-0.049744839754637594 7.492842702527223e-6 0.0), #(-0.15308594297117217 1.0247439902746142e-5 0.0), #(-0.004611262334780219 7.608842959244348e-6 0.0), #(-0.1392195450187743 -5.1594753387693545e-6 0.0), #(-0.08282796495756052 1.7218169671378035e-4 0.0), #(-0.0865865302840348 1.0918210803817698e-4 0.0)
tevelocity:, 23, #(0.28957228334252966 -6.389281200488969e-7 0.0), #(0.2986826054197034 1.7204465961089618e-6 0.0), #(0.30493741520137757 1.6744832282730724e-5 0.0), #(0.3156662322530484 -1.8551466138074456e-4 0.0), #(0.31645471374863887 1.6741806100949744e-4 0.0), #(0.2913483146968491 9.370749727950068e-6 0.0), #(0.2884347465312456 -9.875288452341456e-6 0.0), #(0.2572039712989913 1.034605061911169e-4 0.0), #(0.2546468164572014 -1.0087482589144837e-4 0.0), #(0.21284349141607037 -1.7332131581688355e-6 0.0), #(0.21306505702328196 1.4790351969505215e-6 0.0), #(0.15597473785419472 3.5983648270356156e-5 0.0), #(0.1566997117460217 -3.960286175772612e-5 0.0), #(0.07556803162142575 1.1058832165450403e-5 0.0), #(0.06266365224019588 -9.563367700944675e-6 0.0), #(-0.17260253222657007 2.7153352555241823e-6 0.0), #(-0.01517421547424424 -6.290061474590327e-7 0.0), #(-0.04013556712200536 2.136600131870931e-6 0.0), #(-0.08264029288740217 -1.3663439867593802e-5 0.0), #(-0.10486532454900122 3.307943572713302e-5 0.0), #(-0.14605422786274747 7.588789793716614e-5 0.0), #(-0.16695974281211642 -8.16115001571729e-5 0.0), #(-0.08552866030639164 1.0766038404671424e-6 0.0), #(-0.11590612702454084 3.4066628161090993e-6 0.0), #(-0.0397915093924239 1.253322885720471e-5 0.0), #(-0.14912218401080296 1.349973048747436e-5 0.0), #(-0.007068264993644543 -2.049577697851144e-5 0.0), #(-0.1338776838613214 4.8599342579222765e-6 0.0), #(-0.07289772970915004 1.262604346976118e-5 0.0), #(-0.07937445215112932 3.463460149625542e-5 0.0)
tevelocity:, 24, #(0.28849891347072515 5.2836746031749975e-8 0.0), #(0.29756373183630175 2.2673037968580817e-6 0.0), #(0.3016169912754188 1.3966873601284149e-5 0.0), #(0.31551014843636604 -1.7627782906654742e-4 0.0), #(0.3150052163188781 1.61674926765168e-4 0.0), #(0.29010920286234426 9.208330026522287e-6 0.0), #(0.2865197370003103 -1.0018509233507751e-5 0.0), #(0.2548332001019742 9.945976411050947e-5 0.0), #(0.25194094052828325 -9.962539377346893e-5 0.0), #(0.20843541311591957 -1.5179282519748322e-6 0.0), #(0.20890323383392936 1.3470373689234626e-6 0.0), #(0.14798631538758455 3.5691029004284185e-5 0.0), #(0.14924086734480488 -3.524922327691993e-5 0.0), #(0.06112560663339979 6.628329634919156e-6 0.0), #(0.022132242991883887 -5.035753261635148e-6 0.0), #(-0.163003329600079 -5.615309320026032e-7 0.0), #(-0.029397093298473825 1.2584305371868205e-7 0.0), #(-0.04005795064000657 6.629590701537556e-7 0.0), #(-0.09242299502477756 -8.787224716339196e-6 0.0), #(-0.11659645012339152 3.623467888706029e-5 0.0), #(-0.15595506850434163 7.154520053717883e-5 0.0), #(-0.17712418939710572 -7.646522533438853e-5 0.0), #(-0.08377252401612763 -1.231535906928172e-6 0.0), #(-0.10734423494086091 2.6103769760601583e-6 0.0), #(-0.030761887106768384 1.435984346343959e-5 0.0), #(-0.14378619763804149 1.4534742400195893e-5 0.0), #(-0.010244996373056026 -1.8599209101924272e-5 0.0), #(-0.12799726878760564 4.196382223736541e-6 0.0), #(-0.06246274124808182 7.699366733655508e-6 0.0), #(-0.07487571578763784 1.1569285344118196e-5 0.0)
tevelocity:, 25, #(0.2873290906335481 -2.6696231176014195e-7 0.0), #(0.29642103243101625 2.2481776983962675e-6 0.0), #(0.2982821095926696 1.2210694066121254e-5 0.0), #(0.3151676040323352 -1.716946626420075e-4 0.0), #(0.3134310058015678 1.5759181921000845e-4 0.0), #(0.2887141495721409 8.540201478356417e-6 0.0), #(0.28440509064703684 -9.170926744216998e-6 0.0), #(0.2521664034260083 9.974293130654762e-5 0.0), #(0.24893717243360344 -1.0094154616943944e-4 0.0), #(0.20351848202501363 1.2925697934504196e-6 0.0), #(0.2042349050900472 -1.0123224746055687e-6 0.0), #(0.13884640020306124 2.876352309246421e-5 0.0), #(0.14072810563799693 -2.843646455153706e-5 0.0), #(-0.06510371883937628 -1.7104590159278333e-5 0.0), #(0.04473558993582047 2.0571524335138394e-5 0.0), #(-0.10012224597527068 -1.1439910989511696e-6 0.0), #(-0.04242731113504445 5.564731997976731e-7 0.0), #(-0.0459683150997288 3.3949816815699283e-6 0.0), #(-0.10119020141544738 -8.117806723514774e-6 0.0), #(-0.12818604194149394 3.4570104230725196e-5 0.0), #(-0.16542409417603549 6.736101395620176e-5 0.0), #(-0.1867867851960471 -7.516290958647607e-5 0.0), #(-0.08152920139772342 -1.7386999192978752e-6 0.0), #(-0.09888947060169874 1.6132816091543495e-6 0.0), #(-0.022690261734568343 1.6218062220292757e-5 0.0), #(-0.1375384101423467 1.5101214485701701e-5 0.0), #(-0.12167095393518224 4.756998995310824e-6 0.0), #(-0.013827622847052086 -1.7363683348491236e-5 0.0), #(-0.05327576741554638 6.7270521542661016e-6 0.0), #(-0.07513243073690583 1.2340297048385212e-5 0.0)
tevelocity:, 26, #(0.28597360673970207 -2.727337871188575e-7 0.0), #(0.2951870489815845 2.4078085191361298e-6 0.0), #(0.29489273777978353 9.908589846185208e-6 0.0), #(0.3146047569812691 -1.658816556509483e-4 0.0), #(0.31174065664037004 1.5411015912002507e-4 0.0), #(0.2871614407862875 7.993824270583959e-6 0.0), #(0.2820843158212732 -8.679596431888972e-6 0.0), #(0.24920841464131943 1.0245348103297334e-4 0.0), #(0.2456185377328333 -1.0371121841646787e-4 0.0), #(0.19802606719432658 4.295807429126803e-6 0.0), #(0.198977602841563 -3.951212147891245e-6 0.0), #(0.1282461425357798 2.1588992360310954e-5 0.0), #(0.13064873878305416 -2.0976045030168807e-5 0.0), #(-0.16419211530479183 -2.377847002588685e-6 0.0), #(0.026293033009595936 5.41009202139707e-6 0.0), #(-0.02118975395461477 -8.409257304809188e-7 0.0), #(-0.053271549421672705 -1.3480784059474238e-7 0.0), #(-0.05510325188282748 4.592586223138399e-6 0.0), #(-0.10903903742206149 -8.592248724040411e-6 0.0), #(-0.13934839629507476 3.443149524281003e-5 0.0), #(-0.1745122102735135 6.29346046554368e-5 0.0), #(-0.1958717787648098 -8.77587097334763e-5 0.0), #(-0.07865531643703087 -6.868834126834121e-7 0.0), #(-0.09066228974354079 3.0282650977940505e-7 0.0), #(-0.01569164011550686 1.8775475950567724e-5 0.0), #(-0.130665483607739 1.570146094339203e-5 0.0), #(-0.11499658840572699 4.950873969329731e-6 0.0), #(-0.017346238835363313 -1.5443174714037997e-5 0.0), #(-0.045704605412894346 7.169470792070428e-6 0.0), #(-0.08296230524354324 8.786365302140004e-6 0.0)
tevelocity:, 27, #(0.28440862546568946 -5.913284234503132e-7 0.0), #(0.293860404787135 2.5107032317055233e-6 0.0), #(0.2914191161275243 7.330460987599342e-6 0.0), #(0.3138246493464793 -1.597533474742551e-4 0.0), #(0.3099206213205153 1.5222935759600802e-4 0.0), #(0.285427080875113 7.452765834305855e-6 0.0), #(0.2795270236464964 -7.94126586651629e-6 0.0), #(0.2458887801910213 1.0799678103666137e-4 0.0), #(0.2419385853320278 -1.08658861769104e-4 0.0), #(0.19184688304621517 7.340719821765635e-6 0.0), #(0.193075360800152 -6.989602095017449e-6 0.0), #(0.11566320222500619 1.3508983856307496e-5 0.0), #(0.1171984737116502 -1.2357956157001427e-5 0.0), #(-0.207692062246739 -1.535874795303677e-6 0.0), #(0.006014068686305902 2.5920799778753334e-6 0.0), #(0.006637922879201088 1.0494243322154092e-6 0.0), #(-0.06097326268196836 -9.716310102650065e-7 0.0), #(-0.06574251448158175 5.617942167624973e-6 0.0), #(-0.11624858205796974 -8.95425708497979e-6 0.0), #(-0.1499043582713512 3.345561277086094e-5 0.0), #(-0.18322157093237462 6.0931929658216894e-5 0.0), #(-0.2044891500000991 -8.686115524153753e-5 0.0), #(-0.07524005307684438 -1.3629713294818326e-6 0.0), #(-0.08278570783488653 -7.233853480785399e-7 0.0), #(-0.009741162486091344 2.053334499295891e-5 0.0), #(-0.12322066947356869 1.6001970971947842e-5 0.0), #(-0.10800258589516216 5.391544432498547e-6 0.0), #(-0.020554464811705003 -1.3343108960144204e-5 0.0), #(-0.04020397299358638 9.438308099970334e-6 0.0), #(-0.09016971305600917 -3.137454473193357e-6 0.0)
tevelocity:, 28, #(0.28258753866155906 -6.554878165497749e-7 0.0), #(0.2924403505850016 2.641204479688523e-6 0.0), #(0.28777410762437255 5.370750680326612e-6 0.0), #(0.3128310725531844 -1.5546571337787812e-4 0.0), #(0.3079440865425205 1.5026298707613894e-4 0.0), #(0.2834808282692051 6.724955818789948e-6 0.0), #(0.27669070556493547 -7.283934805775658e-6 0.0), #(0.24213138069769594 1.1902926503161501e-4 0.0), #(0.23785262783218225 -1.1952661306585593e-4 0.0), #(0.1848259278451598 1.0010180733322699e-5 0.0), #(0.18634570205866724 -9.837802067849468e-6 0.0), #(0.10002034739069504 4.420394796805248e-6 0.0), #(0.08579217935743254 -9.720424549629596e-7 0.0), #(-0.20578699845706439 -3.163915486750117e-6 0.0), #(-0.014960814991751777 -1.8988979899033276e-7 0.0), #(0.0074488323676466265 1.9143812801649814e-6 0.0), #(-0.06500423995189658 -1.8888189977494493e-6 0.0), #(-0.07673586427093555 4.756421864638901e-6 0.0), #(-0.12312959233993867 -9.315273265577228e-6 0.0), #(-0.15968363837864638 3.4633950826674935e-5 0.0), #(-0.19142683815655898 6.529291711696219e-5 0.0), #(-0.21261281237466276 -7.941674712545188e-5 0.0), #(-0.07139911259473372 -2.132827113466037e-6 0.0), #(-0.07517885966421796 -1.5010664879547575e-6 0.0), #(-0.004799360316802615 2.1838348268590036e-5 0.0), #(-0.11527012299718181 1.6383394394281016e-5 0.0), #(-0.10076643882408173 5.757825918638826e-6 0.0), #(-0.023288397996446834 -1.0902477626019954e-5 0.0), #(-0.03696123151709498 1.5394587513976944e-5 0.0), #(-0.08981577663450688 -1.8916470795788513e-5 0.0)
tevelocity:, 29, #(0.28039960097301936 -7.4755571425699e-7 0.0), #(0.2909074836427223 2.1369053649572173e-6 0.0), #(0.28391479497355465 5.48901269093505e-6 0.0), #(0.31164148365509803 -1.528455182522666e-4 0.0), #(0.3057962706983879 1.4619910310029394e-4 0.0), #(0.2813321627367046 2.8340311343136427e-6 0.0), #(0.2735290735910517 -8.900355215776679e-6 0.0), #(0.2378352776591387 1.3904011798611043e-4 0.0), #(0.23330069927176422 -1.530915317044879e-4 0.0), #(0.17664056234284858 -2.8395291210422843e-4 0.0), #(0.17864700302199046 2.7334330650492084e-4 0.0), #(-0.14354693225957715 -1.0589005989133055e-5 0.0), #(0.07969253402771707 2.7665760252551298e-6 0.0), #(0.0029155529879801453 -1.2124513060836498e-5 0.0), #(-0.03356708951248891 -1.2265826073855801e-6 0.0), #(-7.625474066080686e-4 3.217319248550215e-6 0.0), #(-0.06567014614385339 -2.154716029165273e-6 0.0), #(-0.08723435654520549 4.5275472442657054e-5 0.0), #(-0.13005146550275795 5.117706727737768e-6 0.0), #(-0.16862989380622515 -6.899095161141723e-5 0.0), #(-0.1994006702444584 1.3818715018773671e-4 0.0), #(-0.22020987221660593 -7.302333674347949e-5 0.0), #(-0.06699453373118908 1.7548680793576212e-5 0.0), #(-0.0679146288838061 -4.0985415921541065e-6 0.0), #(-8.799262700231254e-4 1.092577701364559e-5 0.0), #(-0.1071080545386958 3.5868513148612514e-6 0.0), #(-0.0932522290543634 2.4974769093617953e-5 0.0), #(-0.02536138700771206 3.517403175420372e-5 0.0), #(-0.03469555774982483 1.8280905137032464e-4 0.0), #(-0.0836359187511208 -2.0958576142897942e-4 0.0)
tevelocity:, 30, #(0.2777745943084419 1.9808213743481667e-7 0.0), #(0.2892342345926997 3.1456937710435245e-6 0.0), #(0.2796236782903669 2.566242237368583e-6 0.0), #(0.31024474133372354 -1.5080809959143858e-4 0.0), #(0.303435818013873 1.467301653258857e-4 0.0), #(0.27884019161692875 3.80381850477226e-6 0.0), #(0.26997689349126724 -6.162942658751332e-6 0.0), #(0.23276499182293114 2.2879492375793846e-4 0.0), #(0.22812319427909156 -2.2981749137544405e-4 0.0), #(0.16662336144191853 -2.360930439120279e-4 0.0), #(0.169509659288834 2.354559403904408e-4 0.0), #(-0.23111773855673973 -4.860207186725223e-7 0.0), #(0.051891669410849786 1.5351164310792763e-6 0.0), #(0.07361575189991754 8.416977388869785e-7 0.0), #(-0.044263468891176404 -1.5295983063264852e-6 0.0), #(-0.012045637408843618 3.721713855423601e-6 0.0), #(-0.06463419553092839 -3.976363894768593e-6 0.0), #(-0.0968265435009739 1.836751530872963e-5 0.0), #(-0.13677141516854818 -1.0139821772399487e-5 0.0), #(-0.17683491031706552 -4.399698595180658e-5 0.0), #(-0.20718421093531195 1.2095789460758686e-4 0.0), #(-0.2273694845204227 -7.537942941272026e-5 0.0), #(-0.06206133168404166 -2.4626204581334833e-6 0.0), #(-0.06113443813705551 -3.08835516517194e-6 0.0), #(0.0021177696602455057 2.34932371938185e-5 0.0), #(-0.09869341349681977 1.5839283534378442e-5 0.0), #(-0.08560081387249338 6.847977343391695e-6 0.0), #(-0.026675351780449576 -6.739111810208607e-6 0.0), #(-0.03271157333157372 1.0343407253681527e-4 0.0), #(-0.07555565810043091 -7.31695445842435e-5 0.0)
tevelocity:, 31, #(0.27455792094688836 -9.560197170468383e-7 0.0), #(0.2874327325331243 2.8882653761083856e-6 0.0), #(0.2746769443773544 1.0084336492397045e-6 0.0), #(0.3086239843709725 -1.4999750950725474e-4 0.0), #(0.3008150012380884 1.4700390603650148e-4 0.0), #(0.27591707767185325 2.4919283124989973e-6 0.0), #(0.26593859770338846 -2.7557315480103777e-6 0.0), #(0.22223112774450157 9.463424251661591e-4 0.0), #(0.22627416633870637 -9.471991650532121e-4 0.0), #(0.15345017176329875 -2.0042224905879219e-4 0.0), #(0.15597840982273098 2.0092983785603076e-4 0.0), #(-0.2350697358400115 -5.60867937650605e-7 0.0), #(0.01383168059193474 -2.2548963496148866e-6 0.0), #(0.0658036426302143 4.9517816370555806e-6 0.0), #(-0.04099842724341255 -2.9631024937937e-6 0.0), #(-0.023453824231463246 3.6601041206265914e-6 0.0), #(-0.06407932786897591 -3.36610602999781e-6 0.0), #(-0.10501181908635242 5.50926454773204e-6 0.0), #(-0.14374040808885108 -7.699731584544913e-6 0.0), #(-0.18420814785000955 -1.4671181650422855e-5 0.0), #(-0.214308723955944 1.0887601415987014e-4 0.0), #(-0.23408491466300976 -8.293580312625771e-5 0.0), #(-0.0572887789947607 -3.5334404654314316e-6 0.0), #(-0.054482570210218816 -4.11323671874445e-6 0.0), #(-0.0899108376998161 1.647048898486581e-5 0.0), #(0.0043374372378585995 2.5119313064897954e-5 0.0), #(-0.0776024959065733 8.337000647577364e-6 0.0), #(-0.027069859147638146 -3.4107027055908124e-6 0.0), #(-0.06598230332307595 1.1673167713751071e-5 0.0), #(-0.027971329534063536 -2.9199107785070545e-5 0.0)
tevelocity:, 32, #(0.27043509746591005 -3.489885896173712e-7 0.0), #(0.2854354913918523 3.03900133141934e-6 0.0), #(0.2686137134596618 1.729091916557983e-7 0.0), #(0.30679209446233396 -1.504050157818386e-4 0.0), #(0.297843187491354 1.4718750656127883e-4 0.0), #(0.272204305944153 -1.6969416465046632e-6 0.0), #(0.2613267871659145 -3.466954108458077e-7 0.0), #(0.21529418522671454 -2.642906916404985e-5 0.0), #(0.2160412548299811 2.5311285787103098e-5 0.0), #(0.13290543578677094 -1.6197872917319384e-4 0.0), #(-0.2306683353762301 9.185526705652548e-6 0.0), #(0.14344254093807854 1.531878148715105e-4 0.0), #(-0.028332142738227734 -3.6600981449821465e-6 0.0), #(0.05019787373936595 7.44129435387769e-6 0.0), #(-0.023332129999394772 -3.818023505735556e-6 0.0), #(-0.03320953139862089 4.053977417415387e-6 0.0), #(-0.0651141231055314 -3.1060206974556787e-6 0.0), #(-0.11149718603637089 5.02922085967458e-6 0.0), #(-0.15069378041174628 -9.044606441306178e-6 0.0), #(-0.19089031437949006 7.87800354335072e-7 0.0), #(-0.22103274448413718 9.28705287779148e-5 0.0), #(-0.24033903621820654 -8.277567895923896e-5 0.0), #(-0.05202054617060115 -3.91476021698059e-6 0.0), #(-0.04814382398990916 -4.885501403691042e-6 0.0), #(-0.08116080143970977 1.5783869319647444e-5 0.0), #(0.005728527820717047 2.6397975468643487e-5 0.0), #(-0.06964020643797465 9.440181652702047e-6 0.0), #(-0.02686303996561373 -1.0595041127195e-6 0.0), #(-0.05644365772315153 -1.3236531513387565e-5 0.0), #(-0.020579992763668113 -1.86610752091407e-7 0.0)
tevelocity:, 33, #(0.2651682107608809 2.8607436894788607e-7 0.0), #(0.28324293557007324 3.4035625308291044e-6 0.0), #(0.26017778289178306 -1.4415856578695228e-6 0.0), #(0.3046675010055744 -1.4852994036962462e-4 0.0), #(0.29440449846816846 1.501595845499655e-4 0.0), #(0.26672817891461564 -7.862972865013631e-6 0.0), #(0.2558886728529169 6.9384909632777735e-6 0.0), #(0.16949936508643804 -2.2817959248847103e-4 0.0), #(0.20645649198353902 2.2811948420352072e-4 0.0), #(-0.18683087296660217 -1.8793205671747985e-5 0.0), #(0.09194590061318626 6.89352534107476e-5 0.0), #(0.12882266682305388 -1.0269884554477097e-5 0.0), #(-0.048021475256409575 -4.2833812006467255e-5 0.0), #(0.03272760520215429 6.690454793867628e-6 0.0), #(-0.0031666883730033808 -4.5377803473662324e-6 0.0), #(-0.0394412288336817 2.5148525878868735e-6 0.0), #(-0.06816233871939283 -2.190146598173229e-6 0.0), #(-0.11645704872073244 3.9457430360988e-6 0.0), #(-0.15730201957198753 -6.616645995462182e-6 0.0), #(-0.1969026210745349 6.512704982587093e-6 0.0), #(-0.22757590763506935 8.853428476405251e-5 0.0), #(-0.24625191250391346 -8.353170043391678e-5 0.0), #(-0.0465406664597711 6.322710990274538e-7 0.0), #(-0.042281648280849 -5.611609797381618e-6 0.0), #(-0.07231802318998201 1.5589240201148145e-5 0.0), #(0.006447854581159791 2.895746750246893e-5 0.0), #(-0.06167283955656988 6.698208455103983e-6 0.0), #(-0.025907965573852942 8.484351322733707e-7 0.0), #(-0.048057768301030285 -1.811809828322853e-5 0.0), #(-0.011202570536297042 5.023850116768946e-6 0.0)
tevelocity:, 34, #(0.2581265676121422 -4.37109804750456e-7 0.0), #(0.280786920933934 3.125971339871425e-6 0.0), #(0.2470340168406581 -1.1824522403977759e-6 0.0), #(0.3019899008545669 -1.534064665368961e-4 0.0), #(0.29012713594113543 1.5163432703361196e-4 0.0), #(0.25031041041800167 -2.1728447991924725e-5 0.0), #(0.2489811936838 1.9822540849916567e-5 0.0), #(-0.17043022306258113 -7.412208602599414e-6 0.0), #(0.19284706877208088 3.181557995799867e-5 0.0), #(0.16722731768926022 -2.439230599941208e-5 0.0), #(0.005030347501558035 -4.12764080403273e-6 0.0), #(0.10585309882832178 7.132830444619566e-6 0.0), #(-0.00631559223793339 -5.861656138057676e-6 0.0), #(0.01775484688988767 4.062858398047414e-6 0.0), #(0.008383165403611363 -3.3721118766931438e-6 0.0), #(-0.041373605094546954 1.350454574272008e-6 0.0), #(-0.07337500067352395 -1.5435482421832958e-6 0.0), #(-0.12078504469009242 1.7817405281559204e-6 0.0), #(-0.1636006173245744 -6.5886887841966015e-6 0.0), #(-0.20223897987228898 1.4417302297539966e-5 0.0), #(-0.2329181852243749 1.0081035666540074e-4 0.0), #(-0.2509461196914506 -1.0665890808418507e-4 0.0), #(-0.04090198154731888 -4.593984904903608e-6 0.0), #(-0.03640491556886017 -5.958721337539459e-6 0.0), #(-0.06327922596102097 1.5143667309124735e-5 0.0), #(0.0066942347484939685 2.709551566822615e-5 0.0), #(-0.053667629670921244 1.1604805842485678e-5 0.0), #(-0.02435599066075114 3.5149819730430025e-6 0.0), #(-0.04215662535895234 -1.9756245124879374e-5 0.0), #(-6.317680279641905e-4 4.180947642201887e-6 0.0)
tevelocity:, 35, #(0.248474893436494 -9.179481349293774e-7 0.0), #(0.27802367731261046 3.4973213194634984e-6 0.0), #(0.22088527486702644 -7.19644963564197e-7 0.0), #(0.2960117399543162 -1.4865019717218261e-4 0.0), #(0.28439289882669416 1.4712647215674488e-4 0.0), #(-0.015958038761451996 -1.2205400303839602e-5 0.0), #(0.2398064518010388 3.283465792874838e-5 0.0), #(0.09098108273073408 -2.005138638837639e-5 0.0), #(0.15654561846219564 1.2367126740476223e-6 0.0), #(0.18082994557248908 4.0222461528712826e-6 0.0), #(-0.07193244259027472 -2.1126734694075405e-6 0.0), #(0.07498299838715869 5.86192909896687e-6 0.0), #(0.060723214742337744 -7.405960381124013e-6 0.0), #(0.012669054165152849 1.3342132849212722e-6 0.0), #(0.010134203323204275 -2.6778009279389624e-6 0.0), #(-0.03969085790105189 1.8098516087443762e-6 0.0), #(-0.07988602447964685 -1.9879272209450373e-7 0.0), #(-0.12450482718083652 -1.2365967906109973e-7 0.0), #(-0.17068980164006783 1.7804142132761653e-5 0.0), #(-0.2296197743417055 1.544651604750471e-5 0.0), #(-0.2327308602290262 -9.013567532306924e-5 0.0), #(-0.23454667729435164 6.478093624560355e-5 0.0), #(-0.035160118818287234 -4.885050785960594e-6 0.0), #(-0.030971259024363675 -6.370459158545541e-6 0.0), #(-0.05428396565202064 1.4333499174986998e-5 0.0), #(0.006460585810505821 2.7146683645524364e-5 0.0), #(-0.0456114214457197 1.3378582625582572e-5 0.0), #(-0.022099235835210385 5.621366130702031e-6 0.0), #(-0.03903912943611535 -1.8892898023725377e-5 0.0), #(0.01027212129968707 -3.2333568388342883e-7 0.0)
tevelocity:, 36, #(0.23475593056736682 -3.4632486376912135e-6 0.0), #(0.2749106338123445 1.838115132420094e-6 0.0), #(0.15193040770524818 3.951425347372503e-6 0.0), #(-0.060668420153117325 -7.268431463610683e-6 0.0), #(0.24866285237303157 -2.7774267958927633e-4 0.0), #(0.27504836212254974 2.7465021052109083e-4 0.0), #(0.2216554837673733 -5.5993387100197183e-5 0.0), #(0.24311551069320572 4.36047908884103e-5 0.0), #(-0.014805101379146668 3.610306313461673e-5 0.0), #(0.15129890167021504 5.842825375615413e-5 0.0), #(0.04392558093861011 -3.245108417976724e-5 0.0), #(0.04499489401375708 7.917156847786893e-7 0.0), #(0.08515483252030015 1.670473157017255e-5 0.0), #(0.022970716910490876 -1.382451995659595e-5 0.0), #(0.005217422484448897 4.307929499289339e-6 0.0), #(-0.03880778324923461 2.6011216510051524e-5 0.0), #(-0.08891097572876983 6.6834088606533044e-6 0.0), #(-0.14781272524785852 4.125078324879385e-5 0.0), #(-0.24464028075270636 7.044129934560495e-6 0.0), #(-0.2139457572143057 4.940410322782155e-5 0.0), #(-0.19387848167902333 -1.1297844887114754e-4 0.0), #(-0.20353669036272656 -1.3509331893183467e-5 0.0), #(-0.029355543186654065 -1.1241650308897779e-5 0.0), #(-0.025543941250275665 -3.8154201837318175e-5 0.0), #(-0.04529131644031826 1.2804465822183813e-5 0.0), #(0.00586188244525805 3.0370257370498854e-5 0.0), #(-0.03780422224226738 4.4477199658894355e-6 0.0), #(-0.019133355535220675 1.605163963613036e-5 0.0), #(-0.036777037515854955 5.175359130348895e-4 0.0), #(0.014463458999984946 1.0534297925247981e-4 0.0)
tevelocity:, 37, #(0.21469207372738536 -2.3730151229629635e-7 0.0), #(0.27130832722429576 2.9737774270836985e-6 0.0), #(-0.004596428846489952 2.7212864532269583e-7 0.0), #(0.048884644809923904 -3.0845131138378065e-6 0.0), #(0.2927972460757283 -3.5008713009674415e-4 0.0), #(0.2459730603222681 3.476742959788209e-4 0.0), #(0.07402232346443036 -1.6682049913563077e-5 0.0), #(0.23546253286782468 1.9905592547408343e-5 0.0), #(-0.00413441045031742 -2.591647878672017e-7 0.0), #(0.08251877728507531 1.4344869834535499e-5 0.0), #(0.14918895001047885 -1.1370263958274003e-5 0.0), #(0.05539137635241598 -5.284347800172205e-6 0.0), #(0.08395340788580985 -3.8089989717231515e-6 0.0), #(0.03819202017419962 -5.012281840427554e-7 0.0), #(-0.005595694973489923 -2.984248000532747e-6 0.0), #(-0.04794960883688134 -3.2661033869577433e-6 0.0), #(-0.2606191273051624 -7.977326673903083e-5 0.0), #(-0.14006837568192732 4.592559024469629e-5 0.0), #(-0.19876850665794327 3.873410396790371e-5 0.0), #(-0.17576168646543988 2.737681245809669e-5 0.0), #(-0.1565922858137023 -4.062253482739816e-6 0.0), #(-0.1602684234764609 -3.1011931042871336e-6 0.0), #(-0.023570697302725603 -3.843960304992248e-6 0.0), #(-0.020288115568484495 -6.8872116223066606e-6 0.0), #(-0.03623480263764362 1.3615255128775617e-5 0.0), #(0.005011532207562734 2.5904587809348696e-5 0.0), #(-0.030085232552256234 1.632433862470277e-5 0.0), #(-0.01579957175546061 8.540110557413735e-6 0.0), #(-0.034020132742192635 -6.133100081099073e-5 0.0), #(-0.01550692470065177 -2.057452930697263e-5 0.0)
tevelocity:, 38, #(0.18469659380990402 -3.654390480336929e-7 0.0), #(0.26708091316373145 3.0159320184610456e-6 0.0), #(-0.10732837754104056 4.4846802582783693e-7 0.0), #(0.1653803665406344 -3.2728634310801154e-6 0.0), #(-0.15152584435036712 -5.30279142521811e-7 0.0), #(0.2893232053457348 -3.2033102454214255e-4 0.0), #(0.19821736543603954 3.2587114098354606e-4 0.0), #(0.15545388142434846 -2.255294798153952e-4 0.0), #(0.20001555480623565 2.2061269660886694e-4 0.0), #(0.04617617710180292 -4.164296590903331e-7 0.0), #(0.15704288513285417 3.0628161367221128e-6 0.0), #(0.10759268384387953 -3.191432231001818e-6 0.0), #(0.07038659807133589 1.159249252836626e-6 0.0), #(0.039337241871219925 -1.916386884848588e-6 0.0), #(-0.03856275768233586 5.093139537173256e-6 0.0), #(-0.26104687330282184 -7.067615919911579e-5 0.0), #(-0.21467418268915553 1.3276905584038988e-4 0.0), #(-0.11012333502028634 -6.328134482240779e-5 0.0), #(-0.1499491510193981 5.652380714068734e-6 0.0), #(-0.12485397515631784 3.1527234743292233e-7 0.0), #(-0.12392563295585123 -4.826081313296824e-6 0.0), #(-0.11968737980561087 -2.7911077624631345e-7 0.0), #(-0.0177301483261541 -4.947673588786759e-6 0.0), #(-0.015083347771312398 -7.094419304564711e-6 0.0), #(-0.02723718325628665 1.3280532515581171e-5 0.0), #(0.00394370527776946 2.6399835986791815e-5 0.0), #(-0.022505061730708265 1.6917208581549958e-5 0.0), #(-0.012153544391201976 9.795493394016244e-6 0.0), #(-0.02819646112317025 -2.0066130742575556e-5 0.0), #(-0.033795534474226806 -1.6208264614037443e-5 0.0)
tevelocity:, 39, #(0.14003018887978091 -4.3677720412882693e-7 0.0), #(-0.1089562333607421 4.1412352422705086e-7 0.0), #(0.26185452856694946 3.039724338266587e-6 0.0), #(0.19361407959796753 -2.7041057895553985e-6 0.0), #(-0.2213154919772857 2.5178296394989646e-6 0.0), #(0.18378837041420834 -1.2783339132072433e-4 0.0), #(0.12688194753466994 1.0067960836547887e-4 0.0), #(0.08796760962976385 -1.1793092502865747e-6 0.0), #(0.2180659133927552 1.534110856398123e-5 0.0), #(0.19279997273666352 7.811201897866703e-6 0.0), #(0.1455252615444437 1.0709279967434615e-6 0.0), #(0.12317908659107672 -3.895384396579874e-6 0.0), #(0.03316166580708124 3.900028786336941e-6 0.0), #(-0.20660566598188265 -7.92517200057599e-5 0.0), #(-0.07248473122046886 2.863524603777848e-5 0.0), #(-0.2026463514788818 4.600771558342594e-5 0.0), #(-0.15232940554940366 7.676207238241483e-6 0.0), #(-0.07750559801486437 1.0107677208803395e-6 0.0), #(-0.10537432397379998 4.19123267465106e-7 0.0), #(-0.07971382672841841 1.41355547713052e-6 0.0), #(-0.08303161287650299 -1.4533205004098304e-7 0.0), #(-0.07720596710460678 -2.1696435518114487e-6 0.0), #(-0.011856227309630504 -4.968918635459858e-6 0.0), #(-0.009993138974698381 -7.086537423291803e-6 0.0), #(-0.01822020839067796 1.236529769460551e-5 0.0), #(0.002817100036131541 2.5803252668071185e-5 0.0), #(-0.01505021633010229 1.846600219843153e-5 0.0), #(-0.00815346755817437 1.0689274086204767e-5 0.0), #(-0.020359162877619772 -2.376020512108063e-5 0.0), #(-0.02519486554676985 -1.191440094581249e-5 0.0)
tevelocity:, 40, #(0.07719825745428716 -7.61883469781989e-7 0.0), #(-0.06520125365706364 4.08868473715453e-7 0.0), #(0.25402393143743357 3.0941647969995676e-6 0.0), #(-0.2363547071182878 2.8107573929727287e-6 0.0), #(0.18053878369860352 -2.25667918391223e-6 0.0), #(-0.1344009377077734 -5.389275468684997e-6 0.0), #(0.10066502252754952 -9.881129159013353e-6 0.0), #(0.2820315030482945 -3.334301866526606e-5 0.0), #(0.22826374157099397 2.6274146543111978e-5 0.0), #(0.20761829417080951 1.4327448791116866e-5 0.0), #(0.09331596762591289 3.2423703727049302e-6 0.0), #(-0.16985104433759615 -7.792127695866484e-5 0.0), #(-0.047713645113835024 3.041803579618044e-5 0.0), #(-0.15858536616951233 3.644385188758871e-5 0.0), #(-0.0474246804714242 2.741267050487497e-6 0.0), #(-0.12111884096837566 1.533398797756264e-5 0.0), #(-0.035386305840942496 1.329138320537789e-6 0.0), #(-0.07579293175980714 -2.3477206473277484e-6 0.0), #(-0.03635040710700981 -1.2739239072113618e-6 0.0), #(-0.05458675289150763 1.652929520078096e-6 0.0), #(-0.03829638334668056 4.791426237915306e-7 0.0), #(-0.04237839680934968 -1.8652673757589897e-6 0.0), #(-0.00591915876759192 -5.086218519535769e-6 0.0), #(-0.004981285919033511 -7.0106659224235735e-6 0.0), #(-0.009121149008471746 1.1619784071341788e-5 0.0), #(0.0016063561035535075 2.523970208421519e-5 0.0), #(-0.00782029669019404 1.9592072972258927e-5 0.0), #(-0.003961853531096507 1.1280331778341861e-5 0.0), #(-0.01056498662681929 -2.471492208325118e-5 0.0), #(-0.012930602528845495 -1.064332036409826e-5 0.0)
tevelocity:, 41, #(1.0470077642532881e-4 -1.7606953511012798e-6 0.0), #(-7.26861681175172e-5 -2.1704846328934443e-7 0.0), #(0.0047502746783901605 8.766431475148095e-6 0.0), #(-0.004622705061041638 -4.1673874093259317e-7 0.0), #(0.0014435315592149817 -6.441029537110088e-7 0.0), #(-0.0011508453777417523 -1.187315277343823e-5 0.0), #(2.1014441952171888e-4 2.3504207503770987e-6 0.0), #(-0.006799124070987743 -1.1890975009241359e-4 0.0), #(0.004312074494982576 -5.386189653087804e-5 0.0), #(-0.006400744280331038 1.0216863761540416e-4 0.0), #(0.006211374568153069 4.654787747462691e-5 0.0), #(0.0028369640486435796 1.902194123528527e-5 0.0), #(-4.012668665030871e-6 2.824413799447935e-6 0.0), #(-2.1423986089947017e-4 1.492022980088408e-5 0.0), #(-7.778650290036857e-5 4.5803922547179834e-7 0.0), #(2.2711719005657732e-4 -1.8797621750859407e-6 0.0), #(-9.411838763000415e-5 -3.6167597211245796e-7 0.0), #(5.3401095371164036e-5 3.4594050988104165e-6 0.0), #(-0.0010464551959248804 8.439029037255394e-7 0.0), #(9.464000762585089e-4 -1.4011751609131641e-6 0.0), #(-9.949893133853894e-4 -2.818577750626946e-7 0.0), #(9.794829542666122e-4 3.2129041682796614e-7 0.0), #(-5.653730519325766e-5 -4.546566112481738e-6 0.0), #(1.0512351791058348e-4 -6.961438195532454e-6 0.0), #(-2.3570427596119714e-4 1.1153723984256055e-5 0.0), #(3.2376776636133765e-4 2.4604092811182683e-5 0.0), #(-4.7668415572168024e-4 2.002603448756628e-5 0.0), #(4.304303858861728e-4 1.1394775011929137e-5 0.0), #(-3.397383017326532e-5 -2.4275563843726297e-5 0.0), #(9.046901701781053e-5 -1.2220168233111425e-5 0.0)
