tevelocity:, 1, #(0.3133509620998568 -1.6153725833846656e-6 0.0), #(0.3018179505234911 -8.761924492186411e-6 0.0), #(0.31459502528326294 3.869572203407972e-6 0.0), #(0.29905235180698214 5.297144132784032e-6 0.0), #(0.30200322232498594 -3.260874666960239e-6 0.0), #(0.280286102625153 -3.7236680425025365e-6 0.0), #(0.288457608029186 5.782581167721272e-6 0.0), #(0.2589522303925706 1.0271462776383991e-4 0.0), #(0.2614549537797345 -1.04935771933386e-4 0.0), #(0.23083955766953485 -3.0546840432478886e-4 0.0), #(0.23773526918424184 2.9949060224858506e-4 0.0), #(0.20681121190588478 -5.674666961610962e-6 0.0), #(0.21365296566317107 8.976385673475085e-6 0.0), #(0.18768244461710484 -8.140330057620923e-5 0.0), #(0.18558451194002107 8.056012262612952e-5 0.0), #(0.16618708659506842 -7.715209555392698e-6 0.0), #(0.15944930775131835 1.484927622826447e-5 0.0), #(0.13870095473612876 1.6987303177060987e-4 0.0), #(0.13720732050062173 -1.6060223797782669e-4 0.0), #(0.10823608450878307 1.852213395156234e-4 0.0), #(0.10409721903512205 -1.6479451673560752e-4 0.0), #(0.08884361513447743 1.731265633797362e-5 0.0), #(-0.26576185008750985 -3.5846574679750287e-6 0.0), #(0.04505861407787617 -3.5039921205265737e-5 0.0), #(0.05432362323671766 -1.873311815362925e-4 0.0), #(-0.09687419876250282 1.3915977585665795e-4 0.0), #(-0.2084316934329996 2.8254861543102397e-5 0.0), #(-0.22186416731779943 -2.7739852961728202e-5 0.0), #(-0.2142808276893484 -8.256897009724487e-4 0.0), #(-0.16278660643148943 -1.345438830018648e-4 0.0)
tevelocity:, 2, #(0.3115222568977975 -1.3976910828847107e-6 0.0), #(0.3025825563688728 -1.1211175547787403e-5 0.0), #(0.3144925123071353 4.8094826494722915e-6 0.0), #(0.2996550231248859 3.5605254090948027e-6 0.0), #(0.3020377322207774 -1.1355277586016124e-6 0.0), #(0.28108636996690023 -3.3115790270230952e-6 0.0), #(0.28877229759267703 3.758688493054744e-6 0.0), #(0.2598652044311977 9.383683341148849e-5 0.0), #(0.2623937031285754 -9.336795597634071e-5 0.0), #(0.23193425035436346 -2.8140360522033094e-4 0.0), #(0.23860810481191652 2.787634844504828e-4 0.0), #(0.20770553790739157 -3.5221234882215506e-6 0.0), #(0.2145901582982429 4.781612198028965e-6 0.0), #(0.18806805883905972 -8.033542153655507e-5 0.0), #(0.18628025230522297 8.098286928172312e-5 0.0), #(0.16590057908471423 -5.585419985078847e-6 0.0), #(0.15926336370183125 6.946751736507578e-6 0.0), #(0.13671991495667216 1.7918701914457438e-4 0.0), #(0.1354162824451334 -1.7147874536214549e-4 0.0), #(0.10285948967746285 1.3241195662159688e-4 0.0), #(0.09906876821902598 -1.282293510776067e-4 0.0), #(0.08140730384773454 6.685724188515014e-6 0.0), #(-0.26389241047574497 -3.1081175438175306e-7 0.0), #(0.03546990156552149 6.788385047469094e-6 0.0), #(0.03543710298655705 -1.654614145708387e-4 0.0), #(-0.1331974102731012 7.9175832448317e-5 0.0), #(-0.20515792966830892 4.09898964810244e-6 0.0), #(-0.21687633284561583 -3.492406025631618e-5 0.0), #(-0.20056767876523224 5.7769774561303167e-5 0.0), #(-0.19389159937350617 -6.005275315329791e-6 0.0)
tevelocity:, 3, #(0.30930645945766655 -4.0018661901640004e-7 0.0), #(0.30373970965530406 -1.2901819628057826e-5 0.0), #(0.3143755034526642 5.290266573426839e-6 0.0), #(0.3002121041230474 3.6503879519129633e-6 0.0), #(0.30204509087661335 -1.15317633043485e-6 0.0), #(0.281818450945437 -3.10204068356169e-6 0.0), #(0.28902175642384487 3.4146354765086584e-6 0.0), #(0.26068536877431653 8.790967051134413e-5 0.0), #(0.2632538687862324 -8.76104421373073e-5 0.0), #(0.23294619626845778 -2.5766982513456796e-4 0.0), #(0.2394073332995536 2.5574850181929535e-4 0.0), #(0.20849070411423254 -2.2410462491102517e-6 0.0), #(0.21540842875333185 2.808477415382511e-6 0.0), #(0.18825338932045435 -7.757271365662549e-5 0.0), #(0.18678967177368008 7.842416256522825e-5 0.0), #(0.1652962831675028 -2.993917487280008e-6 0.0), #(0.15876324030215708 4.983573947872353e-6 0.0), #(0.13422220867802423 1.7667243515958887e-4 0.0), #(0.13311887548300907 -1.6927581641623283e-4 0.0), #(0.09640198403296779 1.0064170002561274e-4 0.0), #(0.09324174399017102 -9.625443699870283e-5 0.0), #(0.07284599190869523 9.240391462226868e-6 0.0), #(-0.2613784630302019 -1.447997173606849e-7 0.0), #(0.024244677132971685 6.698680111553034e-6 0.0), #(0.007005889169883756 -1.4179114976460282e-4 0.0), #(-0.1589319498658592 6.98999628201939e-5 0.0), #(-0.19951551337759016 -8.48058620051953e-6 0.0), #(-0.21064169168035335 -3.223579824840468e-5 0.0), #(-0.17698608671298224 -1.601488595513841e-5 0.0), #(-0.21662350877719663 -1.9387592898792324e-5 0.0)
tevelocity:, 4, #(0.3067502440502967 5.774401099694519e-7 0.0), #(0.305250129259441 -1.4476337585991808e-5 0.0), #(0.3142449945018464 5.723746112209878e-6 0.0), #(0.30072377628800206 3.7367507676012695e-6 0.0), #(0.3020249050175076 -1.2176252965664644e-6 0.0), #(0.28248663851429817 -2.88012544074578e-6 0.0), #(0.28920520338983446 3.125800779704785e-6 0.0), #(0.261419425860284 8.232049250988044e-5 0.0), #(0.26403672303871545 -8.2233911027694e-5 0.0), #(0.23387103966927345 -2.3509168421321445e-4 0.0), #(0.24009079075719086 2.3357972703034425e-4 0.0), #(0.20914958244923956 -8.958953989495052e-7 0.0), #(0.21609747221424852 1.32486666424192e-6 0.0), #(0.1882680488255613 -7.450031517669097e-5 0.0), #(0.18715171052025878 7.534679439965591e-5 0.0), #(0.16441922555948013 -7.538682919843271e-7 0.0), #(0.15799078263004862 2.754115344454e-6 0.0), #(0.13111330679675157 1.735322192612065e-4 0.0), #(0.13025072369962487 -1.6604345743446143e-4 0.0), #(0.08869603851691722 7.810271974454412e-5 0.0), #(0.08636257525389493 -7.263242305639634e-5 0.0), #(0.06269971860960534 8.233572646392953e-6 0.0), #(-0.258004564722672 -6.055082886740808e-8 0.0), #(0.011682658924082732 6.357548020694617e-6 0.0), #(-0.03252698278286545 -1.0391454329262316e-4 0.0), #(-0.17437748078836207 6.572167849977182e-5 0.0), #(-0.19336854806596482 -2.6433033513238292e-5 0.0), #(-0.2032334383056323 -3.140584596933893e-5 0.0), #(-0.1435962887736065 -2.720397738208674e-5 0.0), #(-0.22518835662179532 -2.5073123692135224e-5 0.0)
tevelocity:, 5, #(0.303992800476546 1.4017705683857899e-6 0.0), #(0.30697456073721224 -1.5829601249044686e-5 0.0), #(0.31410078269388253 6.114340150821884e-6 0.0), #(0.30118886853334 3.817923969282677e-6 0.0), #(0.3019775829896958 -1.2756965398967857e-6 0.0), #(0.2830916159724987 -2.673441201882146e-6 0.0), #(0.28932263279157433 2.867257718667823e-6 0.0), #(0.26206909745569673 7.705783028972564e-5 0.0), #(0.26474056293508713 -7.707506998503745e-5 0.0), #(0.23470615558552405 -2.138683553357703e-4 0.0), #(0.2406623381696583 2.1252715880812508e-4 0.0), #(0.20967583885120214 2.421061406780565e-7 0.0), #(0.21664895129172632 1.4926929137517364e-7 0.0), #(0.18807762623823762 -7.09856415263889e-5 0.0), #(0.18733207115101683 7.18533987625912e-5 0.0), #(0.16321191496616352 1.582802127117081e-6 0.0), #(0.15688710276834988 4.815812434007283e-7 0.0), #(0.1273179348698051 1.6970409414786083e-4 0.0), #(0.1267471086925728 -1.620542768592934e-4 0.0), #(0.07957519277029183 6.307633325742493e-5 0.0), #(0.0784030395660499 -5.608540835053333e-5 0.0), #(0.050700585200953316 6.7187481894085265e-6 0.0), #(-0.2532809411440318 2.0153952800224634e-8 0.0), #(-0.002047905328874078 5.791192164831251e-6 0.0), #(-0.07815516164249621 -5.817702763010804e-5 0.0), #(-0.1822686752638447 6.446958596767688e-5 0.0), #(-0.18910759585845835 -4.127969348912441e-5 0.0), #(-0.19533768414460262 -3.131597427807359e-5 0.0), #(-0.22464639245713455 -5.432128883309109e-6 0.0), #(-0.11015456396146273 -7.189684369307362e-5 0.0)
tevelocity:, 6, #(0.3012367215943968 1.9720976141429713e-6 0.0), #(0.30871105439542174 -1.6882869657617897e-5 0.0), #(0.31394265682312966 6.467294467471349e-6 0.0), #(0.3016065029413498 3.891057847138419e-6 0.0), #(0.30190324925609063 -1.3277659676106382e-6 0.0), #(0.2836337862113702 -2.485016733827965e-6 0.0), #(0.28937412747281527 2.629701471123266e-6 0.0), #(0.26263368173244833 7.224731552399171e-5 0.0), #(0.26536380356413397 -7.23177366932218e-5 0.0), #(0.23544861181214538 -1.940380443124128e-4 0.0), #(0.24113774536731003 1.9341298457185185e-4 0.0), #(0.21008145283124688 1.1711386207112227e-6 0.0), #(0.21707379792079065 -8.510299506943039e-7 0.0), #(0.1876745665794914 -6.73474924666347e-5 0.0), #(0.18732074830630285 6.764336023096149e-5 0.0), #(0.16161551709465918 3.186504011068598e-6 0.0), #(0.15538168605341 -2.3683612496175438e-6 0.0), #(0.12271025384793321 1.6519347630665018e-4 0.0), #(0.12247185688753523 -1.5711207393754348e-4 0.0), #(0.06887699617444298 5.2166640284479016e-5 0.0), #(0.06927925225223085 -4.9498540641185906e-5 0.0), #(0.036242116320167155 7.56338794935253e-6 0.0), #(-0.24650441346314148 1.1624956149249949e-7 0.0), #(-0.017007920611270808 5.221190786285674e-6 0.0), #(-0.11850889019671104 -1.8818209007636744e-5 0.0), #(-0.18576863094477192 6.596782980004195e-5 0.0), #(-0.18649328321798114 -4.874524874870168e-5 0.0), #(-0.18811339517822892 -3.0221902068945678e-5 0.0), #(-0.21742649898295804 -1.786898910869478e-5 0.0), #(-0.10237327138719635 -7.856517916873949e-5 0.0)
tevelocity:, 7, #(0.29866906595875164 2.2623747320756586e-6 0.0), #(0.31027308616308047 -1.7618043822670613e-5 0.0), #(0.31377035328709973 6.786982545687217e-6 0.0), #(0.3019760431992663 3.956146934028475e-6 0.0), #(0.3018017812671745 -1.3744672015377493e-6 0.0), #(0.28411333679056106 -2.3140700532029064e-6 0.0), #(0.28935965375236977 2.4107736133638216e-6 0.0), #(0.26311180003193196 6.787405075863516e-5 0.0), #(0.2659048212282605 -6.79783134645958e-5 0.0), #(0.23609528532597587 -1.7559743940463916e-4 0.0), #(0.24147364362373588 1.7508710122845591e-4 0.0), #(0.2103211145134637 1.9532792013926093e-6 0.0), #(0.21732579731356333 -1.6649172730710646e-6 0.0), #(0.1870214536269897 -6.305797883047074e-5 0.0), #(0.18708584668279674 6.332071110633588e-5 0.0), #(0.15961978480736122 5.588627228080939e-6 0.0), #(0.15347453515868273 -4.812253869093069e-6 0.0), #(0.11719651409712653 1.5973094289311178e-4 0.0), #(0.11738977813227229 -1.5145966727743456e-4 0.0), #(0.05635465961529653 4.481511326981915e-5 0.0), #(0.058981873258707344 -4.321215021689916e-5 0.0), #(0.018234498868785826 7.086797092868442e-6 0.0), #(-0.23636138224071587 2.536031253647232e-7 0.0), #(-0.03295473326989923 4.560134111535459e-6 0.0), #(-0.14621907547186488 3.0831773267255228e-6 0.0), #(-0.18568867712753728 7.247577438517872e-5 0.0), #(-0.18349944732433682 -4.9022083229205746e-5 0.0), #(-0.18312399204041016 -2.575676038179152e-5 0.0), #(-0.20462686163613647 -2.21864206218283e-5 0.0), #(-0.14379914647419847 -6.80066236350781e-5 0.0)
tevelocity:, 1, #(0.3133509620998568 -1.6153725833846656e-6 0.0), #(0.3018179505234911 -8.761924492186411e-6 0.0), #(0.31459502528326294 3.869572203407972e-6 0.0), #(0.29905235180698214 5.297144132784032e-6 0.0), #(0.30200322232498594 -3.260874666960239e-6 0.0), #(0.280286102625153 -3.7236680425025365e-6 0.0), #(0.288457608029186 5.782581167721272e-6 0.0), #(0.2589522303925706 1.0271462776383991e-4 0.0), #(0.2614549537797345 -1.04935771933386e-4 0.0), #(0.23083955766953485 -3.0546840432478886e-4 0.0), #(0.23773526918424184 2.9949060224858506e-4 0.0), #(0.20681121190588478 -5.674666961610962e-6 0.0), #(0.21365296566317107 8.976385673475085e-6 0.0), #(0.18768244461710484 -8.140330057620923e-5 0.0), #(0.18558451194002107 8.056012262612952e-5 0.0), #(0.16618708659506842 -7.715209555392698e-6 0.0), #(0.15944930775131835 1.484927622826447e-5 0.0), #(0.13870095473612876 1.6987303177060987e-4 0.0), #(0.13720732050062173 -1.6060223797782669e-4 0.0), #(0.10823608450878307 1.852213395156234e-4 0.0), #(0.10409721903512205 -1.6479451673560752e-4 0.0), #(0.08884361513447743 1.731265633797362e-5 0.0), #(-0.26576185008750985 -3.5846574679750287e-6 0.0), #(0.04505861407787617 -3.5039921205265737e-5 0.0), #(0.05432362323671766 -1.873311815362925e-4 0.0), #(-0.09687419876250282 1.3915977585665795e-4 0.0), #(-0.2084316934329996 2.8254861543102397e-5 0.0), #(-0.22186416731779943 -2.7739852961728202e-5 0.0), #(-0.2142808276893484 -8.256897009724487e-4 0.0), #(-0.16278660643148943 -1.345438830018648e-4 0.0)
tevelocity:, 2, #(0.3115222568977975 -1.3976910828847107e-6 0.0), #(0.3025825563688728 -1.1211175547787403e-5 0.0), #(0.3144925123071353 4.8094826494722915e-6 0.0), #(0.2996550231248859 3.5605254090948027e-6 0.0), #(0.3020377322207774 -1.1355277586016124e-6 0.0), #(0.28108636996690023 -3.3115790270230952e-6 0.0), #(0.28877229759267703 3.758688493054744e-6 0.0), #(0.2598652044311977 9.383683341148849e-5 0.0), #(0.2623937031285754 -9.336795597634071e-5 0.0), #(0.23193425035436346 -2.8140360522033094e-4 0.0), #(0.23860810481191652 2.787634844504828e-4 0.0), #(0.20770553790739157 -3.5221234882215506e-6 0.0), #(0.2145901582982429 4.781612198028965e-6 0.0), #(0.18806805883905972 -8.033542153655507e-5 0.0), #(0.18628025230522297 8.098286928172312e-5 0.0), #(0.16590057908471423 -5.585419985078847e-6 0.0), #(0.15926336370183125 6.946751736507578e-6 0.0), #(0.13671991495667216 1.7918701914457438e-4 0.0), #(0.1354162824451334 -1.7147874536214549e-4 0.0), #(0.10285948967746285 1.3241195662159688e-4 0.0), #(0.09906876821902598 -1.282293510776067e-4 0.0), #(0.08140730384773454 6.685724188515014e-6 0.0), #(-0.26389241047574497 -3.1081175438175306e-7 0.0), #(0.03546990156552149 6.788385047469094e-6 0.0), #(0.03543710298655705 -1.654614145708387e-4 0.0), #(-0.1331974102731012 7.9175832448317e-5 0.0), #(-0.20515792966830892 4.09898964810244e-6 0.0), #(-0.21687633284561583 -3.492406025631618e-5 0.0), #(-0.20056767876523224 5.7769774561303167e-5 0.0), #(-0.19389159937350617 -6.005275315329791e-6 0.0)
tevelocity:, 3, #(0.30930645945766655 -4.0018661901640004e-7 0.0), #(0.30373970965530406 -1.2901819628057826e-5 0.0), #(0.3143755034526642 5.290266573426839e-6 0.0), #(0.3002121041230474 3.6503879519129633e-6 0.0), #(0.30204509087661335 -1.15317633043485e-6 0.0), #(0.281818450945437 -3.10204068356169e-6 0.0), #(0.28902175642384487 3.4146354765086584e-6 0.0), #(0.26068536877431653 8.790967051134413e-5 0.0), #(0.2632538687862324 -8.76104421373073e-5 0.0), #(0.23294619626845778 -2.5766982513456796e-4 0.0), #(0.2394073332995536 2.5574850181929535e-4 0.0), #(0.20849070411423254 -2.2410462491102517e-6 0.0), #(0.21540842875333185 2.808477415382511e-6 0.0), #(0.18825338932045435 -7.757271365662549e-5 0.0), #(0.18678967177368008 7.842416256522825e-5 0.0), #(0.1652962831675028 -2.993917487280008e-6 0.0), #(0.15876324030215708 4.983573947872353e-6 0.0), #(0.13422220867802423 1.7667243515958887e-4 0.0), #(0.13311887548300907 -1.6927581641623283e-4 0.0), #(0.09640198403296779 1.0064170002561274e-4 0.0), #(0.09324174399017102 -9.625443699870283e-5 0.0), #(0.07284599190869523 9.240391462226868e-6 0.0), #(-0.2613784630302019 -1.447997173606849e-7 0.0), #(0.024244677132971685 6.698680111553034e-6 0.0), #(0.007005889169883756 -1.4179114976460282e-4 0.0), #(-0.1589319498658592 6.98999628201939e-5 0.0), #(-0.19951551337759016 -8.48058620051953e-6 0.0), #(-0.21064169168035335 -3.223579824840468e-5 0.0), #(-0.17698608671298224 -1.601488595513841e-5 0.0), #(-0.21662350877719663 -1.9387592898792324e-5 0.0)
tevelocity:, 4, #(0.3067502440502967 5.774401099694519e-7 0.0), #(0.305250129259441 -1.4476337585991808e-5 0.0), #(0.3142449945018464 5.723746112209878e-6 0.0), #(0.30072377628800206 3.7367507676012695e-6 0.0), #(0.3020249050175076 -1.2176252965664644e-6 0.0), #(0.28248663851429817 -2.88012544074578e-6 0.0), #(0.28920520338983446 3.125800779704785e-6 0.0), #(0.261419425860284 8.232049250988044e-5 0.0), #(0.26403672303871545 -8.2233911027694e-5 0.0), #(0.23387103966927345 -2.3509168421321445e-4 0.0), #(0.24009079075719086 2.3357972703034425e-4 0.0), #(0.20914958244923956 -8.958953989495052e-7 0.0), #(0.21609747221424852 1.32486666424192e-6 0.0), #(0.1882680488255613 -7.450031517669097e-5 0.0), #(0.18715171052025878 7.534679439965591e-5 0.0), #(0.16441922555948013 -7.538682919843271e-7 0.0), #(0.15799078263004862 2.754115344454e-6 0.0), #(0.13111330679675157 1.735322192612065e-4 0.0), #(0.13025072369962487 -1.6604345743446143e-4 0.0), #(0.08869603851691722 7.810271974454412e-5 0.0), #(0.08636257525389493 -7.263242305639634e-5 0.0), #(0.06269971860960534 8.233572646392953e-6 0.0), #(-0.258004564722672 -6.055082886740808e-8 0.0), #(0.011682658924082732 6.357548020694617e-6 0.0), #(-0.03252698278286545 -1.0391454329262316e-4 0.0), #(-0.17437748078836207 6.572167849977182e-5 0.0), #(-0.19336854806596482 -2.6433033513238292e-5 0.0), #(-0.2032334383056323 -3.140584596933893e-5 0.0), #(-0.1435962887736065 -2.720397738208674e-5 0.0), #(-0.22518835662179532 -2.5073123692135224e-5 0.0)
tevelocity:, 5, #(0.303992800476546 1.4017705683857899e-6 0.0), #(0.30697456073721224 -1.5829601249044686e-5 0.0), #(0.31410078269388253 6.114340150821884e-6 0.0), #(0.30118886853334 3.817923969282677e-6 0.0), #(0.3019775829896958 -1.2756965398967857e-6 0.0), #(0.2830916159724987 -2.673441201882146e-6 0.0), #(0.28932263279157433 2.867257718667823e-6 0.0), #(0.26206909745569673 7.705783028972564e-5 0.0), #(0.26474056293508713 -7.707506998503745e-5 0.0), #(0.23470615558552405 -2.138683553357703e-4 0.0), #(0.2406623381696583 2.1252715880812508e-4 0.0), #(0.20967583885120214 2.421061406780565e-7 0.0), #(0.21664895129172632 1.4926929137517364e-7 0.0), #(0.18807762623823762 -7.09856415263889e-5 0.0), #(0.18733207115101683 7.18533987625912e-5 0.0), #(0.16321191496616352 1.582802127117081e-6 0.0), #(0.15688710276834988 4.815812434007283e-7 0.0), #(0.1273179348698051 1.6970409414786083e-4 0.0), #(0.1267471086925728 -1.620542768592934e-4 0.0), #(0.07957519277029183 6.307633325742493e-5 0.0), #(0.0784030395660499 -5.608540835053333e-5 0.0), #(0.050700585200953316 6.7187481894085265e-6 0.0), #(-0.2532809411440318 2.0153952800224634e-8 0.0), #(-0.002047905328874078 5.791192164831251e-6 0.0), #(-0.07815516164249621 -5.817702763010804e-5 0.0), #(-0.1822686752638447 6.446958596767688e-5 0.0), #(-0.18910759585845835 -4.127969348912441e-5 0.0), #(-0.19533768414460262 -3.131597427807359e-5 0.0), #(-0.22464639245713455 -5.432128883309109e-6 0.0), #(-0.11015456396146273 -7.189684369307362e-5 0.0)
tevelocity:, 6, #(0.3012367215943968 1.9720976141429713e-6 0.0), #(0.30871105439542174 -1.6882869657617897e-5 0.0), #(0.31394265682312966 6.467294467471349e-6 0.0), #(0.3016065029413498 3.891057847138419e-6 0.0), #(0.30190324925609063 -1.3277659676106382e-6 0.0), #(0.2836337862113702 -2.485016733827965e-6 0.0), #(0.28937412747281527 2.629701471123266e-6 0.0), #(0.26263368173244833 7.224731552399171e-5 0.0), #(0.26536380356413397 -7.23177366932218e-5 0.0), #(0.23544861181214538 -1.940380443124128e-4 0.0), #(0.24113774536731003 1.9341298457185185e-4 0.0), #(0.21008145283124688 1.1711386207112227e-6 0.0), #(0.21707379792079065 -8.510299506943039e-7 0.0), #(0.1876745665794914 -6.73474924666347e-5 0.0), #(0.18732074830630285 6.764336023096149e-5 0.0), #(0.16161551709465918 3.186504011068598e-6 0.0), #(0.15538168605341 -2.3683612496175438e-6 0.0), #(0.12271025384793321 1.6519347630665018e-4 0.0), #(0.12247185688753523 -1.5711207393754348e-4 0.0), #(0.06887699617444298 5.2166640284479016e-5 0.0), #(0.06927925225223085 -4.9498540641185906e-5 0.0), #(0.036242116320167155 7.56338794935253e-6 0.0), #(-0.24650441346314148 1.1624956149249949e-7 0.0), #(-0.017007920611270808 5.221190786285674e-6 0.0), #(-0.11850889019671104 -1.8818209007636744e-5 0.0), #(-0.18576863094477192 6.596782980004195e-5 0.0), #(-0.18649328321798114 -4.874524874870168e-5 0.0), #(-0.18811339517822892 -3.0221902068945678e-5 0.0), #(-0.21742649898295804 -1.786898910869478e-5 0.0), #(-0.10237327138719635 -7.856517916873949e-5 0.0)
tevelocity:, 7, #(0.29866906595875164 2.2623747320756586e-6 0.0), #(0.31027308616308047 -1.7618043822670613e-5 0.0), #(0.31377035328709973 6.786982545687217e-6 0.0), #(0.3019760431992663 3.956146934028475e-6 0.0), #(0.3018017812671745 -1.3744672015377493e-6 0.0), #(0.28411333679056106 -2.3140700532029064e-6 0.0), #(0.28935965375236977 2.4107736133638216e-6 0.0), #(0.26311180003193196 6.787405075863516e-5 0.0), #(0.2659048212282605 -6.79783134645958e-5 0.0), #(0.23609528532597587 -1.7559743940463916e-4 0.0), #(0.24147364362373588 1.7508710122845591e-4 0.0), #(0.2103211145134637 1.9532792013926093e-6 0.0), #(0.21732579731356333 -1.6649172730710646e-6 0.0), #(0.1870214536269897 -6.305797883047074e-5 0.0), #(0.18708584668279674 6.332071110633588e-5 0.0), #(0.15961978480736122 5.588627228080939e-6 0.0), #(0.15347453515868273 -4.812253869093069e-6 0.0), #(0.11719651409712653 1.5973094289311178e-4 0.0), #(0.11738977813227229 -1.5145966727743456e-4 0.0), #(0.05635465961529653 4.481511326981915e-5 0.0), #(0.058981873258707344 -4.321215021689916e-5 0.0), #(0.018234498868785826 7.086797092868442e-6 0.0), #(-0.23636138224071587 2.536031253647232e-7 0.0), #(-0.03295473326989923 4.560134111535459e-6 0.0), #(-0.14621907547186488 3.0831773267255228e-6 0.0), #(-0.18568867712753728 7.247577438517872e-5 0.0), #(-0.18349944732433682 -4.9022083229205746e-5 0.0), #(-0.18312399204041016 -2.575676038179152e-5 0.0), #(-0.20462686163613647 -2.21864206218283e-5 0.0), #(-0.14379914647419847 -6.80066236350781e-5 0.0)
tevelocity:, 8, #(0.29640131019651905 2.8529647744536738e-6 0.0), #(0.31154530785809065 -1.8765609441103558e-5 0.0), #(0.3135816058158806 7.2755028347585036e-6 0.0), #(0.3022950162186525 2.395363317410646e-6 0.0), #(0.30166505668051774 -5.054513912961549e-7 0.0), #(0.2845287896405324 -7.541038344752134e-7 0.0), #(0.2892806681592458 3.359785465018664e-6 0.0), #(0.2634776836697678 6.208004669790585e-5 0.0), #(0.26636866516486507 -6.838009287740289e-5 0.0), #(0.23665784167810772 -2.2001222808494977e-5 0.0), #(0.2417034927959978 1.4875647886923067e-5 0.0), #(0.2104075055233616 3.2882551068344066e-6 0.0), #(0.2174066643776866 1.4717462501354902e-6 0.0), #(0.18613222742589958 -5.8738128331474556e-5 0.0), #(0.18662123936733155 5.673319993094917e-5 0.0), #(0.15718131921577128 1.0764118067914094e-5 0.0), #(0.1511135243592034 2.5928075876325444e-6 0.0), #(0.11069349781486419 1.5552076412223532e-4 0.0), #(0.11128328210863267 -1.369047070336587e-4 0.0), #(0.04163892449036905 2.143885191766962e-4 0.0), #(0.04750622175756199 -1.8875159869919777e-4 0.0), #(-0.004977826352239425 2.0292683279318144e-5 0.0), #(-0.2208867191052175 1.0894908332304105e-6 0.0), #(-0.04929426383920679 -3.547943209605691e-5 0.0), #(-0.16253656559660246 6.7070462708838745e-6 0.0), #(-0.18294417677406086 9.59546857873729e-5 0.0), #(-0.17779324006147543 -5.3285095636058875e-5 0.0), #(-0.18172785189837823 -2.3199523753336328e-5 0.0), #(-0.185897692819451 7.55649924584365e-5 0.0), #(-0.18984928718820462 1.4423647739702993e-4 0.0)
tevelocity:, 9, #(0.2944543414617009 2.20667826585677e-6 0.0), #(0.3125230700537495 -1.8195912221928794e-5 0.0), #(0.3133823930328532 7.3163192970753205e-6 0.0), #(0.30256907780474573 4.1227240714399575e-6 0.0), #(0.30151504886187164 -1.542084258074951e-6 0.0), #(0.28488405044028636 -1.9221787243391608e-6 0.0), #(0.2891329540635409 2.1654771667451737e-6 0.0), #(0.2637938658108838 6.02828422486481e-5 0.0), #(0.26673666811533725 -6.15297241621327e-5 0.0), #(0.2370938214030429 -1.593842555063371e-5 0.0), #(0.2417636124387402 1.3650492608845191e-5 0.0), #(0.2103106919500473 3.824229386736132e-6 0.0), #(0.21731213767538032 -5.409455930380376e-7 0.0), #(0.1848946386881313 -5.3575152308534276e-5 0.0), #(0.18586974676648874 5.3835189467866264e-5 0.0), #(0.15416659654489434 1.048577238065574e-5 0.0), #(0.1481423851759269 -9.861631006449053e-6 0.0), #(0.10278310486584341 1.4548904901225132e-4 0.0), #(0.10416836268132669 -1.3760860269685545e-4 0.0), #(0.025331805707755558 1.2322423414686714e-4 0.0), #(0.03487121690582872 -1.2254610041194673e-4 0.0), #(-0.036404760344393966 5.265059754412369e-6 0.0), #(-0.19686774018657524 2.3434470683229816e-7 0.0), #(-0.0656729154936834 4.065604267931835e-6 0.0), #(-0.17853827520417007 2.5164927046820557e-5 0.0), #(-0.1712045721421169 6.955318086821055e-5 0.0), #(-0.1695960572258008 -4.072026919491681e-5 0.0), #(-0.1836625220990622 -5.8421847518485525e-6 0.0), #(-0.1622667756006456 -3.671908207990898e-5 0.0), #(-0.21127205002345506 -1.2010685633614354e-5 0.0)
tevelocity:, 10, #(0.29279132565296206 1.9938850493438403e-6 0.0), #(0.3132175102941512 -1.8433967975787234e-5 0.0), #(0.31316509294519446 7.5712924018351835e-6 0.0), #(0.302793008419301 4.1284763780049086e-6 0.0), #(0.30133017493000985 -1.4939512874748094e-6 0.0), #(0.28517523286010077 -1.8618031227233342e-6 0.0), #(0.2889161842772257 1.8742316294201305e-6 0.0), #(0.2640050613791506 5.696236201820341e-5 0.0), #(0.267014746834955 -5.730185243425112e-5 0.0), #(0.2374247441454908 -1.2014810218828043e-5 0.0), #(0.24169568472437925 1.128202626017195e-5 0.0), #(0.210036552357176 3.706953234617328e-6 0.0), #(0.21702226389141654 -2.393756000179386e-6 0.0), #(0.1833639459820673 -4.855503137462488e-5 0.0), #(0.18482615874238367 4.8714621161612565e-5 0.0), #(0.15056992104113914 1.2912135657346379e-5 0.0), #(0.14455260512359466 -1.2163557870239674e-5 0.0), #(0.0935009383895145 1.373184775436286e-4 0.0), #(0.09569168508163664 -1.2820109848869521e-4 0.0), #(0.006681223844969842 8.32803898326886e-5 0.0), #(0.021227743460249686 -8.401771921569067e-5 0.0), #(-0.0771168680182249 3.848490113648155e-6 0.0), #(-0.16260284684079507 7.467682210048054e-7 0.0), #(-0.08145622026398472 2.606593341974318e-6 0.0), #(-0.17317137788868892 5.1152983330882724e-5 0.0), #(-0.17505965912181592 4.3097769384540484e-5 0.0), #(-0.15931381058279032 -3.6791616133450074e-5 0.0), #(-0.18601321248346947 1.930039268065602e-6 0.0), #(-0.13748990819588697 -3.106202041779299e-5 0.0), #(-0.21474334783718874 -1.0822991140160263e-5 0.0)
tevelocity:, 11, #(0.2913724182949283 1.728490875354662e-6 0.0), #(0.31368124224120014 -1.8543426311753716e-5 0.0), #(0.31293211153935935 7.795921382387622e-6 0.0), #(0.30296815828243145 4.1549191744925735e-6 0.0), #(0.3011153286367581 -1.5173980117286766e-6 0.0), #(0.28540223765726214 -1.7626264166633756e-6 0.0), #(0.2886305990132997 1.690442355445563e-6 0.0), #(0.2641155820169902 5.3788646626878006e-5 0.0), #(0.26720136505203246 -5.3990305500073735e-5 0.0), #(0.23764398811491788 -9.14164814191013e-6 0.0), #(0.2414802939950745 9.024309249797367e-6 0.0), #(0.2095625797575072 3.980795206364846e-6 0.0), #(0.2165167571135318 -3.358813355875592e-6 0.0), #(0.18147760127876064 -4.345047177876237e-5 0.0), #(0.1834460123166301 4.357554420087862e-5 0.0), #(0.14628867556273498 1.5301715959907393e-5 0.0), #(0.14022035796827692 -1.4551646442921391e-5 0.0), #(0.08253045571262684 1.276014168478633e-4 0.0), #(0.08572834589850761 -1.181708309877621e-4 0.0), #(-0.013900950742897183 5.684122987943313e-5 0.0), #(0.006843716886895077 -6.058609918047938e-5 0.0), #(-0.12268105255136195 4.049854652053352e-6 0.0), #(-0.12216995854472704 1.5486403193186848e-6 0.0), #(-0.09666728285162265 2.042475149138923e-6 0.0), #(-0.16738884410808696 5.628884320226875e-5 0.0), #(-0.1754537257025885 3.2947521691952273e-5 0.0), #(-0.1490078855053952 -2.607373114808683e-5 0.0), #(-0.18525413517227324 4.879421752127438e-6 0.0), #(-0.11712681547004708 -3.248754028036652e-5 0.0), #(-0.2096248846779815 -1.8970472499704679e-6 0.0)
tevelocity:, 12, #(0.2901460301635722 1.4542337859548097e-6 0.0), #(0.3139626961674402 -1.8590301825960343e-5 0.0), #(0.3126827771452107 7.996610863671359e-6 0.0), #(0.3030947803480902 4.185320767702868e-6 0.0), #(0.300869646921296 -1.5439081431904225e-6 0.0), #(0.28556429878716744 -1.6595582371486873e-6 0.0), #(0.2882738269711633 1.5354436876545722e-6 0.0), #(0.2641244191818311 5.0833708191212846e-5 0.0), #(0.2672916874261645 -5.1028260777291925e-5 0.0), #(0.23774376983316176 -6.860234116352854e-6 0.0), #(0.24110685308074983 7.022970689084522e-6 0.0), #(0.20887105958419797 4.2646609384766114e-6 0.0), #(0.21577503211492624 -3.9085380114274245e-6 0.0), #(0.1791915187034017 -3.8377577856351184e-5 0.0), #(0.18167920739565424 3.845402487148268e-5 0.0), #(0.14121711761817612 1.762177733203881e-5 0.0), #(0.1350110461717637 -1.6904222076561113e-5 0.0), #(0.06960536178969007 1.1675442518186186e-4 0.0), #(0.07405191612220874 -1.0688771310459615e-4 0.0), #(-0.036123773737457406 3.910006507534776e-5 0.0), #(-0.00789966031961932 -4.393514177588313e-5 0.0), #(-0.1619139927359318 2.4269966276503476e-6 0.0), #(-0.08633110751955554 8.752868818262282e-7 0.0), #(-0.11080276841929941 1.965849595485448e-6 0.0), #(-0.17317515868211797 2.8661926882415304e-5 0.0), #(-0.16215473846212347 5.280027101844876e-5 0.0), #(-0.1463128068059838 5.597168693701048e-4 0.0), #(-0.1746289363464079 -5.668638869662692e-4 0.0), #(-0.1928382320232622 -0.002514221303900517 0.0), #(-0.11073921767130183 0.0024866964064801577 0.0)
tevelocity:, 13, #(0.2890687011517813 1.1870710120260072e-6 0.0), #(0.31410250984120647 -1.861349517192098e-5 0.0), #(0.3124163726439388 8.17748891412347e-6 0.0), #(0.30317310994556923 4.214285526409837e-6 0.0), #(0.30059190935949437 -1.5676207031388895e-6 0.0), #(0.28566020499562617 -1.5607731793520675e-6 0.0), #(0.28784314017181345 1.3932348668106695e-6 0.0), #(0.2640275229952653 4.807498803575701e-5 0.0), #(0.267280204121106 -4.8284103757081324e-5 0.0), #(0.23771558082168054 -4.942598805148117e-6 0.0), #(0.2405672992577474 4.562067527293956e-6 0.0), #(0.20796602171127831 4.726863002935518e-6 0.0), #(0.2147859720576682 -4.176629838693664e-6 0.0), #(0.17646181509194003 -3.331314093722882e-5 0.0), #(0.1794700735315438 3.3624160878496616e-5 0.0), #(0.1351951365559585 2.051281965007719e-5 0.0), #(0.12874850173391533 -1.8770602927285946e-5 0.0), #(0.05448837255506702 1.0486735786549658e-4 0.0), #(0.06038419669283053 -9.546797170864147e-5 0.0), #(-0.05951615987669616 2.6753836214251014e-5 0.0), #(-0.022466998576843016 -3.379937272155626e-5 0.0), #(-0.18738599672097253 2.400376400883199e-6 0.0), #(-0.062186104942248674 1.5763101545213423e-6 0.0), #(-0.12372504014296816 1.1300914029202034e-6 0.0), #(-0.16854572121571612 2.320841805489205e-5 0.0), #(-0.15840406270452956 4.7441384790237e-5 0.0), #(-0.1689349944234429 5.143562099014306e-5 0.0), #(-0.1387428499726779 -4.1622964353935284e-5 0.0), #(-0.17750892757124684 -2.9274252579701147e-5 0.0), #(-0.10947251995724545 5.576555593596699e-6 0.0)
tevelocity:, 14, #(0.2881062410775439 9.362008562216379e-7 0.0), #(0.3141320536428122 -1.8630444595649842e-5 0.0), #(0.3121321128278998 8.340787101538328e-6 0.0), #(0.3032032994680471 4.240167084020396e-6 0.0), #(0.30028055068192977 -1.58847940895647e-6 0.0), #(0.2856883237954823 -1.4678680443321346e-6 0.0), #(0.2873352850427006 1.2599911108435503e-6 0.0), #(0.2638194141261769 4.548661664247893e-5 0.0), #(0.267160812288173 -4.57137934845041e-5 0.0), #(0.23755015922664693 -3.2857760829035273e-6 0.0), #(0.23981771501496285 3.5255810230189223e-6 0.0), #(0.20676670409197298 5.189794740633055e-6 0.0), #(0.213502956958061 -4.5611053542313645e-6 0.0), #(0.17331003274562967 -2.841460014756616e-5 0.0), #(0.17681933437630032 2.8758062019179294e-5 0.0), #(0.12826247482095884 2.2631013123673864e-5 0.0), #(0.12144097486188066 -2.215914831914452e-5 0.0), #(0.037153663300918696 9.200537951437451e-5 0.0), #(0.0441708633138339 -8.139116566000513e-5 0.0), #(-0.0838822461733895 1.5383663862005093e-5 0.0), #(-0.03616144842603001 -2.2956083195777007e-5 0.0), #(-0.19977167840484716 4.275565144161514e-7 0.0), #(-0.049027551213477134 1.4659074040462482e-6 0.0), #(-0.13531705346162046 7.777223054834152e-7 0.0), #(-0.16199925795279363 1.9519790080323574e-5 0.0), #(-0.1564142778794483 3.8459352490981505e-5 0.0), #(-0.15410604178832815 5.3190403450475574e-5 0.0), #(-0.14296778823735382 -2.336961813541225e-5 0.0), #(-0.14990101363908054 -2.6938104911113527e-5 0.0), #(-0.12775037398455955 2.4399630232492426e-6 0.0)
tevelocity:, 15, #(0.28723040029970004 2.030203574192144e-6 0.0), #(0.3140700649541642 -1.7127170239346746e-5 0.0), #(0.31183452991491245 8.892345798803028e-6 0.0), #(0.3031855916381311 6.5539834216163174e-6 0.0), #(0.2999376233048213 -4.225221762663663e-6 0.0), #(0.28564669862945713 -2.441850245831104e-6 0.0), #(0.2867473962427804 2.834398732580185e-6 0.0), #(0.26347155641747744 3.595605850712534e-5 0.0), #(0.26693180428561036 -5.306812652479165e-5 0.0), #(0.23725723170914334 2.4406968151041377e-4 0.0), #(0.23894917640908075 -2.590365931002394e-4 0.0), #(0.20531006453245515 1.0739844893006276e-5 0.0), #(0.21188799379770945 2.4277261660394752e-5 0.0), #(0.1694762819937701 -2.4440252618637143e-5 0.0), #(0.17348475955837062 2.7296501032709436e-5 0.0), #(0.12001791932304287 2.5825716593780968e-5 0.0), #(0.11241972396262001 -3.3780746973733205e-5 0.0), #(0.01644787409957404 1.3878185614250927e-4 0.0), #(0.02589208263485588 -1.0479434631827452e-6 0.0), #(-0.10767818025653784 -3.794557565669939e-5 0.0), #(-0.20233848116559416 6.9826805609362e-6 0.0), #(-0.0485538066594626 -5.542101823663523e-5 0.0), #(-0.04242031207922892 1.7269343537047415e-6 0.0), #(-0.1453392206344492 -3.0264278288326364e-5 0.0), #(-0.1542301978228576 5.320064635776872e-6 0.0), #(-0.15554653848700617 2.5727334650204794e-5 0.0), #(-0.13761969116781864 6.282653048877912e-5 0.0), #(-0.15166549485599723 -3.721620374990939e-5 0.0), #(-0.11753754804423962 2.7200688392347715e-4 0.0), #(-0.14925389512730328 1.766036584901538e-4 0.0)
tevelocity:, 16, #(0.28643056375651843 5.434491070436074e-7 0.0), #(0.3139449262238857 -1.8469627466915132e-5 0.0), #(0.31150736588716715 8.530699591687908e-6 0.0), #(0.30311879570568623 4.357127374828296e-6 0.0), #(0.2995478169831574 -1.6806566080222554e-6 0.0), #(0.2855316884557097 -1.169658893092942e-6 0.0), #(0.2860721280952683 1.3861265434374286e-6 0.0), #(0.2630312610679004 4.2341788294248033e-5 0.0), #(0.26657438318120896 -4.848513046866034e-5 0.0), #(0.23677826792474901 2.3487124099322637e-4 0.0), #(0.2377909472478397 -2.427587535201688e-4 0.0), #(0.20351066015064867 5.921915454938273e-6 0.0), #(0.20989585548193343 7.80957652354931e-6 0.0), #(0.1650208710055445 -2.0063507897461336e-5 0.0), #(0.16941216548723495 2.0550339395108688e-5 0.0), #(0.1105840632314893 3.4371987227271896e-5 0.0), #(0.10171858375098766 -3.315985176041859e-5 0.0), #(-0.007084383610570855 6.392575425800512e-5 0.0), #(0.005073206309726911 -5.669253686008223e-5 0.0), #(-0.12938235818541838 3.916133802675269e-6 0.0), #(-0.1992481084157474 1.4260097078899782e-5 0.0), #(-0.05896741600357029 -2.448344679264916e-5 0.0), #(-0.03981350006117129 8.432742766816131e-7 0.0), #(-0.15402328215934558 1.1042546755114668e-6 0.0), #(-0.1457726381091986 1.3187959260695637e-5 0.0), #(-0.15409573595120216 1.916454369702998e-5 0.0), #(-0.12294978968895717 4.90679810621484e-5 0.0), #(-0.15880699326840506 1.977662497405561e-5 0.0), #(-0.0899596780818633 -1.0510947749243229e-5 0.0), #(-0.15852847611209953 -3.155993940211297e-5 0.0)
tevelocity:, 17, #(0.28567453726392195 3.287628087606118e-7 0.0), #(0.31376083001793464 -1.8599487959663672e-5 0.0), #(0.31116351132621933 8.703614471417067e-6 0.0), #(0.30300465134890153 4.333897174232758e-6 0.0), #(0.29912383145976107 -1.6434319654513437e-6 0.0), #(0.2853428272440375 -1.1663188871657846e-6 0.0), #(0.2853055799555468 1.0045782432280277e-6 0.0), #(0.2624517578454087 4.04554090747221e-5 0.0), #(0.26608153815360447 -4.3008430038495976e-5 0.0), #(0.2361246827530117 2.2045491843381723e-4 0.0), #(0.23641067413928626 -2.232002141079177e-4 0.0), #(0.20138093128088383 5.3021129278564905e-6 0.0), #(0.20752467506249667 1.2851036898502404e-6 0.0), #(0.15988459554584186 -1.617156740255051e-5 0.0), #(0.1645574591629869 1.611285700904817e-5 0.0), #(0.09947817741806482 9.454709700816096e-5 0.0), #(0.08868024902897127 -9.377051522824053e-5 0.0), #(-0.03389412655993334 5.063616153387842e-5 0.0), #(-0.018045505677721504 -3.49696195456457e-5 0.0), #(-0.1472268060092391 -5.744761657673093e-6 0.0), #(-0.19306531049056846 8.595269298483002e-6 0.0), #(-0.0670104488992741 -1.3410296832096385e-5 0.0), #(-0.038809541121823714 -1.5381352180434289e-6 0.0), #(-0.1612592286364186 2.975298644774374e-7 0.0), #(-0.13744288060528925 1.0854828704106295e-5 0.0), #(-0.15053284571742348 1.1217245684518802e-5 0.0), #(-0.15947852428732917 -4.509293317045595e-5 0.0), #(-0.11390181482629377 1.1656237003745338e-4 0.0), #(-0.1543183914781253 3.9062262214190074e-4 0.0), #(-0.07354057920386876 -4.1736367243199867e-4 0.0)
tevelocity:, 18, #(0.2849581871776548 1.5450946912037776e-7 0.0), #(0.3135271199226907 -1.8687757598173905e-5 0.0), #(0.3107978665291296 8.826574735269235e-6 0.0), #(0.3028415272525022 4.325325019419775e-6 0.0), #(0.2986565149478293 -1.6482073718754226e-6 0.0), #(0.2850746938768212 -1.1236149415925417e-6 0.0), #(0.2844408093959646 8.208369743043017e-7 0.0), #(0.26172275356290137 3.770488005662482e-5 0.0), #(0.2654451569936311 -3.896401641365325e-5 0.0), #(0.23528374841066138 2.043547433582839e-4 0.0), #(0.2347161323671636 -2.0504640106127684e-4 0.0), #(0.19884063768628363 5.548537826876287e-6 0.0), #(0.20467266829604785 -2.0241880907331267e-6 0.0), #(0.15408528380646608 -1.2670977752138501e-5 0.0), #(0.15888692686290906 1.2835774960039755e-5 0.0), #(0.07285087111088226 2.7510887017265346e-5 0.0), #(0.08673816202193584 -2.7414672172309202e-5 0.0), #(-0.06279428396025279 3.7606813941972956e-5 0.0), #(-0.04332633469368861 -2.0905813889478244e-5 0.0), #(-0.1597604404328937 -1.1871560832089677e-5 0.0), #(-0.18613343129674498 9.041521007718563e-6 0.0), #(-0.07237982292070358 -1.161009202781092e-5 0.0), #(-0.038703688641446556 -1.1780511773252429e-6 0.0), #(-0.1674365792722601 2.5747023268537563e-7 0.0), #(-0.14455608419662483 1.5290461099426806e-5 0.0), #(-0.13040208032122552 -1.372264492097626e-6 0.0), #(-0.15265394527823006 1.4521851663517792e-6 0.0), #(-0.11242809636621758 7.073708905264671e-5 0.0), #(-0.13807269061610355 4.645885035987307e-5 0.0), #(-0.07782217278634054 -5.9180811656225546e-5 0.0)
tevelocity:, 19, #(0.28427033285919795 2.4513941572648397e-9 0.0), #(0.3132501578358444 -1.8752472746645127e-5 0.0), #(0.3104089936292736 8.926600078372228e-6 0.0), #(0.30262871243835926 4.32316088080591e-6 0.0), #(0.298142553624421 -1.657130832648414e-6 0.0), #(0.28472308447728906 -1.0654935016331578e-6 0.0), #(0.2834696745715402 6.931943275715607e-7 0.0), #(0.26083433321202043 3.522455991952977e-5 0.0), #(0.2646515574153661 -3.59643653465481e-5 0.0), #(0.23423536788234475 1.8827625384064113e-4 0.0), #(0.23281189240292705 -1.883088758675058e-4 0.0), #(0.1958957621873365 4.586349882132146e-6 0.0), #(0.20127914091370974 -3.2157407320585998e-6 0.0), #(0.14720264603381997 -1.0225789000951124e-5 0.0), #(0.15179928388277872 1.0029260981575091e-5 0.0), #(0.05287159071101611 7.091331055796127e-6 0.0), #(0.07206724581058777 -5.804572674602145e-6 0.0), #(-0.09133748793626038 2.6562484368056407e-5 0.0), #(-0.06941865050184798 -4.990309589285716e-6 0.0), #(-0.16794504550722025 -1.8995640683759338e-5 0.0), #(-0.1786492578124998 9.173087139050761e-6 0.0), #(-0.07556620446741809 -6.905965129674384e-6 0.0), #(-0.03884341592200639 -2.5610646780782937e-6 0.0), #(-0.17184730438611096 6.646664494999045e-7 0.0), #(-0.136749775382848 4.0464020094056304e-6 0.0), #(-0.12589547977932028 3.1262382897413314e-6 0.0), #(-0.13889607916122196 1.2138359544567233e-5 0.0), #(-0.11809185585849641 5.5158386332480454e-5 0.0), #(-0.11357905759634716 3.170289640694047e-5 0.0), #(-0.10444512543361026 -2.4698777009697445e-5 0.0)
tevelocity:, 20, #(0.28360068770159336 -1.3137999179630816e-7 0.0), #(0.3129344148001115 -1.8809151038062254e-5 0.0), #(0.3099953286624212 9.010710525358098e-6 0.0), #(0.3023652406937877 4.321087138113713e-6 0.0), #(0.29757822305447645 -1.6650351604710964e-6 0.0), #(0.28428293805368765 -1.0031917587043608e-6 0.0), #(0.2823824725219273 5.84551549748046e-7 0.0), #(0.2597727613582025 3.305594518896202e-5 0.0), #(0.2636842093544548 -3.35722658390934e-5 0.0), #(0.2329561823917869 1.730078003251512e-4 0.0), #(0.23055403983072373 -1.7257673640060032e-4 0.0), #(0.1924352621653709 4.426651337775468e-6 0.0), #(0.19726253634280044 -3.872172983603684e-6 0.0), #(0.13938644538778636 -7.748867749647798e-6 0.0), #(0.14324967458966278 7.425736148993348e-6 0.0), #(0.027893659052244772 3.417301500404242e-6 0.0), #(0.05552474917183374 -2.3739062080589924e-6 0.0), #(-0.1158256643765189 1.8050773287850625e-5 0.0), #(-0.09601643649360213 7.926334267779926e-6 0.0), #(-0.1743797918302672 -2.6211842600435392e-5 0.0), #(-0.1701814598195807 9.547824213074673e-6 0.0), #(-0.07690840877648646 -4.65374882374135e-6 0.0), #(-0.039224833790718346 -1.840168240218939e-6 0.0), #(-0.17483208303534906 5.180012927627139e-7 0.0), #(-0.12782071829921776 1.2872147040634914e-6 0.0), #(-0.12416216960899072 6.481973396932233e-7 0.0), #(-0.11999888726136028 1.9077423876712325e-5 0.0), #(-0.12629855888698047 4.103615213966788e-5 0.0), #(-0.08812387951525164 2.187720019037392e-5 0.0), #(-0.13469880770495038 3.345925946137666e-6 0.0)
tevelocity:, 21, #(0.28293975713927044 -2.5018929570912744e-7 0.0), #(0.31258284399921304 -1.886670484765305e-5 0.0), #(0.30955512239619926 9.082743790208903e-6 0.0), #(0.3020497430041347 4.315103884426563e-6 0.0), #(0.2969591138859297 -1.6713474244582786e-6 0.0), #(0.2837481379023076 -9.412053688352906e-7 0.0), #(0.28116761960972125 4.831425392772674e-7 0.0), #(0.2585210269522822 3.1112771996980566e-5 0.0), #(0.26252362400434825 -3.153027263908672e-5 0.0), #(0.2314192883719389 1.5883349403480855e-4 0.0), #(0.22792376848996307 -1.5745160308786417e-4 0.0), #(0.18841249819407732 4.576892521464606e-6 0.0), #(0.1925218437694697 -4.308273653274688e-6 0.0), #(0.13037731656273482 -4.713322145912066e-6 0.0), #(0.13252562174561786 5.0130460280641405e-6 0.0), #(-0.0033039756767164813 1.6179251081478634e-6 0.0), #(0.03703761206103968 -2.5028371521460557e-6 0.0), #(-0.13200605575285046 1.2120370564409664e-5 0.0), #(-0.12120170534131705 1.4743337954226305e-5 0.0), #(-0.1845513613496904 -3.0368573059079307e-5 0.0), #(-0.15787486290190347 9.22544602000519e-6 0.0), #(-0.07757046546156939 -8.831405749007118e-7 0.0), #(-0.03927341184163135 -2.637576462405033e-6 0.0), #(-0.17616061523547136 7.740161921534412e-7 0.0), #(-0.11872188072006584 -5.82214915859211e-7 0.0), #(-0.12372833894126564 -1.31609630382673e-6 0.0), #(-0.09979597982168906 2.3857262575759095e-5 0.0), #(-0.13143648047520262 2.8670726808858163e-5 0.0), #(-0.06891041964262061 -3.910544296364195e-5 0.0), #(-0.14981561742840324 7.624125422158813e-5 0.0)
tevelocity:, 22, #(0.28227341169341635 -1.5325397608277657e-6 0.0), #(0.31219389482374793 -1.8797806704957283e-5 0.0), #(0.30908847111635246 8.141249509888916e-6 0.0), #(0.30168014757644607 3.044135150859707e-6 0.0), #(0.2962775194030943 -2.642994326140838e-6 0.0), #(0.28311117887868853 -5.091910520328439e-7 0.0), #(0.2798165452921173 3.445734727067537e-6 0.0), #(0.25705170444641373 2.255959566034289e-5 0.0), #(0.2611518533717032 -3.665293434465582e-5 0.0), #(0.22959096492759112 1.2925174918493277e-4 0.0), #(0.22492444465767356 -1.5933372444984815e-4 0.0), #(0.1837310802011142 9.763694266495843e-6 0.0), #(0.18688777581101682 2.9795040944806284e-5 0.0), #(0.12030460542898888 -1.0590642863836753e-5 0.0), #(0.11949253389112931 -3.3383300145400124e-6 0.0), #(-0.042595168789043014 5.622965311336995e-5 0.0), #(0.01666304871361493 1.2083770651127107e-4 0.0), #(-0.13623842289552118 4.4667187672695666e-5 0.0), #(-0.1446152356051754 2.044881632971384e-4 0.0), #(-0.19741726043079977 -3.788217183297257e-5 0.0), #(-0.14336726887904472 -2.8799778209725796e-4 0.0), #(-0.07775383596530021 -4.6180522589800835e-5 0.0), #(-0.0397659739588715 2.568307927126474e-6 0.0), #(-0.176256861466198 -2.3517482132285483e-5 0.0), #(-0.11029761263895002 1.1521770854442532e-5 0.0), #(-0.12196476307118466 -5.6057618114280195e-6 0.0), #(-0.08333745494036125 9.012761840323241e-6 0.0), #(-0.1302221550354522 1.2654673941287276e-5 0.0), #(-0.1485310322579291 -1.7064721163787257e-4 0.0), #(-0.061098596800327094 1.643460711088601e-4 0.0)
tevelocity:, 23, #(0.28160705595112623 -4.61640085206297e-7 0.0), #(0.311777507617545 -1.886393015519086e-5 0.0), #(0.3085880567061733 9.107327790156281e-6 0.0), #(0.30125491675488164 4.318143717518174e-6 0.0), #(0.295534271501209 -1.6782674683267885e-6 0.0), #(0.2823636060892415 -7.999588165995679e-7 0.0), #(0.27829767130824123 1.4137661171915312e-6 0.0), #(0.2553575202204053 2.7221941057808694e-5 0.0), #(0.25953067735811836 -3.360230219960262e-5 0.0), #(0.22745128212919977 1.3169857070938285e-4 0.0), #(0.22141141261220829 -1.450868045104091e-4 0.0), #(0.17831850106509173 5.027100650101009e-6 0.0), #(0.18018628815826312 1.4070195113967398e-5 0.0), #(0.10876030822462479 -1.5742715187090432e-6 0.0), #(0.10263096650749395 1.920767631962243e-6 0.0), #(-0.08598666992026313 2.3007617144252278e-6 0.0), #(-0.005192392500412714 -6.68387545566749e-6 0.0), #(-0.13182796655555962 7.793086067957728e-6 0.0), #(-0.16582469692510812 1.1096336858094384e-5 0.0), #(-0.21117176455079675 -3.631039733403242e-5 0.0), #(-0.12778683137718372 2.399172381179567e-5 0.0), #(-0.0778863246393638 -1.055230385438219e-6 0.0), #(-0.03999585126638722 -2.1064029091952103e-6 0.0), #(-0.17488465240576442 1.9748158203594943e-6 0.0), #(-0.11732324341728564 -1.9563077412744305e-5 0.0), #(-0.10352155354787065 1.54521331984228e-5 0.0), #(-0.12260711194319308 3.394517190199427e-5 0.0), #(-0.07542617384071597 2.743491215818773e-6 0.0), #(-0.13295304841449299 -1.2023216246418051e-6 0.0), #(-0.06653446484945186 4.9604488503663534e-5 0.0)
tevelocity:, 24, #(0.2809132572393939 -5.407777819716645e-7 0.0), #(0.31132657821391563 -1.902522071312487e-5 0.0), #(0.3080548954141097 9.220133295898675e-6 0.0), #(0.3007703923594787 4.272464340398951e-6 0.0), #(0.29471626657078304 -1.6822758896166858e-6 0.0), #(0.2814948862069585 -7.483278821734404e-7 0.0), #(0.2766041920643885 6.266013337323887e-7 0.0), #(0.253398614584122 2.66630344905933e-5 0.0), #(0.2576299537693248 -2.934651323006208e-5 0.0), #(0.22492424189678695 1.2721921949660771e-4 0.0), #(0.21735472896068408 -1.3431358583751964e-4 0.0), #(0.17218509045856903 4.4115807777510195e-6 0.0), #(0.17238341563861728 5.054282759192724e-6 0.0), #(0.09583578230090507 1.8626647693568372e-7 0.0), #(0.0798364362688354 -7.919337071045662e-7 0.0), #(-0.12399028935133895 1.4604330346798818e-6 0.0), #(-0.02856030445693914 -3.841783160858748e-6 0.0), #(-0.12737967138478912 7.621284636611164e-6 0.0), #(-0.18386272283859587 2.7630088116255647e-5 0.0), #(-0.2235463831536513 -3.806672896713019e-5 0.0), #(-0.11166640660003643 6.164223652851906e-6 0.0), #(-0.07865565697465635 6.834023504028733e-7 0.0), #(-0.04046533361819909 -1.369698507705226e-6 0.0), #(-0.17191663885285408 1.8774142814018033e-6 0.0), #(-0.10987230706272004 -2.5920180089499153e-6 0.0), #(-0.09887076140510831 -9.602604943462997e-7 0.0), #(-0.10979141971015989 1.371209750008457e-5 0.0), #(-0.07857246460088545 1.1883977346127024e-5 0.0), #(-0.10512792189415816 1.0008405317359241e-5 0.0), #(-0.08396892356486292 3.823041430873926e-5 0.0)
tevelocity:, 25, #(0.2801850308223813 -6.251156816816984e-7 0.0), #(0.31084235446449404 -1.9175710062762655e-5 0.0), #(0.3074860942975683 9.29210285045327e-6 0.0), #(0.30022356674561057 4.209203256995818e-6 0.0), #(0.2938166729615208 -1.6849008396267846e-6 0.0), #(0.2804924562644862 -7.183145905148712e-7 0.0), #(0.2747081876381853 2.671031083954884e-7 0.0), #(0.25113839564240775 2.504199050378365e-5 0.0), #(0.25541233686217196 -2.6302432072016173e-5 0.0), #(0.22197681393713603 1.2028251146424664e-4 0.0), #(0.21273646251871123 -1.2389741924970124e-4 0.0), #(0.1652352162584655 3.865153489138088e-6 0.0), #(0.16316169968907795 8.8972745023698e-7 0.0), #(0.08134713103448078 2.084618040637408e-6 0.0), #(0.046187526447017305 -2.4513227169065226e-6 0.0), #(-0.14394607883669952 1.230281058729652e-6 0.0), #(-0.05262687695739189 -4.553682057308513e-6 0.0), #(-0.13062686613786942 7.3866248360477934e-6 0.0), #(-0.19938968627612413 3.08850878082083e-5 0.0), #(-0.23403021334274615 -4.001056584553819e-5 0.0), #(-0.09510659833478281 5.544632085309425e-6 0.0), #(-0.07986622832220833 1.746566484211604e-6 0.0), #(-0.04103807883769533 -1.1081209854014869e-6 0.0), #(-0.16736103123255847 2.1743311687705654e-6 0.0), #(-0.10045334372063854 -1.2577991449181777e-6 0.0), #(-0.09604164202943236 -7.423794491607023e-7 0.0), #(-0.09374440553834183 7.521020098485862e-6 0.0), #(-0.08991320622777937 6.813611562355764e-6 0.0), #(-0.07037324283771698 2.246223969228822e-5 0.0), #(-0.1032650545168594 2.8194191265202774e-5 0.0)
tevelocity:, 26, #(0.2794018573011673 -8.103590594342274e-7 0.0), #(0.3103175437457714 -1.8909935512777008e-5 0.0), #(0.30688594232398214 1.0168862263450792e-5 0.0), #(0.29961455231789824 4.2721151564959315e-6 0.0), #(0.2928293943676099 -1.594357229834154e-6 0.0), #(0.2793489110480466 9.415623564707449e-8 0.0), #(0.27258661358131037 -9.250006960703071e-8 0.0), #(0.24854237810058413 2.3576262266363323e-5 0.0), #(0.2528268049776294 -2.388665546359367e-5 0.0), #(0.21850970753691762 1.1095966536737402e-4 0.0), #(0.20747670118940942 -1.1157603324440864e-4 0.0), #(0.15721484865854454 4.669232172838733e-6 0.0), #(0.15188061202505332 -2.1333758965297268e-6 0.0), #(0.06527366406613413 1.1252516753361576e-5 0.0), #(-0.007648293272880919 -1.151943185725014e-5 0.0), #(-0.13470971589298086 4.213765929486758e-8 0.0), #(-0.07651350631328413 -4.668096135208363e-6 0.0), #(-0.14236909570834816 7.012593293364248e-6 0.0), #(-0.21251298738913357 3.358572881686526e-5 0.0), #(-0.24299246708705788 -4.436377889824493e-5 0.0), #(-0.07802499685171435 4.038191022819752e-6 0.0), #(-0.08176497876322564 1.961861660675843e-6 0.0), #(-0.0415852614397881 -4.959822439644849e-7 0.0), #(-0.16109927484538333 2.4510002022512164e-6 0.0), #(-0.09032684994390991 8.273651834942582e-8 0.0), #(-0.09385871445126605 -1.7378543752621595e-7 0.0), #(-0.07725809742784011 3.1157062398511774e-6 0.0), #(-0.10087747252421186 1.3480802141506735e-6 0.0), #(-0.03890332265673556 3.2152647617544105e-5 0.0), #(-0.11516101291654328 1.999740523216976e-5 0.0)
tevelocity:, 27, #(0.27854958102102606 -4.792023301441881e-7 0.0), #(0.3097647936182906 -1.8212443152154696e-5 0.0), #(0.30623977832928295 8.236630958755787e-6 0.0), #(0.29893226430853587 4.507853756305938e-6 0.0), #(0.2917369421089985 -1.6746528772555095e-6 0.0), #(0.2780345003730248 -7.49157706895946e-7 0.0), #(0.2701757668119284 -3.211267710930111e-7 0.0), #(0.24553832011768925 2.1839165971331638e-5 0.0), #(0.24980383459266753 -2.2276917604249147e-5 0.0), #(0.21451232737354875 1.0009824850686986e-4 0.0), #(0.2013602796478131 -9.99234893809086e-5 0.0), #(0.14805778117258936 3.917944813990008e-6 0.0), #(0.1375859732103483 -3.147035805655335e-6 0.0), #(-0.08467297719927167 2.643762942614853e-6 0.0), #(0.04768687285911814 -3.0812934152816134e-6 0.0), #(-0.09492549415607408 5.46743446948883e-7 0.0), #(-0.09967741640007104 -4.689579336831189e-6 0.0), #(-0.15896029466142367 6.2101188053986e-6 0.0), #(-0.2233965468662814 5.634217786475489e-5 0.0), #(-0.2505287936586446 -6.353762372500422e-5 0.0), #(-0.0610076432724331 2.5844095653312806e-6 0.0), #(-0.08452911690091096 5.4342452583437015e-6 0.0), #(-0.04204577633966698 -5.558806173421931e-7 0.0), #(-0.15338473923976478 2.774439033035559e-6 0.0), #(-0.08076855700864052 1.5478321969173694e-6 0.0), #(-0.09076958261135694 2.690298756753963e-7 0.0), #(-0.06345557405749538 1.7912461475111148e-7 0.0), #(-0.1042164507801345 -2.7234332412683115e-6 0.0), #(-0.019503270277679938 4.545555469292767e-5 0.0), #(-0.11704609623327257 5.000065471784328e-6 0.0)
tevelocity:, 28, #(0.2776023945514394 -5.000423768424678e-7 0.0), #(0.30917270298916405 -1.819680063226672e-5 0.0), #(0.3055432217201273 8.131307996351016e-6 0.0), #(0.29816791958914046 4.477946882346179e-6 0.0), #(0.2905211037709814 -1.6745831429026558e-6 0.0), #(0.2765204791807249 -7.178431805111355e-7 0.0), #(0.2674518555583464 -4.7362257617961736e-7 0.0), #(0.24206361504830234 2.053442074405326e-5 0.0), #(0.24628830918872222 -2.092869918621123e-5 0.0), #(0.20985623048420576 9.018096467838952e-5 0.0), #(0.1941984020082767 -8.941014512550837e-5 0.0), #(0.13764108228230792 4.90421254430578e-6 0.0), #(0.1177224201764679 -3.995624970294094e-6 0.0), #(-0.1506602939049809 1.513761381378407e-7 0.0), #(0.028633207954836034 5.160788449314317e-7 0.0), #(-0.058830798859992844 -8.507600782585165e-7 0.0), #(-0.12207582956734742 -3.859003221407897e-6 0.0), #(-0.1765645950408476 3.7289004363822557e-6 0.0), #(-0.25689538914569426 6.35956548245861e-5 0.0), #(-0.23177899533474935 -7.031755819286935e-5 0.0), #(-0.04467860222658954 2.748675465968151e-6 0.0), #(-0.0881509529105423 2.221315657136254e-6 0.0), #(-0.04234347645220953 2.3997394648655184e-7 0.0), #(-0.14440679647997073 3.136923369281934e-6 0.0), #(-0.07298510364403575 5.581993502046355e-6 0.0), #(-0.08581338841291315 -2.185315382408376e-6 0.0), #(-0.09840577188996673 -2.5428024390785184e-6 0.0), #(-0.054933391792640986 -3.867861828333444e-6 0.0), #(-0.10833260630943489 1.655841217103834e-5 0.0), #(-0.018780767351290414 2.570481944531689e-5 0.0)
tevelocity:, 29, #(0.2765394046457196 -2.2080206736154726e-6 0.0), #(0.3085355660809274 -1.894018918370702e-5 0.0), #(0.3047832073810164 8.585912375906044e-6 0.0), #(0.29730760592504474 2.6816561558831195e-6 0.0), #(0.28915109324616545 -3.099440455096779e-6 0.0), #(0.2747629944242541 4.851714707814585e-7 0.0), #(0.2643552828164642 8.54615788942809e-6 0.0), #(0.2379996691335011 1.351449154666178e-5 0.0), #(0.24220506385722196 -2.3042151429480487e-5 0.0), #(0.2044316474271621 1.4776875921326043e-4 0.0), #(0.18564391253040155 -1.8289064665023106e-4 0.0), #(0.12593749997653628 9.431576974395295e-6 0.0), #(0.08256552708665493 1.781220824084677e-5 0.0), #(-0.17128667027939842 6.546176822748409e-6 0.0), #(0.007992352058319711 -7.574735230754054e-6 0.0), #(-0.05212180569751403 -3.3442880305500686e-6 0.0), #(-0.14752191830461908 4.714069140749105e-5 0.0), #(-0.19671315362726233 -1.1465368597831933e-7 0.0), #(-0.2588580949990178 -2.052509240375793e-5 0.0), #(-0.23317793676693666 5.928301953461598e-5 0.0), #(-0.02946413284758588 -1.0679099687973065e-4 0.0), #(-0.09255440951405033 -6.384041546643632e-6 0.0), #(-0.04249715947403909 -3.721149953703254e-5 0.0), #(-0.1337288079375577 1.319910466956844e-5 0.0), #(-0.07900786326610464 8.223122284563122e-6 0.0), #(-0.06789929441860745 1.2711020304684558e-5 0.0), #(-0.08518663607658863 9.466497242758346e-7 0.0), #(-0.05331849940475242 5.4403564814171955e-6 0.0), #(-0.08946677533185012 3.66671547364292e-4 0.0), #(-0.03870204542480398 -3.3063627094353555e-4 0.0)
tevelocity:, 30, #(0.2752630609193798 -1.00654539901514e-6 0.0), #(0.3078578859145939 -1.9720287790591557e-5 0.0), #(0.30396300807529586 1.038979966026128e-5 0.0), #(0.2963453898806921 3.899971340027857e-6 0.0), #(0.2876277714245765 -1.6089931936494017e-6 0.0), #(0.27275022040998465 5.449663281348253e-7 0.0), #(0.2607777352950782 4.7201158348175155e-7 0.0), #(0.23326487946054983 1.715587129925266e-5 0.0), #(0.23739528949113314 -1.621740800497888e-5 0.0), #(0.19810995971462148 1.4625309008926441e-4 0.0), #(0.17513636561463017 -1.5460113317498897e-4 0.0), #(0.11255807653186847 6.758345922351955e-6 0.0), #(-0.010576843917298706 -8.669088452384657e-7 0.0), #(-0.11407054111164068 3.2573979036596155e-6 0.0), #(-0.014261933170097304 2.1459593825187184e-6 0.0), #(-0.06456746260114869 -3.0152431166547667e-6 0.0), #(-0.2670435225247864 -2.2366305178518587e-5 0.0), #(-0.217337087116746 2.318386073518094e-5 0.0), #(-0.20685680440165335 -3.674368978373673e-5 0.0), #(-0.18607964508126468 3.522533278506599e-5 0.0), #(-0.016094701999840897 -5.012441502515283e-6 0.0), #(-0.09675327501795848 4.5450224177561345e-6 0.0), #(-0.04251432455569427 7.463493516567004e-7 0.0), #(-0.1222566240138543 3.4802363742865214e-6 0.0), #(-0.07068654451702283 2.3332484768246912e-6 0.0), #(-0.06529967930652397 3.874381428920154e-6 0.0), #(-0.06728171082539627 -2.2303339618974283e-6 0.0), #(-0.0582176966564059 -4.113486651249788e-6 0.0), #(-0.06401887245251386 -8.885269268355799e-6 0.0), #(-0.06624489028821172 2.232518054399596e-5 0.0)
tevelocity:, 31, #(0.2737578855096529 -8.462888108913706e-7 0.0), #(0.30714397984248026 -1.9693599352765175e-5 0.0), #(0.3030983331860868 9.693429339686375e-6 0.0), #(0.29528021269267746 3.855244335304099e-6 0.0), #(0.2858976306730232 -1.4235388551067876e-6 0.0), #(0.27037171594527437 7.382811880758891e-7 0.0), #(0.2565981071235967 -4.469192516729763e-7 0.0), #(0.2274507145026681 1.7149341253185924e-5 0.0), #(0.2317299366073052 -1.6833305291959918e-5 0.0), #(0.19072000643751402 1.3191617390744982e-4 0.0), #(0.16087526124539556 -1.3072290776787766e-4 0.0), #(-0.1543058860735837 1.2591489570886703e-6 0.0), #(0.0974906579351022 -2.6764572463480486e-6 0.0), #(0.004656421558838688 8.372285957553694e-7 0.0), #(-0.04093978369767463 2.4492518671349137e-6 0.0), #(-0.09063784587572232 -5.456435445439046e-6 0.0), #(-0.2658217705294892 -1.6268192339558974e-5 0.0), #(-0.24786923166853364 5.394761675359977e-6 0.0), #(-0.21755156420341892 3.0600709510674678e-6 0.0), #(-0.17055968764989587 4.85006263659044e-6 0.0), #(-0.0043390723768567735 -1.7968185856372996e-6 0.0), #(-0.10095715509016269 5.008615109558535e-6 0.0), #(-0.04221447764187199 1.0584263743820939e-6 0.0), #(-0.1098451335243793 4.268866776059926e-6 0.0), #(-0.061572318797169436 1.8644796284193073e-6 0.0), #(-0.06360787826313251 2.1172180960916966e-6 0.0), #(-0.04854049085030873 -6.649080669321944e-7 0.0), #(-0.0658392214591141 -2.558919016040438e-6 0.0), #(-0.03587300098290892 3.511815618609581e-7 0.0), #(-0.08676155105821458 2.610137515833184e-6 0.0)
tevelocity:, 32, #(0.27187392176239056 -1.0313217924778719e-6 0.0), #(0.30636361100658094 -1.8239568931489223e-5 0.0), #(0.3021469473091204 9.289754812961089e-6 0.0), #(0.2940827132175565 4.042426302604646e-6 0.0), #(0.2839220327008397 -1.916600621900322e-6 0.0), #(0.2675683054251286 -3.515103983669978e-7 0.0), #(0.2516998637250115 -1.48589151854437e-6 0.0), #(0.22021853915400708 1.5758913374786314e-5 0.0), #(0.2250587240499364 -1.556220351049323e-5 0.0), #(0.18193567139254757 1.1728344448816545e-4 0.0), #(0.13425844420047392 -1.1403053216627173e-4 0.0), #(-0.19480093908138638 -2.0458581030193267e-6 0.0), #(0.08012782976015233 2.1455283897484685e-7 0.0), #(0.03456546042292455 -3.196161852322246e-7 0.0), #(-0.2746999702760102 -3.123212872678679e-5 0.0), #(-0.12200397252955843 1.4414114415104005e-5 0.0), #(-0.2062427625151157 6.292796911166914e-6 0.0), #(-0.14410654078244084 -1.2308414758743279e-6 0.0), #(-0.1893004463880334 4.731592061216817e-6 0.0), #(-0.1686413714194613 1.5361434340258542e-6 0.0), #(0.005207596460949058 -1.7914372088072501e-6 0.0), #(-0.10437922956086525 4.450066262163837e-6 0.0), #(-0.04130291067046005 1.1583577668513656e-6 0.0), #(-0.09698771675949261 4.4006644408425325e-6 0.0), #(-0.05244018979882275 1.5315285752615315e-6 0.0), #(-0.06074878863133608 1.4476907311510879e-6 0.0), #(-0.03307991502253469 1.224375757413896e-6 0.0), #(-0.07086981764334922 -9.859275852032212e-7 0.0), #(-0.011224454905458899 -4.2460140348360405e-6 0.0), #(-0.09212000209168374 -8.334536857759127e-7 0.0)
tevelocity:, 33, #(0.2694401422786592 -6.931114416046628e-7 0.0), #(0.30554938236466567 -1.914388713046588e-5 0.0), #(0.3011301746928371 8.71633929832064e-6 0.0), #(0.2927355387737167 3.975575278265892e-6 0.0), #(0.28163278350453874 -1.18046798361932e-6 0.0), #(0.26414300874386804 1.0277847446174848e-6 0.0), #(0.24577536562239957 -9.028921641885821e-7 0.0), #(0.21030772627265348 1.5093994652676916e-5 0.0), #(0.21712093769008894 -1.4534703938923206e-5 0.0), #(0.17148208296316297 1.0867575262355563e-4 0.0), #(0.026188613917340613 -9.4039910591535e-5 0.0), #(-0.11367823893302773 -1.3799006488309174e-5 0.0), #(0.05868605179344606 2.801461688841762e-7 0.0), #(0.02209305715297281 -1.0370732620667591e-7 0.0), #(-0.2760615137016562 -2.4211105574486354e-5 0.0), #(-0.25684504986504547 9.816248604053343e-6 0.0), #(-0.23234882875358193 8.644136590481454e-6 0.0), #(-0.12752187468213314 2.2263462278488827e-6 0.0), #(-0.12630686958622317 -2.2438168772178333e-6 0.0), #(-0.14349078413903177 8.900626559471978e-7 0.0), #(0.012523392838001121 -2.4863970481301122e-6 0.0), #(-0.10623664895194711 4.076407015958135e-6 0.0), #(-0.03986463544105185 1.3014850167695587e-6 0.0), #(-0.0841700519796545 4.6252293049252105e-6 0.0), #(-0.044197056844006516 1.1223032618016243e-6 0.0), #(-0.05555892253843778 8.590065627511364e-7 0.0), #(-0.024065507258796033 -2.0570932191830934e-5 0.0), #(-0.06953101818428988 2.374262776261269e-5 0.0), #(-0.08422021445390311 -3.7384620099615446e-6 0.0), #(0.004211934911399422 -6.085605767062401e-6 0.0)
tevelocity:, 34, #(0.2661498926092809 -1.0945069907905318e-6 0.0), #(0.30463809736041725 -1.8570603658653456e-5 0.0), #(0.2999488121197546 8.027387621034359e-6 0.0), #(0.291139601689962 3.844235585344272e-6 0.0), #(0.2788449798726912 -1.7621162792044637e-6 0.0), #(0.2597292293677916 4.9797523230157987e-8 0.0), #(0.23846640515262657 -1.1411537657800677e-6 0.0), #(0.19289563035650348 1.2464603317091577e-5 0.0), #(0.20775962914306223 -1.1964378437830697e-5 0.0), #(0.15898710693527024 1.2380012291362288e-4 0.0), #(-0.17444793738088876 -7.138591721887348e-5 0.0), #(0.07494787467986319 -5.24831974072561e-5 0.0), #(0.005809522959391885 5.425205750168476e-6 0.0), #(-0.27721897875314705 -3.704836958435844e-5 0.0), #(-0.2382497209807414 6.0773238355468584e-5 0.0), #(-0.022940894804390575 -4.020826356811826e-5 0.0), #(-0.21553958282223268 8.89824020788295e-6 0.0), #(-0.17530006013928315 -1.6648885721290423e-6 0.0), #(-0.14008362778852546 1.0364538149412534e-6 0.0), #(-0.11064170283622313 7.798863614846003e-7 0.0), #(0.01754877649469667 -1.9269780763249947e-6 0.0), #(-0.10569269325703125 9.009145718203545e-7 0.0), #(-0.03772144368614495 1.4702843313462346e-6 0.0), #(-0.07149962976361603 4.167595126962774e-6 0.0), #(-0.04813293972981946 3.532772267575056e-7 0.0), #(-0.03772081126055274 7.524558726669536e-7 0.0), #(-0.06119286529538919 6.52318228972307e-7 0.0), #(-0.02259506302391561 4.294945680315834e-6 0.0), #(-0.0651578279614179 -2.889245858803703e-6 0.0), #(0.0038253704472390607 -8.210163549871458e-6 0.0)
tevelocity:, 35, #(0.2614739643598468 -8.051328730110881e-6 0.0), #(0.3036857182612649 -1.8629886071024025e-5 0.0), #(0.29867921416544946 1.0362740633361432e-5 0.0), #(0.2892574742700423 4.14774625798235e-6 0.0), #(0.2754689496259823 -2.1584472047220567e-6 0.0), #(0.2533280089822815 5.895383176458461e-7 0.0), #(0.22914844952816782 -1.8838247889417888e-6 0.0), #(0.1313618923760914 3.2932305445992266e-5 0.0), #(0.19668078042507997 -5.403818183965779e-6 0.0), #(-0.16244020615033752 2.918338281884276e-5 0.0), #(0.14379224877321278 -1.403175160544469e-5 0.0), #(0.09312325136391546 -2.3391726069717042e-5 0.0), #(-0.2814901552175269 -2.7155764137443737e-5 0.0), #(-0.26203476118234076 1.148481598171303e-5 0.0), #(-0.2302421760394231 1.188761391628425e-5 0.0), #(-0.030886705107533503 2.6355351370208697e-5 0.0), #(-0.03667753780960081 4.164273825075011e-7 0.0), #(-0.16967802512121347 -6.216770863992123e-6 0.0), #(-0.1440291432005531 2.223779684449791e-6 0.0), #(-0.10019350727533591 1.8263724862484858e-4 0.0), #(0.020473008352345196 -2.165400609091655e-4 0.0), #(-0.10222814687817346 1.3234713917635994e-6 0.0), #(-0.03481979286527378 -1.3079902779054683e-6 0.0), #(-0.059614569785401285 6.248827276436012e-6 0.0), #(-0.03930323690116117 5.457323365044507e-7 0.0), #(-0.03350112011921253 -3.1603350905754697e-7 0.0), #(-0.04664292631721174 1.4871093090657993e-6 0.0), #(-0.027628931364678994 6.533327223501181e-6 0.0), #(-0.038814329616107174 -2.8954951678122686e-6 0.0), #(-0.014451743559976391 -3.646023183456725e-6 0.0)
tevelocity:, 36, #(0.2544885833854117 -2.2672453538270444e-6 0.0), #(0.30262753957115135 -1.942486652631227e-5 0.0), #(0.2971958754300822 9.258760930347442e-6 0.0), #(0.2867833887534703 4.522412937377479e-6 0.0), #(0.2709030106367666 1.3550640639509657e-6 0.0), #(0.2402812724474879 5.666770786811018e-7 0.0), #(0.21637835158561336 -1.1452152367950803e-5 0.0), #(-0.1259637203615514 2.2724775548513706e-5 0.0), #(0.08209517008106545 1.2359074660236826e-5 0.0), #(0.18269953729084468 -2.7767566639123095e-5 0.0), #(-0.2313808564398913 -1.0299215255042341e-5 0.0), #(0.0073044209403724785 -1.406751908374041e-4 0.0), #(0.08613206353074623 1.4012131399885973e-4 0.0), #(-0.23367821848967968 7.129369983101745e-6 0.0), #(-0.22511273377813068 6.765873166999902e-6 0.0), #(-0.18160253181353186 1.241480802403811e-5 0.0), #(-0.05579911791159941 1.1491664486926045e-5 0.0), #(-0.10056156061690301 -2.0328616701886097e-5 0.0), #(-0.09432319403452913 4.0104198725537095e-6 0.0), #(-0.089534630969295 -1.4938913033470508e-5 0.0), #(0.02112223096937912 -8.088247562724604e-6 0.0), #(-0.0950246249410445 8.756314541453832e-6 0.0), #(-0.030976613112449435 1.9387164357911323e-5 0.0), #(-0.04826890434308726 1.3733369934643217e-5 0.0), #(-0.0300784067122173 3.91987731527198e-6 0.0), #(-0.031174869123116834 8.831746927568946e-6 0.0), #(-0.028279587430929353 -7.826023462952371e-7 0.0), #(-0.034697046652505406 9.565211090368567e-6 0.0), #(-0.010953241700351639 4.7712428804328957e-4 0.0), #(-0.04314786079410028 3.056917364375919e-4 0.0)
tevelocity:, 37, #(0.24322478819441792 -7.760714059575337e-7 0.0), #(0.30143476451511964 -1.9345075346223545e-5 0.0), #(0.29541820447440925 8.46550245812466e-6 0.0), #(0.28289899782950984 3.385296338172455e-6 0.0), #(0.2643322419749086 -2.0152205682809137e-6 0.0), #(0.17251899419311933 1.1617711947144043e-6 0.0), #(0.19818962454349215 1.799296583597782e-4 0.0), #(-0.13924403065558907 -1.8401214929010157e-4 0.0), #(0.13423658364287938 1.6318961943911505e-5 0.0), #(0.1629186741581633 -1.672636261071892e-5 0.0), #(-0.28360252120037066 -2.5232485202942333e-5 0.0), #(-0.2708318525695232 1.027607639697554e-5 0.0), #(-0.18409308336723365 1.2572265149474704e-5 0.0), #(-0.007434870369498679 -3.248912073495538e-5 0.0), #(0.06472554910429806 3.637300140459609e-5 0.0), #(-0.17757048090266972 -3.2955174075772506e-6 0.0), #(-0.14869382806831866 3.1971044475444517e-7 0.0), #(-0.0704154823462637 5.077914748190668e-7 0.0), #(-0.05491330738368005 3.195715144128979e-6 0.0), #(-0.0657836412484843 -1.7861621753861706e-7 0.0), #(-0.08373871589990578 3.2225104801863224e-7 0.0), #(0.019511480776125096 -3.2524117965266203e-6 0.0), #(-0.026261128421789612 1.5001840504039708e-6 0.0), #(-0.03743222551004684 4.048058926039573e-6 0.0), #(-0.021286656058655387 -9.563373373517079e-7 0.0), #(-0.028953932927373357 -9.082627056459169e-8 0.0), #(-0.009698954071679268 5.216715963910838e-7 0.0), #(-0.03849312527248565 1.8237167808113863e-6 0.0), #(0.010914989140243473 -4.6547965651755374e-6 0.0), #(-0.06436958516051206 -1.2240931068266103e-5 0.0)
tevelocity:, 38, #(0.22362006656329633 -7.898702692844518e-7 0.0), #(0.30000428026838516 -1.7569979872659708e-5 0.0), #(0.29314440513865725 8.420535141931726e-6 0.0), #(0.2713746017712595 2.696598588304131e-6 0.0), #(0.25311200062580574 9.839479791046593e-8 0.0), #(-0.14030342065000895 -1.9037617250073735e-6 0.0), #(0.17214027564854642 8.640453738966e-6 0.0), #(0.16725640836931893 -8.942812973863058e-6 0.0), #(-0.2536010257316363 -2.0758921402201153e-5 0.0), #(-0.22253633102528017 3.411956937765118e-5 0.0), #(0.04198950473509212 -2.9812430497669104e-5 0.0), #(0.09518418759645769 7.408310320492848e-6 0.0), #(-0.19913368180376995 8.068780421346189e-6 0.0), #(-0.21023561057736742 -3.12756540174691e-6 0.0), #(-0.028922715891043983 -1.0372203722281282e-6 0.0), #(0.07008136620465222 1.962558099338377e-6 0.0), #(-0.09470992532798908 1.3949974172560503e-6 0.0), #(-0.09930095704979441 6.285470448825896e-7 0.0), #(-0.05566830397301002 2.6303838605148056e-6 0.0), #(-0.04109390951996224 -3.3925372290800505e-7 0.0), #(-0.06818584327712995 2.975198224882576e-6 0.0), #(0.01643489709999539 -4.968208637838738e-6 0.0), #(-0.02054144358648352 1.8329405597139165e-6 0.0), #(-0.027375394376825866 5.1069370008880765e-6 0.0), #(-0.013684924653583647 4.396915767724911e-7 0.0), #(-0.02508819037891926 -5.162871087743676e-7 0.0), #(0.004835565151388471 1.981654603972278e-7 0.0), #(-0.036374957222155974 1.5778800899292666e-6 0.0), #(0.024660528143290093 -1.0800026265150776e-4 0.0), #(-0.0695530977535562 1.1480786592552147e-4 0.0)
tevelocity:, 39, #(0.18651288386256995 -1.0852984690949516e-6 0.0), #(0.29708621048791883 -1.842560093801246e-5 0.0), #(0.28952527846155274 6.532630837656323e-6 0.0), #(0.0031483280477697315 1.4142078119927754e-6 0.0), #(0.10694990866283757 3.056235838765796e-6 0.0), #(0.22750054137039555 -4.1198092175100805e-6 0.0), #(0.1590854989878103 5.857740457987146e-6 0.0), #(0.067077307236968 2.0247811931944364e-5 0.0), #(-0.26182398986960614 -4.876245350310435e-5 0.0), #(-0.20629971840856026 -5.052238688677383e-6 0.0), #(-0.18451895910337707 1.9549636904443216e-5 0.0), #(0.015421335150184796 1.0522912812810683e-5 0.0), #(-0.027747544252460166 -4.198689869142019e-6 0.0), #(-0.04726572805769537 -5.25184736516724e-6 0.0), #(-0.10994578082087983 -5.03400384440029e-7 0.0), #(-0.042912350869494104 -1.0919797635036139e-5 0.0), #(-0.0025566136746489236 1.2963448391134948e-5 0.0), #(-0.027563366444491085 4.7066961767309066e-7 0.0), #(-0.05183082525249425 1.8096253717041552e-6 0.0), #(-0.025747557497274105 4.3691659115769386e-7 0.0), #(-0.04845080725240817 2.864341066491394e-6 0.0), #(0.011992527042058155 -5.394286008172496e-6 0.0), #(-0.014211650316025134 1.9813154060077095e-6 0.0), #(-0.01794803640708857 5.1563609495962815e-6 0.0), #(-0.018650253941366615 -3.389916896145406e-7 0.0), #(-0.007700619863903308 1.0192293842801331e-7 0.0), #(-0.028139171864084923 1.4609940480816092e-6 0.0), #(0.011888563507866635 -5.997852764998058e-7 0.0), #(-0.059152366757548785 1.4671499772946034e-6 0.0), #(0.028178854254477453 8.208409003881172e-6 0.0)
tevelocity:, 40, #(0.11488493535971067 -8.071848116141962e-7 0.0), #(-0.07418947099789323 6.081735408283914e-8 0.0), #(0.2699904096803931 -2.1532581729983317e-5 0.0), #(0.2805284119273472 1.2543687611973541e-5 0.0), #(0.25496554995238 2.750105343754328e-6 0.0), #(0.10319770726373208 -1.1993622379633004e-5 0.0), #(-0.286461936783707 -1.144077696262416e-5 0.0), #(-0.1806511160795168 7.600991806355176e-6 0.0), #(-0.08590190034385325 7.937541905923975e-6 0.0), #(0.04630274931988953 9.754535306103484e-6 0.0), #(-0.0013341764650752408 -7.156653058037381e-6 0.0), #(-0.1496276201072664 -2.277559712588132e-6 0.0), #(-0.03652362539059903 6.88939695108925e-7 0.0), #(0.11531619415815245 6.3984103846054905e-6 0.0), #(-0.048733368080235116 -4.9105085392641315e-6 0.0), #(-0.11861557054939502 3.874856820485367e-7 0.0), #(0.004290221580097811 -1.7364975902397478e-6 0.0), #(0.02123162124723274 1.314520923697404e-6 0.0), #(-0.03216635288544674 2.548648214256482e-6 0.0), #(-0.013298903939684116 1.0701228388610435e-6 0.0), #(-0.02522861547096075 3.89799422265597e-6 0.0), #(0.006391123194870898 -5.588993341346123e-6 0.0), #(-0.0074087399786373605 1.1876443055951418e-6 0.0), #(-0.00878208333013829 5.812651046421467e-6 0.0), #(-0.009954666088022639 -5.332333306294112e-7 0.0), #(-0.0033244819232193276 1.8735315640892724e-7 0.0), #(-0.015290077983355596 1.1945769614189602e-6 0.0), #(0.009622342527334703 -5.242451738313856e-7 0.0), #(-0.03434864731065258 2.4007276675004718e-6 0.0), #(0.018630257693469394 8.580731769867714e-6 0.0)
tevelocity:, 41, #(6.856637097057869e-5 -2.2237593993262988e-7 0.0), #(-9.08204820075021e-5 -1.1787892820775852e-6 0.0), #(0.02932148337615831 -4.028597904305958e-5 0.0), #(-0.029286469746249107 -2.2066599048837487e-5 0.0), #(0.002665419009000331 3.316013787650574e-5 0.0), #(-0.0023359043677655244 9.050787637709448e-6 0.0), #(0.0018771755323470224 3.1093779819848773e-7 0.0), #(1.1757533614801998e-4 -9.244164677503831e-7 0.0), #(-0.002505755457608452 6.020792284845994e-6 0.0), #(7.151729704631524e-4 -4.552912925177126e-7 0.0), #(0.001010165074727051 7.032378829844757e-6 0.0), #(-0.0010717283498184373 -6.192593719638822e-6 0.0), #(-2.3924982118095136e-4 -1.627836448544101e-6 0.0), #(-9.858823937015123e-6 1.596349466596246e-6 0.0), #(7.969271192706096e-4 5.170960789253012e-6 0.0), #(-6.171057276430763e-4 -2.7515831298249374e-6 0.0), #(6.168615110662113e-5 -1.7863321720078789e-6 0.0), #(8.064188222907896e-5 -1.5117051382641579e-6 0.0), #(-1.1422393909170026e-5 4.1856877036958185e-6 0.0), #(1.2131177422927279e-4 1.3305479156383931e-6 0.0), #(-1.670853635531433e-4 1.2349467925712923e-6 0.0), #(2.2215950681644898e-4 -5.584055253419503e-6 0.0), #(-1.111154098901492e-4 2.1916320665150756e-6 0.0), #(1.505369010844356e-4 4.236496579293859e-6 0.0), #(-4.3553174078487696e-5 -6.516898091961599e-7 0.0), #(-3.37178341149603e-5 1.6220103746750545e-7 0.0), #(-2.8025370639662567e-5 1.0743693172011538e-6 0.0), #(9.811860924181163e-5 -2.568485931307899e-7 0.0), #(-6.410843377479671e-4 2.1068754184472415e-6 0.0), #(5.271342374381251e-4 8.68235032523466e-6 0.0)
