tevelocity:, 1, #(0.2900217085013911 -2.0000554460680655e-6 0.0), #(0.3290819532441686 -2.4316202644665333e-5 0.0), #(0.3265909024609303 6.600489584927977e-6 0.0), #(0.3131203958887178 1.8611315877210593e-5 0.0), #(0.30988028592417954 -2.8856339281243887e-6 0.0), #(0.2898819785117315 -9.299015835338932e-7 0.0), #(0.29589037990577344 4.8629774755458335e-6 0.0), #(0.267230910988654 5.740764936683657e-6 0.0), #(0.26601509733167905 5.415306948328206e-7 0.0), #(0.23076597968646798 -2.2877185942970599e-4 0.0), #(0.24884942201166224 2.0368648529680005e-4 0.0), #(0.21002000003556898 9.811950102992988e-5 0.0), #(0.22018072785083959 -8.545097063625947e-5 0.0), #(0.19420234118635135 1.0254717385482132e-4 0.0), #(0.17830795246992964 -1.065827834616272e-4 0.0), #(0.16268321809084488 4.5028909895652574e-5 0.0), #(0.1501391111375275 -3.3897597347267724e-5 0.0), #(0.13010560774926505 1.907730030437407e-4 0.0), #(0.12154824500802801 -1.265218666262334e-4 0.0), #(0.08987041787182708 -2.1101735413146783e-4 0.0), #(0.0854983012372432 1.1553337571693228e-4 0.0), #(0.07701475655616821 6.338177402216354e-6 0.0), #(-0.25828288146903927 2.008150348069383e-6 0.0), #(0.012524236115590528 -1.9522335194639753e-6 0.0), #(0.05228098710015971 -3.954900401561677e-5 0.0), #(-0.08051551427461108 1.3404815589984777e-5 0.0), #(-0.1756331537287428 -2.1081398826093658e-5 0.0), #(-0.1985825282456133 5.520533533589233e-5 0.0), #(-0.20451021107302256 -1.7633589854550372e-4 0.0), #(-0.211064449861876 2.842519952726622e-4 0.0)
tevelocity:, 2, #(0.2886750104797383 -1.0890052272599174e-6 0.0), #(0.32926316957067464 -2.3111257085820934e-5 0.0), #(0.32632485186140486 8.886098274879043e-6 0.0), #(0.3134741794741105 1.6753374572354708e-5 0.0), #(0.30976358295729733 -8.276081581327481e-7 0.0), #(0.29041549755980756 -1.4625313196801327e-6 0.0), #(0.29566005296306636 2.582338834301445e-6 0.0), #(0.2677850885207671 4.481753276420282e-7 0.0), #(0.2664811790959334 4.017826541961246e-6 0.0), #(0.23163427201541034 -1.6123570594090458e-4 0.0), #(0.24903995642487853 1.5536704561776985e-4 0.0), #(0.21043565539147846 8.858392364709773e-5 0.0), #(0.22075368008751395 -8.919560680688567e-5 0.0), #(0.19383510230419257 1.405541884559864e-4 0.0), #(0.17826457758561762 -1.402423637369973e-4 0.0), #(0.16146775770496832 4.460728587708248e-5 0.0), #(0.14896703518959742 -4.479172848227667e-5 0.0), #(0.12681324288879434 1.0458889570804237e-4 0.0), #(0.1182199999244427 -1.0725180952854506e-4 0.0), #(0.08320648269455665 -6.032121819042901e-5 0.0), #(0.0796810172548851 7.623752133986164e-5 0.0), #(0.06849562844304533 -5.9238778690003806e-6 0.0), #(-0.25426284205923877 -3.5979772225679236e-7 0.0), #(2.6782535936191205e-4 1.0914463179481571e-5 0.0), #(0.038100993575543106 -4.914616795099643e-5 0.0), #(-0.10588059467027787 2.251658308901244e-5 0.0), #(-0.166464197357789 -9.348856105557755e-6 0.0), #(-0.2011889982842837 1.0155214712711081e-5 0.0), #(-0.20382346295689951 -1.0159233564896216e-4 0.0), #(-0.2046468953195599 8.899318380264598e-5 0.0)
tevelocity:, 3, #(0.2875194524282471 -1.2168406792021093e-6 0.0), #(0.3293107818818495 -2.2617128187409215e-5 0.0), #(0.32604714302907883 8.210102607958567e-6 0.0), #(0.31375799518574904 1.7494358428727734e-5 0.0), #(0.3096182856487231 -1.2540932579710438e-6 0.0), #(0.2908721673718641 -1.192436787961052e-6 0.0), #(0.29537761498032367 2.4669449996286894e-6 0.0), #(0.26825062472465944 -1.9843337816562644e-6 0.0), #(0.26683267603537253 3.3530330937979842e-6 0.0), #(0.23238898942985037 -1.1270742014826402e-4 0.0), #(0.24912958958624384 1.0987795663537896e-4 0.0), #(0.21070802319206106 8.151710431432912e-5 0.0), #(0.22118071386184474 -8.138520199737454e-5 0.0), #(0.19323172465888422 2.1467614986825994e-4 0.0), #(0.17802270536468845 -2.1467505236106e-4 0.0), #(0.15987410960261889 5.0165527856093645e-5 0.0), #(0.14743843527571396 -5.067399103616005e-5 0.0), #(0.12292211496267205 1.0778743142986359e-4 0.0), #(0.11430678047713241 -1.104301948171799e-4 0.0), #(0.07565076022614216 4.0833747865224366e-5 0.0), #(0.07310757076406958 -2.671366913977618e-5 0.0), #(0.05843467846696337 -6.805231156825805e-6 0.0), #(-0.24885241163404473 -3.398544155274479e-7 0.0), #(-0.013115904335533515 8.98554071708447e-6 0.0), #(0.01746396535796921 -4.19132890121613e-5 0.0), #(-0.12519967680755775 1.6074464765487213e-5 0.0), #(-0.1537711762912789 -2.0208322576762387e-6 0.0), #(-0.2003236392675956 9.553095046262026e-6 0.0), #(-0.20548314704737658 -8.324632698038817e-5 0.0), #(-0.19319881155882482 6.165039231509849e-5 0.0)
tevelocity:, 4, #(0.2865071841248642 -1.210215984354837e-6 0.0), #(0.3292522634826143 -2.2438472266151683e-5 0.0), #(0.32574965888507623 7.470710041669639e-6 0.0), #(0.3139729224074315 1.8151658091650198e-5 0.0), #(0.3094419722469066 -1.4217545995947895e-6 0.0), #(0.2912526605224268 -9.441262419189155e-7 0.0), #(0.2950393257908669 2.1738536837827206e-6 0.0), #(0.2686267658487624 -1.9867198260831707e-6 0.0), #(0.26709226835642824 3.0080510900163264e-6 0.0), #(0.2330337844619436 -7.771649362585898e-5 0.0), #(0.24907040074986073 7.604612670865668e-5 0.0), #(0.21081458857128363 7.433351921214213e-5 0.0), #(0.22143918078746716 -7.467418913711745e-5 0.0), #(0.19239010697223835 4.396846929896182e-4 0.0), #(0.17757559163682132 -4.3972830816712134e-4 0.0), #(0.1579412309344344 5.816678670491214e-5 0.0), #(0.14554288041170055 -5.858290601146272e-5 0.0), #(0.11835720838362464 1.1029094295779391e-4 0.0), #(0.10981615011757877 -1.129208889635305e-4 0.0), #(0.06709640071122634 9.97921181839584e-5 0.0), #(0.06583687014124466 -8.424650384006855e-5 0.0), #(0.045828424314101016 -7.4676517779062545e-6 0.0), #(-0.24116619757725813 -2.719113372072017e-7 0.0), #(-0.02761067974056957 9.077718392447543e-6 0.0), #(-0.01714543199078476 -2.835523445688298e-5 0.0), #(-0.13749315020501435 3.821360215274625e-6 0.0), #(-0.13359535080427049 7.080841430139768e-6 0.0), #(-0.19286197752588902 6.173606366456139e-6 0.0), #(-0.20830267746072303 -6.1029473769677855e-5 0.0), #(-0.17867890802827052 3.059233392526038e-5 0.0)
tevelocity:, 5, #(0.2856089124017111 -1.1968428528841272e-6 0.0), #(0.3291100162398351 -2.2340107303426977e-5 0.0), #(0.32543095280204576 6.809854368378685e-6 0.0), #(0.3141211740754943 1.8787845170692324e-5 0.0), #(0.3092335360982768 -1.611300475505927e-6 0.0), #(0.2915575673532928 -7.07087968067383e-7 0.0), #(0.2946438203630128 1.916330031248798e-6 0.0), #(0.2689109460644741 -1.7258038536397023e-6 0.0), #(0.2672586875201933 2.7474492636295393e-6 0.0), #(0.23356585270995087 -5.248689457932291e-5 0.0), #(0.24886780461257152 5.1064540467088094e-5 0.0), #(0.21074927666302926 6.815517442604305e-5 0.0), #(0.22152498114648178 -6.847022603042775e-5 0.0), #(0.17709764722136734 0.053195641353978536 0.0), #(0.19108420118990135 -0.05319566404269898 0.0), #(0.15561932059720976 6.827103625386651e-5 0.0), #(0.1432286645882718 -6.872598306683684e-5 0.0), #(0.11303822696163601 1.1279383601210032e-4 0.0), #(0.10468375529509102 -1.154921967757296e-4 0.0), #(0.05749866345821891 1.3187952718947727e-4 0.0), #(0.057894083449274505 -1.2032025006242847e-4 0.0), #(0.029590145243525844 -6.198983334904736e-6 0.0), #(-0.22992773079100937 -2.65574685981011e-7 0.0), #(-0.042995651943009555 9.282359047843428e-6 0.0), #(-0.07516007493962641 2.3636176008418705e-5 0.0), #(-0.14402998893885827 -3.707705704696825e-5 0.0), #(-0.13049404671703613 2.4309692622372193e-5 0.0), #(-0.1438915006293345 -1.8865121836033256e-5 0.0), #(-0.21003254576325958 -3.948446514686624e-5 0.0), #(-0.1631456620682991 9.465392666269464e-6 0.0)
tevelocity:, 6, #(0.2848036888079382 -1.1716901196344025e-6 0.0), #(0.3289002087420104 -2.2300734960881617e-5 0.0), #(0.325090403763771 6.2271953247154056e-6 0.0), #(0.31420527128071957 1.9405255107729376e-5 0.0), #(0.30899192076943305 -1.7898681605815295e-6 0.0), #(0.2917875098320415 -4.859655510573226e-7 0.0), #(0.29419111072501297 1.6720799725573621e-6 0.0), #(0.2691029050473693 -1.4436073131833127e-6 0.0), #(0.26733035911456565 2.528002007278055e-6 0.0), #(0.23398092218155264 -3.444786301971209e-5 0.0), #(0.24851801867514398 3.324822130338394e-5 0.0), #(0.2105033100248111 6.261139537645979e-5 0.0), #(0.22142855737843484 -6.297637526501164e-5 0.0), #(0.1759647022624457 4.493058570250931e-4 0.0), #(0.1899002605812797 -4.4931373897992474e-4 0.0), #(0.1528729474105223 8.198527567627465e-5 0.0), #(0.14044911945008268 -8.2411577962595e-5 0.0), #(0.10686948631792868 1.1518133115224821e-4 0.0), #(0.09884946605933122 -1.1789977083823622e-4 0.0), #(0.04678851013390315 1.4696462278648235e-4 0.0), #(0.04916192728211983 -1.357196875136187e-4 0.0), #(0.007878409672084537 -7.2929614754180815e-6 0.0), #(-0.21312539318527077 -5.266874413265016e-7 0.0), #(-0.05876047306417695 8.68259952304879e-6 0.0), #(-0.14638261178949397 6.916538267168441e-5 0.0), #(-0.11212463117063455 -7.29590177580114e-5 0.0), #(-0.18202401137244487 4.0855064847659646e-5 0.0), #(-0.0591370318087364 -4.521028943152419e-5 0.0), #(-0.20948095351054097 -2.2181717946172947e-5 0.0), #(-0.14814860891621948 5.9163300658724555e-6 0.0)
tevelocity:, 7, #(0.2840753894664057 -1.1402357630936032e-6 0.0), #(0.3286343379431469 -2.231031720902825e-5 0.0), #(0.32472738909230814 5.712399644554214e-6 0.0), #(0.31422754459126234 2.0004009260891387e-5 0.0), #(0.3087159575824002 -1.96181783956831e-6 0.0), #(0.2919428615342914 -2.7849227335491045e-7 0.0), #(0.29368079370251315 1.4418731527023296e-6 0.0), #(0.26920220911273307 -1.1857156408042588e-6 0.0), #(0.26730551066124475 2.3428832895542826e-6 0.0), #(0.23427414355971668 -2.1701444869426844e-5 0.0), #(0.2480158521457369 2.0628922511028277e-5 0.0), #(0.21006587321799328 5.7646437334256804e-5 0.0), #(0.22113798729317677 -5.803480208951236e-5 0.0), #(0.1747590069325781 2.2965701468168645e-4 0.0), #(0.18821170126826825 -2.2964267097014328e-4 0.0), #(0.14966333563180415 1.0165408868047781e-4 0.0), #(0.13715146816369822 -1.0206327116362247e-4 0.0), #(0.09974045938663996 1.1733103273680404e-4 0.0), #(0.0922522497173988 -1.2001369271828457e-4 0.0), #(0.03490553261740287 1.5105506506115631e-4 0.0), #(0.03977816314921808 -1.341081644948904e-4 0.0), #(-0.02169965534949538 -7.5310222189301e-6 0.0), #(-0.18819428550149406 -9.16434114033524e-7 0.0), #(-0.07475654074002953 8.17399699188558e-6 0.0), #(-0.14602344947626336 2.568311108994571e-5 0.0), #(-0.11702114459135897 -3.283763765085572e-5 0.0), #(-0.18774891740591826 4.770591165350004e-5 0.0), #(-0.0522216743381149 -2.1429481957083111e-4 0.0), #(-0.20652912186107056 1.5222054994481931e-4 0.0), #(-0.13416931062825432 1.2818059572337558e-5 0.0)
tevelocity:, 1, #(0.2900217085013911 -2.0000554460680655e-6 0.0), #(0.3290819532441686 -2.4316202644665333e-5 0.0), #(0.3265909024609303 6.600489584927977e-6 0.0), #(0.3131203958887178 1.8611315877210593e-5 0.0), #(0.30988028592417954 -2.8856339281243887e-6 0.0), #(0.2898819785117315 -9.299015835338932e-7 0.0), #(0.29589037990577344 4.8629774755458335e-6 0.0), #(0.267230910988654 5.740764936683657e-6 0.0), #(0.26601509733167905 5.415306948328206e-7 0.0), #(0.23076597968646798 -2.2877185942970599e-4 0.0), #(0.24884942201166224 2.0368648529680005e-4 0.0), #(0.21002000003556898 9.811950102992988e-5 0.0), #(0.22018072785083959 -8.545097063625947e-5 0.0), #(0.19420234118635135 1.0254717385482132e-4 0.0), #(0.17830795246992964 -1.065827834616272e-4 0.0), #(0.16268321809084488 4.5028909895652574e-5 0.0), #(0.1501391111375275 -3.3897597347267724e-5 0.0), #(0.13010560774926505 1.907730030437407e-4 0.0), #(0.12154824500802801 -1.265218666262334e-4 0.0), #(0.08987041787182708 -2.1101735413146783e-4 0.0), #(0.0854983012372432 1.1553337571693228e-4 0.0), #(0.07701475655616821 6.338177402216354e-6 0.0), #(-0.25828288146903927 2.008150348069383e-6 0.0), #(0.012524236115590528 -1.9522335194639753e-6 0.0), #(0.05228098710015971 -3.954900401561677e-5 0.0), #(-0.08051551427461108 1.3404815589984777e-5 0.0), #(-0.1756331537287428 -2.1081398826093658e-5 0.0), #(-0.1985825282456133 5.520533533589233e-5 0.0), #(-0.20451021107302256 -1.7633589854550372e-4 0.0), #(-0.211064449861876 2.842519952726622e-4 0.0)
tevelocity:, 2, #(0.2886750104797383 -1.0890052272599174e-6 0.0), #(0.32926316957067464 -2.3111257085820934e-5 0.0), #(0.32632485186140486 8.886098274879043e-6 0.0), #(0.3134741794741105 1.6753374572354708e-5 0.0), #(0.30976358295729733 -8.276081581327481e-7 0.0), #(0.29041549755980756 -1.4625313196801327e-6 0.0), #(0.29566005296306636 2.582338834301445e-6 0.0), #(0.2677850885207671 4.481753276420282e-7 0.0), #(0.2664811790959334 4.017826541961246e-6 0.0), #(0.23163427201541034 -1.6123570594090458e-4 0.0), #(0.24903995642487853 1.5536704561776985e-4 0.0), #(0.21043565539147846 8.858392364709773e-5 0.0), #(0.22075368008751395 -8.919560680688567e-5 0.0), #(0.19383510230419257 1.405541884559864e-4 0.0), #(0.17826457758561762 -1.402423637369973e-4 0.0), #(0.16146775770496832 4.460728587708248e-5 0.0), #(0.14896703518959742 -4.479172848227667e-5 0.0), #(0.12681324288879434 1.0458889570804237e-4 0.0), #(0.1182199999244427 -1.0725180952854506e-4 0.0), #(0.08320648269455665 -6.032121819042901e-5 0.0), #(0.0796810172548851 7.623752133986164e-5 0.0), #(0.06849562844304533 -5.9238778690003806e-6 0.0), #(-0.25426284205923877 -3.5979772225679236e-7 0.0), #(2.6782535936191205e-4 1.0914463179481571e-5 0.0), #(0.038100993575543106 -4.914616795099643e-5 0.0), #(-0.10588059467027787 2.251658308901244e-5 0.0), #(-0.166464197357789 -9.348856105557755e-6 0.0), #(-0.2011889982842837 1.0155214712711081e-5 0.0), #(-0.20382346295689951 -1.0159233564896216e-4 0.0), #(-0.2046468953195599 8.899318380264598e-5 0.0)
tevelocity:, 3, #(0.2875194524282471 -1.2168406792021093e-6 0.0), #(0.3293107818818495 -2.2617128187409215e-5 0.0), #(0.32604714302907883 8.210102607958567e-6 0.0), #(0.31375799518574904 1.7494358428727734e-5 0.0), #(0.3096182856487231 -1.2540932579710438e-6 0.0), #(0.2908721673718641 -1.192436787961052e-6 0.0), #(0.29537761498032367 2.4669449996286894e-6 0.0), #(0.26825062472465944 -1.9843337816562644e-6 0.0), #(0.26683267603537253 3.3530330937979842e-6 0.0), #(0.23238898942985037 -1.1270742014826402e-4 0.0), #(0.24912958958624384 1.0987795663537896e-4 0.0), #(0.21070802319206106 8.151710431432912e-5 0.0), #(0.22118071386184474 -8.138520199737454e-5 0.0), #(0.19323172465888422 2.1467614986825994e-4 0.0), #(0.17802270536468845 -2.1467505236106e-4 0.0), #(0.15987410960261889 5.0165527856093645e-5 0.0), #(0.14743843527571396 -5.067399103616005e-5 0.0), #(0.12292211496267205 1.0778743142986359e-4 0.0), #(0.11430678047713241 -1.104301948171799e-4 0.0), #(0.07565076022614216 4.0833747865224366e-5 0.0), #(0.07310757076406958 -2.671366913977618e-5 0.0), #(0.05843467846696337 -6.805231156825805e-6 0.0), #(-0.24885241163404473 -3.398544155274479e-7 0.0), #(-0.013115904335533515 8.98554071708447e-6 0.0), #(0.01746396535796921 -4.19132890121613e-5 0.0), #(-0.12519967680755775 1.6074464765487213e-5 0.0), #(-0.1537711762912789 -2.0208322576762387e-6 0.0), #(-0.2003236392675956 9.553095046262026e-6 0.0), #(-0.20548314704737658 -8.324632698038817e-5 0.0), #(-0.19319881155882482 6.165039231509849e-5 0.0)
tevelocity:, 4, #(0.2865071841248642 -1.210215984354837e-6 0.0), #(0.3292522634826143 -2.2438472266151683e-5 0.0), #(0.32574965888507623 7.470710041669639e-6 0.0), #(0.3139729224074315 1.8151658091650198e-5 0.0), #(0.3094419722469066 -1.4217545995947895e-6 0.0), #(0.2912526605224268 -9.441262419189155e-7 0.0), #(0.2950393257908669 2.1738536837827206e-6 0.0), #(0.2686267658487624 -1.9867198260831707e-6 0.0), #(0.26709226835642824 3.0080510900163264e-6 0.0), #(0.2330337844619436 -7.771649362585898e-5 0.0), #(0.24907040074986073 7.604612670865668e-5 0.0), #(0.21081458857128363 7.433351921214213e-5 0.0), #(0.22143918078746716 -7.467418913711745e-5 0.0), #(0.19239010697223835 4.396846929896182e-4 0.0), #(0.17757559163682132 -4.3972830816712134e-4 0.0), #(0.1579412309344344 5.816678670491214e-5 0.0), #(0.14554288041170055 -5.858290601146272e-5 0.0), #(0.11835720838362464 1.1029094295779391e-4 0.0), #(0.10981615011757877 -1.129208889635305e-4 0.0), #(0.06709640071122634 9.97921181839584e-5 0.0), #(0.06583687014124466 -8.424650384006855e-5 0.0), #(0.045828424314101016 -7.4676517779062545e-6 0.0), #(-0.24116619757725813 -2.719113372072017e-7 0.0), #(-0.02761067974056957 9.077718392447543e-6 0.0), #(-0.01714543199078476 -2.835523445688298e-5 0.0), #(-0.13749315020501435 3.821360215274625e-6 0.0), #(-0.13359535080427049 7.080841430139768e-6 0.0), #(-0.19286197752588902 6.173606366456139e-6 0.0), #(-0.20830267746072303 -6.1029473769677855e-5 0.0), #(-0.17867890802827052 3.059233392526038e-5 0.0)
tevelocity:, 5, #(0.2856089124017111 -1.1968428528841272e-6 0.0), #(0.3291100162398351 -2.2340107303426977e-5 0.0), #(0.32543095280204576 6.809854368378685e-6 0.0), #(0.3141211740754943 1.8787845170692324e-5 0.0), #(0.3092335360982768 -1.611300475505927e-6 0.0), #(0.2915575673532928 -7.07087968067383e-7 0.0), #(0.2946438203630128 1.916330031248798e-6 0.0), #(0.2689109460644741 -1.7258038536397023e-6 0.0), #(0.2672586875201933 2.7474492636295393e-6 0.0), #(0.23356585270995087 -5.248689457932291e-5 0.0), #(0.24886780461257152 5.1064540467088094e-5 0.0), #(0.21074927666302926 6.815517442604305e-5 0.0), #(0.22152498114648178 -6.847022603042775e-5 0.0), #(0.17709764722136734 0.053195641353978536 0.0), #(0.19108420118990135 -0.05319566404269898 0.0), #(0.15561932059720976 6.827103625386651e-5 0.0), #(0.1432286645882718 -6.872598306683684e-5 0.0), #(0.11303822696163601 1.1279383601210032e-4 0.0), #(0.10468375529509102 -1.154921967757296e-4 0.0), #(0.05749866345821891 1.3187952718947727e-4 0.0), #(0.057894083449274505 -1.2032025006242847e-4 0.0), #(0.029590145243525844 -6.198983334904736e-6 0.0), #(-0.22992773079100937 -2.65574685981011e-7 0.0), #(-0.042995651943009555 9.282359047843428e-6 0.0), #(-0.07516007493962641 2.3636176008418705e-5 0.0), #(-0.14402998893885827 -3.707705704696825e-5 0.0), #(-0.13049404671703613 2.4309692622372193e-5 0.0), #(-0.1438915006293345 -1.8865121836033256e-5 0.0), #(-0.21003254576325958 -3.948446514686624e-5 0.0), #(-0.1631456620682991 9.465392666269464e-6 0.0)
tevelocity:, 6, #(0.2848036888079382 -1.1716901196344025e-6 0.0), #(0.3289002087420104 -2.2300734960881617e-5 0.0), #(0.325090403763771 6.2271953247154056e-6 0.0), #(0.31420527128071957 1.9405255107729376e-5 0.0), #(0.30899192076943305 -1.7898681605815295e-6 0.0), #(0.2917875098320415 -4.859655510573226e-7 0.0), #(0.29419111072501297 1.6720799725573621e-6 0.0), #(0.2691029050473693 -1.4436073131833127e-6 0.0), #(0.26733035911456565 2.528002007278055e-6 0.0), #(0.23398092218155264 -3.444786301971209e-5 0.0), #(0.24851801867514398 3.324822130338394e-5 0.0), #(0.2105033100248111 6.261139537645979e-5 0.0), #(0.22142855737843484 -6.297637526501164e-5 0.0), #(0.1759647022624457 4.493058570250931e-4 0.0), #(0.1899002605812797 -4.4931373897992474e-4 0.0), #(0.1528729474105223 8.198527567627465e-5 0.0), #(0.14044911945008268 -8.2411577962595e-5 0.0), #(0.10686948631792868 1.1518133115224821e-4 0.0), #(0.09884946605933122 -1.1789977083823622e-4 0.0), #(0.04678851013390315 1.4696462278648235e-4 0.0), #(0.04916192728211983 -1.357196875136187e-4 0.0), #(0.007878409672084537 -7.2929614754180815e-6 0.0), #(-0.21312539318527077 -5.266874413265016e-7 0.0), #(-0.05876047306417695 8.68259952304879e-6 0.0), #(-0.14638261178949397 6.916538267168441e-5 0.0), #(-0.11212463117063455 -7.29590177580114e-5 0.0), #(-0.18202401137244487 4.0855064847659646e-5 0.0), #(-0.0591370318087364 -4.521028943152419e-5 0.0), #(-0.20948095351054097 -2.2181717946172947e-5 0.0), #(-0.14814860891621948 5.9163300658724555e-6 0.0)
tevelocity:, 7, #(0.2840753894664057 -1.1402357630936032e-6 0.0), #(0.3286343379431469 -2.231031720902825e-5 0.0), #(0.32472738909230814 5.712399644554214e-6 0.0), #(0.31422754459126234 2.0004009260891387e-5 0.0), #(0.3087159575824002 -1.96181783956831e-6 0.0), #(0.2919428615342914 -2.7849227335491045e-7 0.0), #(0.29368079370251315 1.4418731527023296e-6 0.0), #(0.26920220911273307 -1.1857156408042588e-6 0.0), #(0.26730551066124475 2.3428832895542826e-6 0.0), #(0.23427414355971668 -2.1701444869426844e-5 0.0), #(0.2480158521457369 2.0628922511028277e-5 0.0), #(0.21006587321799328 5.7646437334256804e-5 0.0), #(0.22113798729317677 -5.803480208951236e-5 0.0), #(0.1747590069325781 2.2965701468168645e-4 0.0), #(0.18821170126826825 -2.2964267097014328e-4 0.0), #(0.14966333563180415 1.0165408868047781e-4 0.0), #(0.13715146816369822 -1.0206327116362247e-4 0.0), #(0.09974045938663996 1.1733103273680404e-4 0.0), #(0.0922522497173988 -1.2001369271828457e-4 0.0), #(0.03490553261740287 1.5105506506115631e-4 0.0), #(0.03977816314921808 -1.341081644948904e-4 0.0), #(-0.02169965534949538 -7.5310222189301e-6 0.0), #(-0.18819428550149406 -9.16434114033524e-7 0.0), #(-0.07475654074002953 8.17399699188558e-6 0.0), #(-0.14602344947626336 2.568311108994571e-5 0.0), #(-0.11702114459135897 -3.283763765085572e-5 0.0), #(-0.18774891740591826 4.770591165350004e-5 0.0), #(-0.0522216743381149 -2.1429481957083111e-4 0.0), #(-0.20652912186107056 1.5222054994481931e-4 0.0), #(-0.13416931062825432 1.2818059572337558e-5 0.0)
tevelocity:, 8, #(0.2834308388256747 -9.218780545487968e-7 0.0), #(0.3283175280390263 -2.4989949181441667e-5 0.0), #(0.3243463002714088 4.4077871232903175e-6 0.0), #(0.31419434136193436 1.8008118583770913e-5 0.0), #(0.30840014316947273 -1.096521753191764e-6 0.0), #(0.29202258908081913 -1.1746826587543128e-6 0.0), #(0.29311768928829374 1.5813488711542995e-6 0.0), #(0.26922166662072394 8.450850266249846e-6 0.0), #(0.26715280243997713 -5.792437255064247e-7 0.0), #(0.23443946957798562 -3.1848035360398913e-4 0.0), #(0.24738802691741496 2.752732560689916e-4 0.0), #(0.2094409911523022 5.906999302652571e-5 0.0), #(0.2206380148014662 -2.584423814586373e-5 0.0), #(0.1732820656916231 1.577831555893619e-4 0.0), #(0.1861977217774695 -1.5871240039267375e-4 0.0), #(0.14591838384523215 1.3749410813288141e-4 0.0), #(0.13331150843776718 -1.2096659307355379e-4 0.0), #(0.0916660871426421 1.1847914101861389e-4 0.0), #(0.0847688423586737 -1.44557502911114e-4 0.0), #(0.021662893994568944 7.002192771125441e-4 0.0), #(0.029862528867081812 -6.963792775698434e-4 0.0), #(-0.06045425711429458 -1.3950055270061989e-5 0.0), #(-0.15372744005027042 1.0072271587449235e-5 0.0), #(-0.09059945252994993 -6.038691264166629e-6 0.0), #(-0.1435990105230648 -1.3837837724250473e-5 0.0), #(-0.18416670219120013 1.0197714634212948e-4 0.0), #(-0.11144305541445451 -2.6386582944241592e-5 0.0), #(-0.20141481704081543 -3.5576031288849424e-4 0.0), #(-0.07914713111426094 3.5576498254154074e-5 0.0), #(-0.12096061543184643 -4.1247286420218664e-4 0.0)
tevelocity:, 9, #(0.28280276912352914 -1.064334630941462e-6 0.0), #(0.32796537809473 -2.2691263369165747e-5 0.0), #(0.32393222205241295 4.628549458657312e-6 0.0), #(0.31409531450071493 2.1055566832608423e-5 0.0), #(0.30805582825881045 -2.4404315010642883e-6 0.0), #(0.2920305395935954 2.459229004360163e-7 0.0), #(0.2924856431733813 8.415388520521523e-7 0.0), #(0.26912326191562547 4.350615463546196e-6 0.0), #(0.26695634037190824 2.555152392660158e-6 0.0), #(0.23447268743284333 -2.1436189232937268e-4 0.0), #(0.24652739740746887 2.0360279308134443e-4 0.0), #(0.2085581455898539 4.8787291479712077e-5 0.0), #(0.21991008899226308 -4.709041562624836e-5 0.0), #(0.1714087223799272 1.1895952964708117e-4 0.0), #(0.1838160002688112 -1.189469284365486e-4 0.0), #(0.14167142749503556 1.900815453746517e-4 0.0), #(0.1287459626325718 -1.9122421977732601e-4 0.0), #(0.08204923057361711 1.2046261163178332e-4 0.0), #(0.07651662537466264 -1.2224994159170866e-4 0.0), #(0.00743386214310186 4.6703991687114393e-4 0.0), #(0.019273807476601634 -4.488151590001826e-4 0.0), #(-0.10470128688168695 -6.60917219959746e-6 0.0), #(-0.11267456558056309 -4.627493233998604e-6 0.0), #(-0.10568516133520163 8.86191511633825e-6 0.0), #(-0.17810059455601984 -9.452129021744743e-5 0.0), #(-0.14084227145397885 1.4790997903533191e-4 0.0), #(-0.1021056787134906 8.981918479507519e-6 0.0), #(-0.19345654434554654 -2.8522183832615555e-5 0.0), #(-0.13960029595293635 2.6642473229399928e-5 0.0), #(-0.11262599612358438 -6.380365280500308e-4 0.0)
tevelocity:, 10, #(0.28224431431092956 -9.94148815261133e-7 0.0), #(0.32757025369970044 -2.5541884152561994e-5 0.0), #(0.32350505808323265 1.3449053781897511e-6 0.0), #(0.3139463249836742 2.070742202079326e-5 0.0), #(0.3076637775833039 -2.7014430987469047e-6 0.0), #(0.291954184068474 8.024997457111177e-7 0.0), #(0.2917924873599873 7.742879000031714e-7 0.0), #(0.26893612186665694 -1.2904463484847285e-7 0.0), #(0.26660915944131547 1.9240436236399076e-6 0.0), #(0.23437301555835213 -1.3202458135284893e-4 0.0), #(0.2455622523107004 1.2912536828346176e-4 0.0), #(0.20749522758356814 4.507503558731769e-5 0.0), #(0.2189727090586765 -4.574783825354327e-5 0.0), #(0.16920465928079728 9.629063870026716e-5 0.0), #(0.1810576195961871 -9.615795552713816e-5 0.0), #(0.1367555854057573 3.371575395957526e-4 0.0), #(0.12347930536615938 -3.371600005356383e-4 0.0), #(0.07117481608352232 1.2077938366284035e-4 0.0), #(0.06717114675765196 -1.2138606133076175e-4 0.0), #(-0.00837124202566917 3.080648946052591e-4 0.0), #(0.008312075930626519 -2.890145705622181e-4 0.0), #(-0.1446244106843521 -6.103764481301144e-6 0.0), #(-0.07461142159865497 -4.666359102686259e-6 0.0), #(-0.12003697478105577 7.605990205897305e-6 0.0), #(-0.17055205764885714 -1.097609419374171e-5 0.0), #(-0.139504442233075 5.556366447966736e-5 0.0), #(-0.09115484936344519 1.5241803087055793e-4 0.0), #(-0.18121310519983738 -2.107626187790461e-4 0.0), #(-0.1854418734935317 2.729149181966984e-5 0.0), #(-0.10910212660519664 -7.259537092518496e-4 0.0)
tevelocity:, 11, #(0.2817074470612626 -9.878273828845954e-7 0.0), #(0.3271425857462438 -2.283095504019358e-5 0.0), #(0.3230359834797902 4.134618073771837e-6 0.0), #(0.3137353475230384 2.2187302596197983e-5 0.0), #(0.30723989478602964 -2.589983353386031e-6 0.0), #(0.2918155286893144 4.4662525624841107e-7 0.0), #(0.2910373739311702 6.455320295341026e-7 0.0), #(0.2686509946875692 -3.5087622349693574e-7 0.0), #(0.26618668857924405 1.8728038274264742e-6 0.0), #(0.2341066355278179 -8.80684695266177e-5 0.0), #(0.2443674942431926 8.619563452672982e-5 0.0), #(0.2061806484576941 4.196131944517968e-5 0.0), #(0.21776435930961446 -4.236122929498441e-5 0.0), #(0.16665084008005904 8.176848723590583e-5 0.0), #(0.17794063820318892 -8.10385631322532e-5 0.0), #(0.13125893055880242 0.0016330207279109659 0.0), #(0.1175179698836124 -0.0016325815805347621 0.0), #(0.05883654906747538 1.1842901346270784e-4 0.0), #(0.05663172101149586 -1.1860620150940417e-4 0.0), #(-0.026064992611259323 1.7570062899662758e-4 0.0), #(-0.0027880883490341286 -1.611805914566254e-4 0.0), #(-0.17218350453043432 -4.1097850540735185e-6 0.0), #(-0.04714073579648044 -5.005122390049802e-6 0.0), #(-0.1331510210358626 7.5685853907213845e-6 0.0), #(-0.16174499475676812 1.0488351089234841e-6 0.0), #(-0.14274236466205334 2.7969924391216407e-5 0.0), #(-0.16210979589523847 2.9020988211394313e-4 0.0), #(-0.07917086897333767 -3.313522020530116e-4 0.0), #(-0.19840992617819395 3.1954643615116985e-5 0.0), #(-0.132010784309237 -2.0069109766257214e-4 0.0)
tevelocity:, 12, #(0.28121747819609644 -9.201401478495801e-7 0.0), #(0.32667786897612 -2.593903039517199e-5 0.0), #(0.3225557253084866 6.7629886446422e-7 0.0), #(0.31347559213160675 2.1707392891576177e-5 0.0), #(0.30676333214745816 -2.9830423174433296e-6 0.0), #(0.2915847119835256 1.1391612764559544e-6 0.0), #(0.29021138462301915 3.939624684766769e-7 0.0), #(0.26826508003246125 -5.040644393545691e-7 0.0), #(0.2656152014655465 1.7802067727436616e-6 0.0), #(0.23370330322906185 -5.281456265988358e-5 0.0), #(0.2429653920154144 5.1589814037338334e-5 0.0), #(0.20452326355795222 3.825842897758842e-5 0.0), #(0.21619970439953964 -3.9344272911195516e-5 0.0), #(0.16352357070646306 7.11025346280887e-5 0.0), #(0.17428209434043665 -7.025772983393823e-5 0.0), #(0.11050300056827092 5.321571251300805e-4 0.0), #(0.12507325866316468 -5.309542573556559e-4 0.0), #(0.04455405151094698 1.1441912026897309e-4 0.0), #(0.04517681296199863 -1.1356314591431696e-4 0.0), #(-0.04561685012164666 9.636657539547453e-5 0.0), #(-0.013953218331096993 -8.383753285140764e-5 0.0), #(-0.18561440636746876 -2.4476207629177926e-6 0.0), #(-0.030587497678163662 -6.180853879647504e-6 0.0), #(-0.1446782346523322 7.778255373592362e-6 0.0), #(-0.1522175061561574 5.220911162566025e-6 0.0), #(-0.1510252062348962 9.943518826565467e-6 0.0), #(-0.13706059661108136 1.1796764846044593e-4 0.0), #(-0.06712287979835775 -1.5164318173086316e-4 0.0), #(-0.19856352375960884 3.7119296742364765e-5 0.0), #(-0.17338338769569117 -3.943560525522406e-6 0.0)
tevelocity:, 13, #(0.28074437407419806 -8.941876507614914e-7 0.0), #(0.3261825243011563 -2.599998880662027e-5 0.0), #(0.3220389630991946 4.688059599075024e-7 0.0), #(0.31315806205540786 2.2223305266046884e-5 0.0), #(0.3062463643481918 -3.1245564572701506e-6 0.0), #(0.29128164119575567 1.2861300090847441e-6 0.0), #(0.28931448630867523 2.1627500822024863e-7 0.0), #(0.2677726925077581 -4.326549153288404e-7 0.0), #(0.26494073312636945 1.7832201976038187e-6 0.0), #(0.23312083777378556 -3.1022582238973345e-5 0.0), #(0.2414239675462216 2.9761644155743545e-5 0.0), #(0.20265645026214876 3.576783136850208e-5 0.0), #(0.2143937982781315 -3.67290419709116e-5 0.0), #(0.15989560698404895 6.23740180073003e-5 0.0), #(0.17011249180845187 -6.223004412278686e-5 0.0), #(0.10226476608032278 2.1625826452885942e-4 0.0), #(0.11793799662285472 -2.168048711706984e-4 0.0), #(0.027676043484353336 1.0806756095210152e-4 0.0), #(0.03261787727280853 -1.0339101653344359e-4 0.0), #(-0.06733684789035939 6.511338028676625e-5 0.0), #(-0.025062380425081462 -4.578489466276975e-5 0.0), #(-0.18717709414782976 -2.0144236867921193e-6 0.0), #(-0.021608458931393636 -8.431928568530113e-6 0.0), #(-0.15484653496733933 6.853087712397583e-6 0.0), #(-0.14188996057575226 6.984857293654047e-6 0.0), #(-0.15643096672408496 1.206787024676479e-6 0.0), #(-0.11395301820687027 6.989542073106348e-5 0.0), #(-0.19550864278480123 5.153500802330137e-5 0.0), #(-0.052647404276392584 -1.1064128400445171e-4 0.0), #(-0.19224285856395668 -2.228380635155853e-5 0.0)
tevelocity:, 14, #(0.28029086520271984 -8.635992878980269e-7 0.0), #(0.3256557896505939 -2.623485071382525e-5 0.0), #(0.3214930800519449 2.161878459012173e-7 0.0), #(0.31278639913938233 2.268377372765813e-5 0.0), #(0.3056816605954946 -3.2671025812547667e-6 0.0), #(0.2908965919251091 1.4390201328558384e-6 0.0), #(0.28834015390305084 5.4692485089968905e-8 0.0), #(0.2671684014661032 -3.834115306896874e-7 0.0), #(0.2641393898359089 1.8117401220874352e-6 0.0), #(0.2323594783455785 -1.742977032589187e-5 0.0), #(0.23961367344943363 1.699693479968758e-5 0.0), #(0.20045480590638018 3.284896752839323e-5 0.0), #(0.2122092542030373 -3.344032428563771e-5 0.0), #(0.1556936776786612 5.583689420733219e-5 0.0), #(0.16541466023028586 -5.509182184464519e-5 0.0), #(0.0928159779583323 1.2987434363992116e-4 0.0), #(0.10998019005610858 -1.2885409946431325e-4 0.0), #(0.007940764504394775 9.77586840811095e-5 0.0), #(0.018868195989115176 -8.910315307357681e-5 0.0), #(-0.09141693488507181 3.8701079075924724e-5 0.0), #(-0.17875926673823292 5.3142347135719276e-6 0.0), #(-0.0357592711983729 -3.312293734079066e-5 0.0), #(-0.017295807048659715 -8.484019539689074e-6 0.0), #(-0.16371793234065599 6.353572786589357e-6 0.0), #(-0.13106211191316144 7.383892095619609e-6 0.0), #(-0.15537232772527038 -1.4681286664298129e-6 0.0), #(-0.09759046043379672 -1.8730251837348685e-4 0.0), #(-0.19007231959843987 2.9006101016726556e-4 0.0), #(-0.03775652280189033 -8.023166557889025e-5 0.0), #(-0.19267455131892364 -4.021175789073526e-5 0.0)
tevelocity:, 15, #(0.2798578939960953 -9.334996386076863e-7 0.0), #(0.32509728202358223 -2.5142345684608865e-5 0.0), #(0.32090759434226634 8.906082394927899e-7 0.0), #(0.31235175054906 2.5195684017218102e-5 0.0), #(0.305067751303544 -5.173682942790947e-6 0.0), #(0.2904263298827293 -1.984844701810313e-7 0.0), #(0.28728969928596826 5.322924236124612e-7 0.0), #(0.2664628251815719 3.065527231453382e-5 0.0), #(0.2631751640749583 -6.4733635947216395e-6 0.0), #(0.2314042907952851 -4.0511574664016517e-4 0.0), #(0.23756282542437462 3.10477607889614e-4 0.0), #(0.19787791381314856 3.274543045304641e-5 0.0), #(0.20959816506356133 2.70130117733439e-5 0.0), #(0.1508949510975589 5.1057282887992215e-5 0.0), #(0.1601549483049534 -4.938403229295495e-5 0.0), #(0.08195425588274707 6.023362891527516e-5 0.0), #(0.10116130941380959 -9.375178435558878e-5 0.0), #(-0.01499119455980404 1.0288003350449865e-4 0.0), #(0.004019397787979913 5.695584888204171e-5 0.0), #(-0.11567489503685338 -5.1361199439742856e-5 0.0), #(-0.16432712444136077 -9.426415882427046e-5 0.0), #(-0.04596353929147974 2.513524598302888e-5 0.0), #(-0.015444415975758402 -7.470351266490567e-6 0.0), #(-0.17075452226955987 1.6233279500718623e-5 0.0), #(-0.12020941555188437 -6.447589566998855e-7 0.0), #(-0.14989286049223918 4.464252848441048e-6 0.0), #(-0.18166909698889427 -5.1522280970675436e-5 0.0), #(-0.08866155310190547 1.0341032783960434e-4 0.0), #(-0.02309733117285551 7.96090033457733e-5 0.0), #(-0.1836640807302739 -2.5185379602027174e-4 0.0)
tevelocity:, 16, #(0.2794222315602919 -7.881782977459241e-7 0.0), #(0.3245075949250095 -2.679227348054116e-5 0.0), #(0.320306653512745 -2.201501063755706e-7 0.0), #(0.3118781845783165 2.355599120257948e-5 0.0), #(0.30439705836556036 -3.6567336938482813e-6 0.0), #(0.28986976974533707 1.84498957189971e-6 0.0), #(0.2861370872732147 -3.9792947594385407e-7 0.0), #(0.26560101071344916 9.676503360346186e-6 0.0), #(0.26212264203459995 2.9192202752614586e-6 0.0), #(0.23024618313591527 -2.3390533146981578e-4 0.0), #(0.23522772117327662 2.162582901723788e-4 0.0), #(0.1949887240311466 2.7183361965133255e-5 0.0), #(0.20659111486315354 -2.4467077525021516e-5 0.0), #(0.14519864995866183 4.529181307906897e-5 0.0), #(0.1542134943783335 -4.538885365483613e-5 0.0), #(0.06905534426843107 6.174406556269001e-5 0.0), #(0.09123490665499226 -6.149978778135792e-5 0.0), #(-0.041437422225772506 6.627497361933649e-5 0.0), #(-0.01201089796615847 -4.751411568554939e-5 0.0), #(-0.13278434561290983 -1.1711415337847377e-5 0.0), #(-0.15046260398056385 2.8030085028172184e-5 0.0), #(-0.055047236117112486 -2.2850048306508414e-5 0.0), #(-0.015081390268865041 -7.099437515210949e-6 0.0), #(-0.17638403110851697 5.290304362056879e-6 0.0), #(-0.14197642457219267 -7.435166254094384e-5 0.0), #(-0.11094994387299734 7.734041942126847e-5 0.0), #(-0.1701776712243308 -1.6635948541424413e-6 0.0), #(-0.09067508505081796 6.81839977398238e-5 0.0), #(-0.1624263029065788 1.4978906521158009e-4 0.0), #(-0.00853312347853208 -2.870659210235044e-4 0.0)
tevelocity:, 17, #(0.27899576394422443 -7.767057402314582e-7 0.0), #(0.32388460854314877 -2.7081863379458188e-5 0.0), #(0.3196626368826812 -4.4988926107387597e-7 0.0), #(0.3113396129133399 2.395074570641674e-5 0.0), #(0.303669890270645 -3.716618237673105e-6 0.0), #(0.28921935500908047 1.8923515761185215e-6 0.0), #(0.2848912580381328 -3.6867646675481317e-7 0.0), #(0.26461573235753005 1.0313362242971814e-6 0.0), #(0.26088894581996896 2.179632371414103e-6 0.0), #(0.22885871278342507 -1.3884812146905458e-4 0.0), #(0.23260347756962824 1.3441626441738024e-4 0.0), #(0.19164046072023663 2.648693404051263e-5 0.0), #(0.2030117085663205 -2.5852384799638147e-5 0.0), #(0.13855006928910515 4.104867887478062e-5 0.0), #(0.14756826331806716 -4.013742023943891e-5 0.0), #(0.05385755168843231 4.463259243065391e-5 0.0), #(0.08034353829656693 -4.382425756180786e-5 0.0), #(-0.06989141245893055 4.7896604849423615e-5 0.0), #(-0.0290592096502362 2.3665420631012644e-6 0.0), #(-0.13862088313922583 -4.9207893295496715e-5 0.0), #(-0.14296912139193294 1.7300434776588443e-5 0.0), #(-0.06319654608399172 8.042806592143465e-7 0.0), #(-0.015182886382518081 -8.890650183626854e-6 0.0), #(-0.18074989442098452 5.906621792401487e-6 0.0), #(-0.1327836879326173 -5.887323479350894e-6 0.0), #(-0.10772737775422933 6.248173467695758e-6 0.0), #(-0.15112590135998166 5.943326871795434e-6 0.0), #(-0.11058258779342346 3.549212693837138e-5 0.0), #(-0.12313913361941073 5.992690261791489e-5 0.0), #(0.005935547900762836 -1.4464755293096387e-4 0.0)
tevelocity:, 18, #(0.27856877995102713 -7.523358532528669e-7 0.0), #(0.3232284224478168 -2.7384883189084174e-5 0.0), #(0.318982140297864 -6.321501744081804e-7 0.0), #(0.31074307744273355 2.4337093455214546e-5 0.0), #(0.3028814435498765 -3.8173536073052275e-6 0.0), #(0.28847292869202024 2.0239171387265e-6 0.0), #(0.2835405033277324 -5.317847454330012e-7 0.0), #(0.26348556928182504 -2.4596779544638167e-7 0.0), #(0.2594890576175133 2.182482108740908e-6 0.0), #(0.22722992103024658 -8.268698152775985e-5 0.0), #(0.22970207494144385 8.138826427074509e-5 0.0), #(0.1878760859600498 2.272981327071829e-5 0.0), #(0.19882914233804497 -2.430277596046389e-5 0.0), #(0.13059173403082294 3.643401880187441e-5 0.0), #(0.14006887870830753 -3.636402703111893e-5 0.0), #(0.03541471250512211 3.17673433045137e-5 0.0), #(0.06831418002459828 -3.06709664306978e-5 0.0), #(-0.09704391518460292 3.052965288794468e-5 0.0), #(-0.04695465926067819 4.5045320595519926e-5 0.0), #(-0.13518258404442038 -8.277492424764481e-5 0.0), #(-0.14177450639445083 1.628011669074357e-5 0.0), #(-0.07002711307740708 1.309534268552011e-6 0.0), #(-0.015559403725932213 -7.75870729543561e-6 0.0), #(-0.1838736649065797 5.161679447720879e-6 0.0), #(-0.12285149919933908 -4.744844794450891e-6 0.0), #(-0.11889894869699741 8.932636405408776e-7 0.0), #(-0.11660823648695272 1.3851035846276414e-5 0.0), #(-0.13812742006597542 1.808986598250176e-5 0.0), #(-0.07588604690243193 -1.152941723744351e-5 0.0), #(-0.1968588311949575 3.152829995808393e-5 0.0)
tevelocity:, 19, #(0.2781352251793582 -7.294542180431574e-7 0.0), #(0.3225375454895277 -2.770763012066592e-5 0.0), #(0.3182629701178612 -8.055054648256466e-7 0.0), #(0.3100865448446397 2.4705220305679578e-5 0.0), #(0.30202700563829094 -3.94443355716516e-6 0.0), #(0.2876243796347835 2.160545214725311e-6 0.0), #(0.28207339783590685 -6.638875472088033e-7 0.0), #(0.26219429115042675 -5.719955173262445e-7 0.0), #(0.25790971738401874 2.3572276748736762e-6 0.0), #(0.22533728991589969 -4.8760824700178916e-5 0.0), #(0.22644144902888608 4.7499005662401436e-5 0.0), #(0.1835894629529802 2.195567095653012e-5 0.0), #(0.19389687283640247 -2.2692408985150467e-5 0.0), #(0.1211524525184692 3.2708870549078936e-5 0.0), #(0.13177723309595413 -3.168390592244669e-5 0.0), #(0.01257576570717689 2.173321368271134e-5 0.0), #(0.05503413382085538 -1.9938531487739434e-5 0.0), #(-0.11710033446833379 1.7985420826217885e-5 0.0), #(-0.0654385413584258 8.838424391683252e-5 0.0), #(-0.1298767374911475 -1.1678926612753002e-4 0.0), #(-0.14375828405404792 1.694316348159967e-5 0.0), #(-0.07568966554882016 1.0775177605081818e-5 0.0), #(-0.016267346983976184 -8.38619519050543e-6 0.0), #(-0.18559743893767588 5.530917879788906e-6 0.0), #(-0.11281592366913416 -4.829764764143592e-6 0.0), #(-0.13190798600543543 -2.1926039063905958e-7 0.0), #(-0.07951795577704006 1.6562615807793306e-5 0.0), #(-0.15128747241886067 5.530418248622531e-6 0.0), #(-0.043469737311199436 1.2526946722694177e-5 0.0), #(-0.19250641670857147 5.423566645021234e-5 0.0)
tevelocity:, 20, #(0.2776889141210696 -7.071164456779053e-7 0.0), #(0.3218104627865966 -2.8046513123713464e-5 0.0), #(0.3175026866480792 -9.71434465432058e-7 0.0), #(0.3093676445878962 2.5053377889568265e-5 0.0), #(0.30110156270909344 -4.0720518010549186e-6 0.0), #(0.28666735852918357 2.2977762519052218e-6 0.0), #(0.2804781985329976 -7.934478087365825e-7 0.0), #(0.26072407037083034 -7.664000600376426e-7 0.0), #(0.25613529570318355 2.5936486113224306e-6 0.0), #(0.2231565164780869 -2.828305403304434e-5 0.0), #(0.2227084772375346 2.7821903413995637e-5 0.0), #(0.1787047906084569 2.0294603079841826e-5 0.0), #(0.18796191681897897 -2.0430201476142508e-5 0.0), #(0.10944092670353847 2.7847225606738206e-5 0.0), #(0.12252666083470486 -2.7422990379960736e-5 0.0), #(-0.014859898469403415 1.3660294767051198e-5 0.0), #(0.04094594296713595 -1.2560858518622202e-5 0.0), #(-0.12612641729892077 1.0468638113342511e-5 0.0), #(-0.0844517596783096 1.2213889209751827e-4 0.0), #(-0.12810459137284638 -1.4336470412459567e-4 0.0), #(-0.14646559882687968 1.0664527714846442e-5 0.0), #(-0.07998088068836699 1.1083407702718664e-5 0.0), #(-0.016482163208374027 -5.469080661089108e-6 0.0), #(-0.18606722278486598 5.06035511672369e-6 0.0), #(-0.10338651261379007 -8.232831374957472e-6 0.0), #(-0.131436969193313 4.8028542983468035e-6 0.0), #(-0.056082115515749355 1.543077760523361e-5 0.0), #(-0.1509197485234285 1.6868819060694856e-6 0.0), #(-0.18559022551118984 -7.842939553193438e-5 0.0), #(-0.02581394420403975 1.533835106789546e-4 0.0)
tevelocity:, 21, #(0.277222925126255 -6.85232292029373e-7 0.0), #(0.32104540753259925 -2.8399433988067763e-5 0.0), #(0.31669858801106476 -1.1305022197732794e-6 0.0), #(0.30858351153357466 2.538144499498393e-5 0.0), #(0.3000994912367206 -4.198436751973137e-6 0.0), #(0.2855945191568499 2.4346325242179693e-6 0.0), #(0.2787414996273752 -9.186617807470722e-7 0.0), #(0.25905333979967365 -9.87276095599819e-7 0.0), #(0.25414784440379684 2.881919297679772e-6 0.0), #(0.2206602651645592 -1.600037874878998e-5 0.0), #(0.21865085462664297 1.5729459680188667e-5 0.0), #(0.17337613825760012 1.87918803692906e-5 0.0), #(0.18104844836109305 -1.8695433743922838e-5 0.0), #(0.09453564251628296 2.390804858582972e-5 0.0), #(0.11220810551405386 -2.2087483723019553e-5 0.0), #(-0.04671787082011347 8.435860262178927e-6 0.0), #(0.0253639916541201 -6.355192501134452e-6 0.0), #(-0.12256104898686704 5.7537856045626075e-6 0.0), #(-0.10272574288501646 1.4385654358157248e-4 0.0), #(-0.13463325518338395 -1.5847037257085952e-4 0.0), #(-0.14562656715831077 7.5405218703010965e-6 0.0), #(-0.08346125183402084 1.2473778673838602e-5 0.0), #(-0.016617175202441735 -6.112176565972428e-6 0.0), #(-0.18544078324930965 5.253178210826332e-6 0.0), #(-0.12379344752274048 -4.767031665657984e-6 0.0), #(-0.09539706370633429 2.9323140430440123e-6 0.0), #(-0.04141366340925719 7.827828652432306e-7 0.0), #(-0.14268609163131366 1.2680343330695256e-5 0.0), #(-0.17514775467357452 -8.399214540263913e-6 0.0), #(-0.019751686380565268 7.106772377128617e-5 0.0)
tevelocity:, 22, #(0.2767361870279525 -1.016456448881151e-6 0.0), #(0.3202368869293435 -2.9017325703087205e-5 0.0), #(0.31583734125448587 1.4063468087671462e-7 0.0), #(0.3077234196607061 2.5948978384700408e-5 0.0), #(0.2990116449379214 -6.336406630132099e-6 0.0), #(0.2843889001056075 4.461747649557771e-7 0.0), #(0.27684897798552616 2.9378893025899406e-7 0.0), #(0.2571941473932746 1.40447939901194e-5 0.0), #(0.25187935139560735 5.4156597964376974e-6 0.0), #(0.21781565116694485 -5.22171772348924e-4 0.0), #(0.2140902711989393 4.000779734545048e-4 0.0), #(0.16726546419216556 9.821435018996834e-6 0.0), #(0.17243658654592636 8.341759364663461e-5 0.0), #(0.07498847438492015 4.0507911303745184e-5 0.0), #(0.10078427755847853 -2.150415458568222e-5 0.0), #(-0.07790874715755021 -2.359514851480662e-5 0.0), #(0.008955957514711073 -3.935429536638731e-5 0.0), #(-0.11055233334979646 3.3224119076191924e-6 0.0), #(-0.12031226798965869 4.917750658741651e-5 0.0), #(-0.1479886561346668 -2.4868993579254265e-4 0.0), #(-0.14101349057388393 1.1615169123824472e-4 0.0), #(-0.08634882847564489 1.0962087803382837e-4 0.0), #(-0.01675312669100731 -3.469097193793493e-5 0.0), #(-0.1832782583250956 7.313395690570327e-6 0.0), #(-0.11358116355475101 2.8425629606759225e-5 0.0), #(-0.09095606127546364 1.832499699510732e-5 0.0), #(-0.12810123269069992 1.055384010160935e-5 0.0), #(-0.0369705472825652 3.228237082608369e-6 0.0), #(-0.15568784713446784 1.66133084117533e-4 0.0), #(-0.03488628482145339 4.5389863234517746e-4 0.0)
tevelocity:, 23, #(0.27619930163402573 -6.066417002494301e-7 0.0), #(0.3193937833436528 -2.9166669996371e-5 0.0), #(0.3149466893727247 -1.3302007475245093e-6 0.0), #(0.30680556164241973 2.605726324545621e-5 0.0), #(0.2978397021110535 -4.499701014918873e-6 0.0), #(0.2830670631331729 2.8059823523488944e-6 0.0), #(0.2747824813932972 -1.1145727130528526e-6 0.0), #(0.25500579738524204 6.035432027746323e-6 0.0), #(0.24944628339385524 6.312520391952719e-6 0.0), #(0.21459814560802049 -2.8771686883346625e-4 0.0), #(0.2089268236173374 2.6151176942760905e-4 0.0), #(0.16050667835224397 1.529547443753324e-5 0.0), #(0.1615875160018559 -2.6285274787334173e-6 0.0), #(0.04809200225355672 1.4331027689977016e-5 0.0), #(0.0881736841500641 -1.0915720306297969e-5 0.0), #(-0.0983015365684747 1.4267131982546575e-7 0.0), #(-0.008390475144026657 1.8361532534489379e-6 0.0), #(-0.09900900564848346 9.785191255855685e-7 0.0), #(-0.13709857021891406 1.681624858145237e-4 0.0), #(-0.1653428587716336 -1.421867065124706e-4 0.0), #(-0.13333910275567773 -2.7927976265849685e-5 0.0), #(-0.08838525150816405 4.688986939115761e-6 0.0), #(-0.016713205151696393 -5.790443314376205e-6 0.0), #(-0.17996581432148792 4.813118593217381e-6 0.0), #(-0.10209153842721712 -2.7549378322674232e-8 0.0), #(-0.09179587952145744 1.1010951018802507e-6 0.0), #(-0.10663409290308533 -3.6797089835985404e-6 0.0), #(-0.061647497246193596 1.924827489815615e-5 0.0), #(-0.1076594173828407 -1.9100262465902548e-5 0.0), #(-0.09144989713803857 -5.09006518905483e-5 0.0)
tevelocity:, 24, #(0.2756246075721082 -7.244109238700317e-7 0.0), #(0.31849646574504864 -2.666690615072388e-5 0.0), #(0.3139756189415896 1.4461609241825779e-6 0.0), #(0.3057879034033225 2.7296284277382695e-5 0.0), #(0.2965592995291737 -4.25397736280127e-6 0.0), #(0.28157969535998795 2.1141630921967475e-6 0.0), #(0.2725155474438061 -1.14398253921286e-6 0.0), #(0.2525740943682259 -7.269254953084878e-7 0.0), #(0.246663099908191 4.713606653134032e-6 0.0), #(0.2109697502805072 -1.5277936736190874e-4 0.0), #(0.20317517865329782 1.4804670738047623e-4 0.0), #(0.15289878472123788 1.2633781442295693e-5 0.0), #(0.1470103892592521 -1.2530618503764452e-5 0.0), #(0.011567861570637968 7.929340781060661e-6 0.0), #(0.07422329198353943 -4.791001019059442e-6 0.0), #(-0.09910896923118877 -2.0952453901023914e-6 0.0), #(-0.026370638999155892 3.6644925761009595e-6 0.0), #(-0.09446165431879928 -7.289299967770163e-7 0.0), #(-0.15204019791159953 1.502251461045292e-4 0.0), #(-0.1829487448869501 -1.3662832258023894e-4 0.0), #(-0.12437970363541834 -1.8864465412599476e-5 0.0), #(-0.09047843919095433 1.0982278731163436e-5 0.0), #(-0.016764439051674115 -3.3699072957692406e-6 0.0), #(-0.17541051396628862 4.344354072159257e-6 0.0), #(-0.09012377420894349 6.110413558959398e-7 0.0), #(-0.09655429418363658 5.575575832937459e-7 0.0), #(-0.08050650860983037 -3.311108961109934e-6 0.0), #(-0.1146927563993225 -2.1228900208376176e-6 0.0), #(-0.03126637738498388 2.093901709025307e-5 0.0), #(-0.14539379150266524 7.126925021124307e-6 0.0)
tevelocity:, 25, #(0.2749816218295793 -7.289779765822086e-7 0.0), #(0.3175557016302746 -2.6402012860961874e-5 0.0), #(0.3129604314089617 1.7195939365944956e-6 0.0), #(0.30470046551950614 2.771410384274835e-5 0.0), #(0.29517699797994407 -4.391764992777823e-6 0.0), #(0.27994216984477177 2.1752149634412103e-6 0.0), #(0.2700319168785522 -1.2630540065190225e-6 0.0), #(0.2497708071185907 -2.6852981275960266e-6 0.0), #(0.24357587188839971 5.238920351569105e-6 0.0), #(0.2068551938588459 -8.420219266490026e-5 0.0), #(0.19662816913680337 8.267242121153146e-5 0.0), #(0.14439861471830637 1.1776382742398988e-5 0.0), #(0.12559874994762318 -1.2569362513126422e-5 0.0), #(-0.03210394321744442 3.781249445004425e-6 0.0), #(0.05884563254846181 1.6051267074647287e-6 0.0), #(-0.07925266846418047 -5.232192683950071e-6 0.0), #(-0.04502870341631057 5.438390417536936e-6 0.0), #(-0.0981574771109059 -2.7907914475778302e-6 0.0), #(-0.164817681347583 1.515890966261602e-4 0.0), #(-0.1983351321568703 -1.311979628894192e-4 0.0), #(-0.11540968109443892 -2.296519142885077e-5 0.0), #(-0.09259576734445761 9.070716501858361e-6 0.0), #(-0.01714065607833597 -2.012566221602207e-6 0.0), #(-0.1694137744285799 4.1820521250565005e-6 0.0), #(-0.07830912774105274 1.0417396708840786e-6 0.0), #(-0.09931546553171462 1.99179137621797e-7 0.0), #(-0.05632926988116942 -2.8561703249492984e-6 0.0), #(-0.13241181195172833 -8.150216522167377e-7 0.0), #(0.009570262619749925 1.8426447447782625e-5 0.0), #(-0.16040165373794982 1.2319878266544593e-6 0.0)
tevelocity:, 26, #(0.2742567758675632 -7.139245979198999e-7 0.0), #(0.31656413758278207 -2.6586117778582564e-5 0.0), #(0.31188329560258277 1.8496128471645062e-6 0.0), #(0.30352429222425764 2.8015482539929047e-5 0.0), #(0.2936761321692313 -4.462856864039448e-6 0.0), #(0.27812950002634546 2.241911958596107e-6 0.0), #(0.2673010778893492 -1.3645968445921485e-6 0.0), #(0.2465548598514654 -4.004357817226101e-6 0.0), #(0.24012885972000458 6.393180268584219e-6 0.0), #(0.20221918580560455 -4.679598263164948e-5 0.0), #(0.18911821865402986 4.6196192867667146e-5 0.0), #(0.13482926546221172 1.1608986429860498e-5 0.0), #(0.08943584192544606 -1.1282106635011566e-5 0.0), #(-0.06584080265283458 1.0829074771582092e-6 0.0), #(0.04185775361066736 7.685108943110543e-6 0.0), #(-0.05046567147255398 -8.107658796644667e-6 0.0), #(-0.06449341965741133 1.1451510070946685e-5 0.0), #(-0.10789837032331738 -1.0081280472037302e-5 0.0), #(-0.17465794854826822 1.6391897805908816e-4 0.0), #(-0.21099039600235883 -1.4175268838350597e-4 0.0), #(-0.10667972523314716 -2.4402251763649304e-5 0.0), #(-0.09478952136735246 7.922393193769383e-6 0.0), #(-0.01714861823790517 -4.018052409110386e-6 0.0), #(-0.16204814383035362 4.478661126509267e-6 0.0), #(-0.06749745613924865 1.5206635718862476e-6 0.0), #(-0.0968770983532273 -3.7154080783827756e-7 0.0), #(-0.038035531465096556 -2.2573115303264635e-6 0.0), #(-0.12852389072697035 -7.608372116410598e-7 0.0), #(0.028882712307537958 1.499892545662412e-5 0.0), #(-0.15966776499358126 1.7434444136890621e-6 0.0)
tevelocity:, 27, #(0.2734246493536502 -7.060725422574581e-7 0.0), #(0.3155177103395055 -2.666589581049686e-5 0.0), #(0.3107379126720933 2.0708171275607533e-6 0.0), #(0.3022513773253539 2.8320665076594634e-5 0.0), #(0.29204420319147867 -4.543401874804843e-6 0.0), #(0.2761231608692273 2.288451311213712e-6 0.0), #(0.264289881941412 -1.4553423915751665e-6 0.0), #(0.24284530755948378 -5.995136139658995e-6 0.0), #(0.23627327672885873 8.406462690964041e-6 0.0), #(0.19699861872341262 -2.611542886569238e-5 0.0), #(0.18045913664920016 2.566134025147911e-5 0.0), #(0.12428746402890885 1.097373325666912e-5 0.0), #(0.02220714013873206 -1.0519900824572988e-5 0.0), #(-0.05965920768781365 -5.432170456438519e-7 0.0), #(0.022884962148475692 1.1426876379800908e-5 0.0), #(-0.02951321249633897 -1.0822465946031989e-5 0.0), #(-0.08652228169761149 3.530429624326499e-5 0.0), #(-0.12046668768748284 -4.0407477117133346e-5 0.0), #(-0.17911755706456087 2.4629239503049687e-4 0.0), #(-0.22141217485004525 -2.2127361470968012e-4 0.0), #(-0.09714875531727246 -2.012225584664405e-5 0.0), #(-0.0970568601884025 4.0164370121577804e-6 0.0), #(-0.017163513347901792 -2.5348184597581813e-6 0.0), #(-0.15354568143808647 3.7087440214610804e-6 0.0), #(-0.09036162285005608 1.3949886886284326e-6 0.0), #(-0.05912472221100641 -2.544487307208424e-7 0.0), #(-0.11607185695230512 -6.72764159036465e-7 0.0), #(-0.0260727405277488 -1.560287038934564e-6 0.0), #(-0.151063985394856 -4.250477040375051e-6 0.0), #(0.03693752615497345 1.6956464006576914e-5 0.0)
tevelocity:, 28, #(0.2724655128582485 -5.153902676509266e-7 0.0), #(0.31442448834357095 -3.0414815527271528e-5 0.0), #(0.3095308179914774 2.0235411378689173e-7 0.0), #(0.30088101139417023 2.7275822715473766e-5 0.0), #(0.2902647139855779 -4.820424478531097e-6 0.0), #(0.27388970934556073 3.0783406313874895e-6 0.0), #(0.2609499316104137 -1.6805263452002498e-6 0.0), #(0.23857198669324337 -1.0111892741885347e-5 0.0), #(0.23190428068962315 1.2337371328767553e-5 0.0), #(0.19111494954033317 -1.2919166186243587e-5 0.0), #(0.17009484178444617 1.3068454812380795e-5 0.0), #(0.11244640670711999 1.7934156815722145e-5 0.0), #(-0.07628312115766392 -1.5315344541770265e-5 0.0), #(-0.009139973746834517 -2.737155105120599e-6 0.0), #(0.0015756766390096128 1.2741554452615048e-5 0.0), #(-0.023847977723610147 -1.5006347867660154e-5 0.0), #(-0.11516269911022058 1.6541102937366308e-4 0.0), #(-0.132201558663809 -1.78741365622642e-4 0.0), #(-0.23017354669077034 4.458144092379713e-4 0.0), #(-0.172643430087521 -4.075902777598774e-4 0.0), #(-0.0858747315553034 -1.776257851095621e-5 0.0), #(-0.10003514742691041 2.7282954080539954e-6 0.0), #(-0.017327684501551803 -1.6734056670467199e-6 0.0), #(-0.14385428214517598 3.929037050030343e-6 0.0), #(-0.08131930809160196 4.063303311864155e-7 0.0), #(-0.05592441661083294 9.525752438864926e-7 0.0), #(-0.09618674378579023 -5.666018361801789e-7 0.0), #(-0.024708079287441394 -9.11594611577768e-7 0.0), #(-0.1314107740938706 -4.2502947549117e-6 0.0), #(0.02016895772202553 1.1474536527107526e-5 0.0)
tevelocity:, 29, #(0.2713145645614987 -9.640372880079267e-7 0.0), #(0.31325388082767497 -2.8904049190793823e-5 0.0), #(0.3082373353882326 3.0799072421233083e-6 0.0), #(0.29939842924348226 2.6103437658024463e-5 0.0), #(0.28833621943936605 -3.1334685399761988e-6 0.0), #(0.2714433898749133 8.828982880712975e-7 0.0), #(0.25728566586327695 -8.22514715077949e-7 0.0), #(0.23358385137338902 -1.3829604667674129e-5 0.0), #(0.22699385879851758 -3.2600887600036276e-5 0.0), #(0.18442872553227882 -1.0092122570322846e-4 0.0), #(0.1557384076389466 1.3402992085882143e-4 0.0), #(-0.1507322581412539 2.6970292269116946e-5 0.0), #(0.09908696644222886 9.535405026470288e-6 0.0), #(0.028609191357530275 -2.7939979687175773e-5 0.0), #(-0.02234944829131145 2.445213193696278e-5 0.0), #(-0.03413039707084013 -1.9703572408045805e-5 0.0), #(-0.15483537800633487 3.016330577091218e-4 0.0), #(-0.1390027129619729 -3.1065076269964117e-4 0.0), #(-0.23650806887819306 4.861652314181028e-5 0.0), #(-0.1498136230165621 1.2269099594401073e-5 0.0), #(-0.07291477917992625 -6.144653864247174e-5 0.0), #(-0.10357616121209394 -1.0549431170881915e-6 0.0), #(-0.017593720737942947 7.701608088588063e-6 0.0), #(-0.133080735432748 6.940369977267649e-6 0.0), #(-0.07090753825810314 -1.2499998120606069e-5 0.0), #(-0.06030449135138333 8.404730105822369e-6 0.0), #(-0.06784055110129354 1.3413655129244043e-5 0.0), #(-0.04714863249791046 -3.1078540330553144e-5 0.0), #(-0.08773527188001737 -1.914275352405166e-4 0.0), #(-0.06266543125606165 -4.0072899801786853e-4 0.0)
tevelocity:, 30, #(0.26990265873500807 -5.164010855215859e-7 0.0), #(0.3120191056350776 -3.0430863819785973e-5 0.0), #(0.30684331083271754 3.208897537045705e-7 0.0), #(0.2977667642059822 2.7844203505299912e-5 0.0), #(0.2861999844919438 -4.7024898739193165e-6 0.0), #(0.2686807440805718 3.374177533060902e-6 0.0), #(0.25312715972401784 -1.8367600378989856e-6 0.0), #(0.22147350008658348 -5.366576386461739e-5 0.0), #(0.22764099990326456 4.807750208972284e-5 0.0), #(0.17700775951848477 -5.497296229162586e-5 0.0), #(0.12413830439491852 6.179232192943238e-5 0.0), #(-0.17123611787708984 3.266494204250308e-6 0.0), #(0.0840540754383687 3.3887808238918876e-6 0.0), #(0.03243117450017067 -6.2519336581953505e-6 0.0), #(-0.04944332973996247 1.1898157539099518e-5 0.0), #(-0.06567765835024235 -1.2370339730969405e-5 0.0), #(-0.19299879807556533 1.1135977329076174e-4 0.0), #(-0.15618970657194564 -1.5045740312535108e-4 0.0), #(-0.21385157010312522 2.6395340104259077e-5 0.0), #(-0.12289408169095048 3.062930730622248e-5 0.0), #(-0.059453666854699994 -1.2768354668607666e-5 0.0), #(-0.10661384669714541 2.9166896549543845e-6 0.0), #(-0.017660160054699652 -9.728873706146202e-7 0.0), #(-0.12157429036660629 4.1252899304696576e-6 0.0), #(-0.059576623401685104 1.5179354697925964e-7 0.0), #(-0.06738410479306246 1.7003715445888098e-6 0.0), #(-0.0368289834759258 1.341026953928594e-6 0.0), #(-0.08947251118982451 1.7373290454734136e-6 0.0), #(-0.02410781161840226 4.2734215625524707e-5 0.0), #(-0.12479139795751923 7.766976762367048e-5 0.0)
tevelocity:, 31, #(0.2681825278518529 -4.77537896882102e-7 0.0), #(0.3106947989037446 -3.0597038793901e-5 0.0), #(0.30536047523243537 5.9464630464758565e-8 0.0), #(0.29600372567733096 2.8199744894427894e-5 0.0), #(0.2838607366613126 -4.912502335373765e-6 0.0), #(0.26560161860749854 3.0697888061914647e-6 0.0), #(0.24849043699283732 -1.7670619876279577e-6 0.0), #(0.2149752496824402 -1.5710027011129963e-5 0.0), #(0.2206877729726176 1.707565638287142e-5 0.0), #(0.16849851500984 -2.8860967785972504e-5 0.0), #(-0.065527756843146 1.7624695524993752e-5 0.0), #(-0.014858653887610247 1.2535446454630936e-5 0.0), #(0.06709895119301945 2.9248188632257223e-6 0.0), #(0.016532335374353474 -3.0935884556273622e-6 0.0), #(-0.07889040555956035 9.76482018053021e-6 0.0), #(-0.12041274728228937 -7.235513869036506e-6 0.0), #(-0.21654976649131344 5.013584400222798e-5 0.0), #(-0.24609488632029897 -3.960083977044638e-5 0.0), #(-0.09439459172776717 -2.90504660994835e-5 0.0), #(-0.10421997248672733 2.894334543475264e-5 0.0), #(-0.04499149229214501 -8.940315870048681e-6 0.0), #(-0.10986156150997285 2.2331652591828655e-6 0.0), #(-0.01772022791972271 -1.1947120332513554e-6 0.0), #(-0.1093678188878836 2.8250144274060557e-6 0.0), #(-0.04799618518028495 4.444655921043882e-7 0.0), #(-0.06878212699013335 5.547786487480384e-7 0.0), #(-0.012480788328722158 -6.204007881773742e-7 0.0), #(-0.10865038045622805 -1.5629332943980366e-6 0.0), #(0.017004003215630194 -5.887420842853469e-6 0.0), #(-0.13270507653297653 -5.706753375154899e-6 0.0)
tevelocity:, 32, #(0.26597402377099694 -6.958539177764972e-7 0.0), #(0.3093259852140735 -2.7150392221018196e-5 0.0), #(0.3037853530909538 4.852043816683619e-7 0.0), #(0.2941089039710808 2.9066298435891738e-5 0.0), #(0.28133332863586175 -5.2664940846481806e-6 0.0), #(0.2621980187384767 2.808641997791154e-6 0.0), #(0.24332047534831552 -1.9323155257749454e-6 0.0), #(0.2068610406816809 -1.0129524503010432e-5 0.0), #(0.21232650602477138 1.2630941439536022e-5 0.0), #(0.15863520121046104 -9.85198058854597e-6 0.0), #(-0.20785945233377384 2.353856659026848e-6 0.0), #(0.10282015894100215 7.290588122174747e-6 0.0), #(0.047890155336093164 2.4695671939173675e-6 0.0), #(-0.009871983991429417 -1.7373820016380211e-6 0.0), #(-0.10945538646367346 6.145586415859679e-6 0.0), #(-0.17140062018792884 -4.316908945872816e-6 0.0), #(-0.22951011551055053 2.631550536387348e-5 0.0), #(-0.2527514408652856 -1.6801298666987172e-5 0.0), #(-0.05780855999188816 -2.3860349477275913e-5 0.0), #(-0.09070656408100312 2.4420492463454493e-5 0.0), #(-0.030984412814320694 -6.1578836943627e-6 0.0), #(-0.11239574205896039 1.4913523891640553e-6 0.0), #(-0.017306221367675262 -6.563493386450291e-7 0.0), #(-0.09682994844693059 2.308684602104803e-6 0.0), #(-0.03674529802858558 5.905803831928104e-7 0.0), #(-0.06375486246236034 1.7797293746319553e-7 0.0), #(-0.10752069001478427 -8.676205908133666e-5 0.0), #(0.0026583682933824506 8.47797721506205e-5 0.0), #(0.039062389243252296 -8.913514596851415e-7 0.0), #(-0.12471987644715093 -3.0157398317064415e-6 0.0)
tevelocity:, 33, #(0.26293836568701656 -5.520065831766022e-7 0.0), #(0.30783643272446604 -2.8637306390956816e-5 0.0), #(0.30205451680304995 -2.8664697314483916e-7 0.0), #(0.29196831169370613 2.899659632009589e-5 0.0), #(0.27842437832678113 -5.167123593817587e-6 0.0), #(0.25817144005853276 3.845866816575688e-6 0.0), #(0.2373465355705395 -2.051857480187713e-6 0.0), #(0.1917074542181897 -1.1843988305440089e-5 0.0), #(0.20215853154039434 1.4927530917871605e-5 0.0), #(0.14782196582067403 -2.332735442419074e-6 0.0), #(-0.22066266425391698 2.406410886187483e-6 0.0), #(0.10048339562426886 -7.124423252453187e-7 0.0), #(0.0258130063792504 1.9071082808644978e-6 0.0), #(-0.042654257780675685 -2.6846960550331986e-7 0.0), #(-0.14316499861598214 4.1938126647768145e-6 0.0), #(-0.2328952577642127 -3.236244302411223e-5 0.0), #(-0.2317239885353578 1.3052954614084898e-5 0.0), #(-0.2229138567593966 2.2420729074534203e-5 0.0), #(-0.041484316542893404 -1.908829972312903e-5 0.0), #(-0.07925998767757772 2.080547195426168e-5 0.0), #(-0.01801257742016251 -7.268323896430767e-6 0.0), #(-0.11342981291520822 2.6478784256137474e-6 0.0), #(-0.016742913473325533 -1.5013213394988858e-6 0.0), #(-0.08426137184141202 1.777123420938868e-6 0.0), #(-0.055090474173587936 -1.9810592728558832e-7 0.0), #(-0.02696290534164188 7.497842434534572e-7 0.0), #(-0.09765327639842031 -1.8753415755774884e-6 0.0), #(0.008737533869498229 3.279951160036252e-7 0.0), #(-0.10768366896019771 -3.13868536077337e-6 0.0), #(0.05424050485835112 -6.019252281419555e-7 0.0)
tevelocity:, 34, #(0.25894385437690176 -1.4862440235489667e-5 0.0), #(0.30624884893683435 -3.109420732279624e-5 0.0), #(0.3001902594166913 2.9226465217919337e-6 0.0), #(0.28961971896959304 2.8744523134393194e-5 0.0), #(0.27521980447053296 -4.700129922884853e-6 0.0), #(0.25342309916916844 -6.482561561129187e-6 0.0), #(0.2303859117378996 -2.2581811424674455e-6 0.0), #(-0.1121248059406671 -9.103981153533295e-6 0.0), #(0.1897154388930666 4.230317366817792e-5 0.0), #(0.06882301071849639 -8.153466717214131e-5 0.0), #(0.1349988296933037 1.440234811843719e-4 0.0), #(0.08376997654857872 3.8083795603543765e-7 0.0), #(-5.476006892177656e-4 2.5864157910525305e-5 0.0), #(-0.08521794445941219 1.4481457152677283e-6 0.0), #(-0.25839087134536 -4.032911745352136e-5 0.0), #(-0.21292545801495316 1.6568975935002667e-5 0.0), #(-0.18948966518583346 9.814235043568523e-6 0.0), #(-0.20669286494708064 1.6423607148877932e-5 0.0), #(-0.033841787838404296 -1.5387278949574543e-5 0.0), #(-0.06824341024068953 8.32127763376358e-5 0.0), #(-0.006769232007007004 -1.6040429951148842e-4 0.0), #(-0.11311813956243956 8.854369118908773e-6 0.0), #(-0.016009821292417792 -1.0989431868436997e-5 0.0), #(-0.07170609647894792 6.791502636591197e-7 0.0), #(-0.04467686584456647 -4.513688796489809e-7 0.0), #(-0.021733386843124366 5.862281482085699e-7 0.0), #(-0.07955623453304517 5.004446289180831e-7 0.0), #(-7.286146586155908e-5 8.362728741603032e-7 0.0), #(-0.07622960305047886 -4.093530678961727e-6 0.0), #(0.06605154072096439 1.922861673122214e-7 0.0)
tevelocity:, 35, #(0.2532137188302981 -2.115386982924344e-7 0.0), #(0.30459014000551715 -3.3483958962059735e-5 0.0), #(0.2982110861438913 1.2753428020117985e-6 0.0), #(0.2869861504497377 2.7823446959751536e-5 0.0), #(0.27159379643537934 -4.648361280485025e-6 0.0), #(0.24601132721420058 3.2846000724866193e-6 0.0), #(0.22213095941284522 1.171895847804153e-6 0.0), #(-0.22685203421985548 -3.541160658826125e-6 0.0), #(0.17503517053518777 0.0031780390467354225 0.0), #(0.17521689850602898 -0.003185958305364611 0.0), #(0.11965629250181377 6.178504653616058e-6 0.0), #(0.05973153298041066 6.856368948745752e-7 0.0), #(-0.04195883077387437 3.967863956820371e-7 0.0), #(-0.2563872564453369 -3.7332799845125734e-5 0.0), #(-0.23628052320564882 1.659576772005647e-5 0.0), #(-0.15798338897388944 1.9164640589984057e-5 0.0), #(-0.17672443947589211 7.828268829340684e-6 0.0), #(-0.173272090590428 1.3934574399755383e-7 0.0), #(-0.028446223985748677 -1.3662180079583526e-5 0.0), #(-0.05907611520455815 1.7259122215260588e-5 0.0), #(9.983942691729835e-4 -5.673291156576193e-7 0.0), #(-0.10887494354362283 6.774537558933462e-7 0.0), #(-0.06010538129417439 7.724839797945266e-7 0.0), #(-0.01478176186759571 -2.146743610980714e-6 0.0), #(-0.033549702741205355 -6.560012687297714e-7 0.0), #(-0.02702166023747296 2.481166443530124e-7 0.0), #(-0.04898515706844926 -6.21026105225373e-7 0.0), #(-0.028402374990332702 1.01696280328453e-6 0.0), #(-0.025260969642727952 -1.0544019448256844e-5 0.0), #(0.05150858761875706 -2.2257551355618378e-7 0.0)
tevelocity:, 36, #(0.24461789777734275 -4.366895713755285e-7 0.0), #(0.30274253527708134 -3.0943727683065265e-5 0.0), #(0.2959559555594692 6.676380462434153e-6 0.0), #(0.28363308304394885 2.214482129374804e-5 0.0), #(0.2673248059127954 -1.0380376986659421e-5 0.0), #(0.019500316339993433 5.35311943401831e-6 0.0), #(-0.005580240542151226 1.7723521680371397e-6 0.0), #(0.21191564856027498 1.2641750623461039e-6 0.0), #(0.15696745940438903 7.636789112593049e-5 0.0), #(0.165772165938586 -6.322708863884245e-5 0.0), #(0.09979347461838525 2.2206921728906146e-5 0.0), #(0.01442414230202156 -8.15889580849699e-6 0.0), #(-0.26410997511622447 -3.435060959619462e-5 0.0), #(-0.22324387086845893 8.804712829267624e-6 0.0), #(-0.11158222528206412 -6.543876679291374e-6 0.0), #(-0.20624954592451278 2.167103789942281e-5 0.0), #(-0.15767642626747266 2.1236305354121114e-6 0.0), #(-0.13441975482520882 5.363862651340211e-6 0.0), #(-0.025244801954068436 -2.071888983732559e-5 0.0), #(-0.04920863490364473 3.8821127024147656e-5 0.0), #(0.006724392132804188 -3.4195112184741084e-5 0.0), #(-0.10181906017719154 2.5996078756836617e-5 0.0), #(-0.048727080386235 2.1257896552546728e-5 0.0), #(-0.013068406146501269 -2.990003129844675e-7 0.0), #(-0.022530454912150232 6.903099257229131e-7 0.0), #(-0.040350190055654 1.3016583882289517e-6 0.0), #(-0.009247901581680667 -1.982231232214765e-6 0.0), #(-0.05630804059027154 7.434692846384569e-5 0.0), #(0.024293051389035012 -1.2337039125631507e-5 0.0), #(-0.1425470543614547 5.874550171205312e-5 0.0)
tevelocity:, 37, #(0.23103902645921243 -2.9123107992980124e-7 0.0), #(0.3006735057709086 -2.9531596466923242e-5 0.0), #(0.2934468129679917 1.183352630285998e-6 0.0), #(0.27308892409085284 2.7418538978255612e-5 0.0), #(-0.2094598338228369 2.473857542385618e-6 0.0), #(0.2620670736124057 -8.3799582883112e-6 0.0), #(0.2327172938671255 4.15579349134613e-6 0.0), #(0.1978581443680948 -3.0677817183086174e-6 0.0), #(0.13556784531912933 2.1798619720527662e-5 0.0), #(0.1469020147287663 -2.1782204089627867e-5 0.0), #(0.05120248677009866 1.0980117264290094e-6 0.0), #(-0.26900380086197406 -4.183730055308277e-5 0.0), #(-0.23608632863815632 1.175689583623339e-5 0.0), #(-0.1222143878223714 2.3780465165710657e-5 0.0), #(-0.12046522826382285 8.943678176468286e-6 0.0), #(-0.16182717208370215 -1.0478959277900775e-6 0.0), #(-0.10251722030960543 6.210105963974908e-7 0.0), #(-0.12838671564928897 8.580034992176807e-7 0.0), #(-0.021028995355828157 -1.0171055935729645e-5 0.0), #(-0.03985374303100301 1.2430557659874844e-5 0.0), #(0.008849811831293138 -3.3108299594160355e-6 0.0), #(-0.08972084781106338 2.311577541365955e-7 0.0), #(-0.03812000885008952 3.496952191625985e-8 0.0), #(-0.011131630227703393 -3.796797044050318e-6 0.0), #(-0.012250195765408058 -1.2773535151422027e-6 0.0), #(-0.044327559661026056 -6.438430707814253e-7 0.0), #(0.021565031300290364 8.159242874433421e-7 0.0), #(-0.06494945743028215 -2.186574287494467e-6 0.0), #(0.05437962287443857 -9.198699429124478e-6 0.0), #(-0.133691159762307 1.4060307667213711e-5 0.0)
tevelocity:, 38, #(0.20820287633054674 1.548490436626787e-7 0.0), #(0.27977654659543216 -3.136583630190896e-5 0.0), #(-0.17769680390370837 2.5497245875890244e-6 0.0), #(0.2905605256248624 -4.444626166641865e-6 0.0), #(0.27319005899531945 2.905420946283107e-5 0.0), #(0.25500429455090623 -6.4331484727960356e-6 0.0), #(0.22469082840032348 3.884679625055091e-6 0.0), #(0.1735791622055679 -3.428579324035615e-6 0.0), #(0.1080758234388027 1.3543296875893288e-5 0.0), #(0.06801222913541742 -9.224564879445591e-6 0.0), #(-0.2443731082335866 -4.754637391572971e-5 0.0), #(-0.24391197805606787 1.5065150252208318e-5 0.0), #(-0.20633248405000332 3.312185194873351e-5 0.0), #(-0.03154160521893942 6.748889940412974e-7 0.0), #(-0.12511005266410538 -3.3977098057823298e-6 0.0), #(-0.08774852623564885 5.718177029774558e-7 0.0), #(-0.08715057751219683 8.776776961135151e-7 0.0), #(-0.09108315804475497 -3.8500999600638924e-7 0.0), #(-0.01675613126694573 -9.629262492633014e-6 0.0), #(-0.029764577417683527 1.0815743759449324e-5 0.0), #(0.008918529277421474 -7.378960653548506e-7 0.0), #(-0.07345134378106381 2.4063508572311653e-6 0.0), #(-0.02812596760391003 -7.673789319442935e-8 0.0), #(-0.008576766992254415 -2.0886205582271035e-6 0.0), #(-0.03799588049019987 -1.1033666402898062e-6 0.0), #(-0.0035619944455757965 -4.835577976476592e-7 0.0), #(0.0421749734073587 1.747344251700669e-6 0.0), #(-0.05979860950833588 -1.6630629628396713e-6 0.0), #(-0.12298213099482361 -7.944714458402264e-6 0.0), #(0.06997320551233678 7.332913272975209e-6 0.0)
tevelocity:, 39, #(0.16815330237537474 3.811802236867903e-7 0.0), #(-0.16258285410771983 -4.4524623378654075e-7 0.0), #(0.296074931917329 -3.4807903245751225e-5 0.0), #(0.2867835283877631 3.47602682930045e-6 0.0), #(0.2708120566226691 2.889781485975433e-5 0.0), #(0.24256885553021595 -5.145274665026025e-6 0.0), #(0.20108175668366374 5.660055169676769e-6 0.0), #(0.0668198736895185 -1.0418308809309574e-5 0.0), #(-0.2766689042822116 -2.7661202231117257e-5 0.0), #(-0.1963074925371506 3.1998284332679457e-6 0.0), #(-0.16851218582451225 2.709521069260257e-5 0.0), #(0.08582722123927167 8.387517409905515e-6 0.0), #(0.0016047786403753893 3.820134327245253e-6 0.0), #(-0.169873235164281 -5.521772082798944e-6 0.0), #(-0.11406467293151756 3.248570414012853e-6 0.0), #(-0.016657150611469405 -2.76957994006381e-7 0.0), #(-0.07203547121501681 -7.083602595920202e-7 0.0), #(-0.0491901584964424 -1.2935498059611565e-7 0.0), #(-0.011538287744757183 -8.892688832973399e-6 0.0), #(-0.020044814725588972 9.445734734427506e-6 0.0), #(0.007016264389410396 -1.3301412896565842e-7 0.0), #(-0.052103713912896484 4.679611206914156e-6 0.0), #(-0.018612466266484776 -4.78282865584764e-7 0.0), #(-0.006048269547489299 -1.7979203639409897e-6 0.0), #(-0.02686529161856712 -7.708795570195747e-7 0.0), #(0.002264960318095258 -5.428541683286224e-7 0.0), #(-0.046257377942663956 -3.3322637552579226e-6 0.0), #(0.056631524855560236 2.0989010341458545e-6 0.0), #(-0.10952409067038012 -1.7746954433499875e-6 0.0), #(0.07345076603630657 1.4449795169115298e-6 0.0)
tevelocity:, 40, #(0.09917266405804746 9.540016334750751e-7 0.0), #(-0.0967141815571744 -1.0727382922042585e-6 0.0), #(0.2932761999438516 -3.2219808660385085e-5 0.0), #(0.27986204418783944 3.6050965572759673e-6 0.0), #(0.2569086851025229 2.681041905672988e-5 0.0), #(0.17590255958359405 -6.5557605182555085e-6 0.0), #(-0.2725848749912323 -3.568081673150968e-5 0.0), #(-0.21299414271001987 1.423634538908227e-5 0.0), #(0.011368789628883753 3.0577294871296772e-6 0.0), #(-0.038858808894246845 1.001053391461339e-5 0.0), #(-0.07887760021181371 1.5134580791973731e-5 0.0), #(-0.07771172861534055 -3.795372707649029e-6 0.0), #(-0.09304492030597483 6.104665485964068e-6 0.0), #(0.08059293505371379 -2.277723477712878e-6 0.0), #(0.004718913842002316 1.130657403917678e-6 0.0), #(-0.07741684009126466 -1.0176728317307534e-6 0.0), #(-0.014297864116726879 -1.0303585787713261e-7 0.0), #(-0.04069035405909985 -6.342914471310033e-8 0.0), #(-0.005923377315042079 -8.926296854287085e-6 0.0), #(-0.010175105163731296 9.267338684478057e-6 0.0), #(0.0038793908651202596 -2.2190652631008494e-6 0.0), #(-0.027151599233729798 6.586632947245385e-6 0.0), #(-0.00918601027731403 -6.030933355157875e-7 0.0), #(-0.0030327681898542572 -2.7718754129293762e-6 0.0), #(-0.013850240064566682 -5.039151645797484e-7 0.0), #(0.0034280227126667895 -2.531947327434886e-7 0.0), #(-0.025970113272201615 -4.478528443491145e-6 0.0), #(0.06061367136109047 1.4302590209716549e-6 0.0), #(-0.08697648603587324 1.2133256504770322e-6 0.0), #(0.05630890431128886 1.870538063897308e-6 0.0)
tevelocity:, 41, #(1.4937742740460696e-5 6.740214613174353e-7 0.0), #(-3.3300016320808606e-5 -1.5129734019271336e-6 0.0), #(0.061060366736576055 -3.8098791309591156e-5 0.0), #(-0.06075614070193734 -3.33488885655671e-5 0.0), #(0.01593238681836452 8.154944292863213e-6 0.0), #(-0.015278657438396008 7.59288102502945e-6 0.0), #(0.008431205426931258 2.2957624697517637e-5 0.0), #(-0.0082013111016603 2.950477203357999e-5 0.0), #(0.0030927654810241007 5.858893211351807e-7 0.0), #(-0.001023227018691809 -4.226420150587066e-6 0.0), #(0.0027867790548814137 1.9575506659217063e-6 0.0), #(-0.0019757671620076254 -1.99895009589372e-6 0.0), #(-0.002574183087676265 5.575033107145297e-6 0.0), #(0.001804681376079373 7.644931126776591e-7 0.0), #(-0.0019378378074449776 -2.0962758712408394e-6 0.0), #(4.3479767337205414e-4 -1.1375158038469371e-7 0.0), #(-4.2330208304579834e-4 2.468964154177688e-7 0.0), #(-3.611763270865142e-5 9.791354417172501e-8 0.0), #(-2.3250323535011755e-4 -9.275186605937617e-6 0.0), #(-1.153779761386555e-4 9.636910983552674e-6 0.0), #(2.8058417924643053e-4 6.192495303612225e-6 0.0), #(-2.7454749362590814e-5 -1.4805304151479889e-6 0.0), #(-1.1334849154142749e-4 -7.126556680894904e-7 0.0), #(9.714503004927784e-5 -4.174045923925457e-6 0.0), #(-7.80040239354698e-5 -2.2209628109168493e-7 0.0), #(2.1120025779247558e-4 -3.99222237513655e-8 0.0), #(-3.840316608573095e-4 -5.911911825122512e-6 0.0), #(0.002125696044188883 -6.361435521412448e-7 0.0), #(-0.0024099661660828787 5.278846423326914e-6 0.0), #(0.0013931615528233467 5.593330821646395e-6 0.0)
